date,SPX,DJI,NDX,RUT
2000-01-03,1455.22,11357.51,3790.55,496.42
2000-01-04,1399.42,10997.94,3546.2,478.38
2000-01-05,1402.11,11122.66,3507.31,478.83
2000-01-06,1403.45,11253.27,3340.81,475.34
2000-01-07,1441.47,11522.56,3529.6,488.31
2000-01-10,1457.6,11572.2,3717.41,501.89
2000-01-11,1438.56,11511.09,3544.35,492.61
2000-01-12,1432.25,11551.11,3478.14,490.04
2000-01-13,1449.68,11582.44,3612.08,501.19
2000-01-14,1465.15,11722.98,3704.74,507.56
2000-01-18,1455.14,11560.73,3757.78,513.46
2000-01-19,1455.9,11489.37,3790.89,520.02
2000-01-20,1445.57,11351.3,3841.74,527.28
2000-01-21,1441.36,11251.72,3849.96,533.94
2000-01-24,1401.53,11008.17,3660.96,522.95
2000-01-25,1410.03,11029.89,3759.11,521.59
2000-01-26,1404.09,11032.99,3621.21,521.04
2000-01-27,1398.56,11028.03,3593.15,517.02
2000-01-28,1360.16,10738.88,3446.13,504.62
2000-01-31,1394.46,10940.54,3570.05,496.23
2000-02-01,1409.28,11041.06,3701.78,503.75
2000-02-02,1409.12,11003.21,3724.46,509.89
2000-02-03,1424.97,11013.45,3851.16,521.63
2000-02-04,1424.37,10963.81,3874.37,525.52
2000-02-07,1424.24,10905.79,3933.34,532.39
2000-02-08,1441.72,10957.61,4062.77,537.49
2000-02-09,1411.7,10699.17,3968.46,536
2000-02-10,1416.83,10643.64,4090,542.21
2000-02-11,1387.12,10425.22,3968.89,537.1
2000-02-14,1389.94,10519.85,3986.13,539.94
2000-02-15,1402.05,10718.1,3997.03,540.24
2000-02-16,1387.67,10561.42,3997.97,547.76
2000-02-17,1388.26,10514.57,4125.38,558.42
2000-02-18,1346.09,10219.53,3965.75,545.68
2000-02-22,1352.17,10304.85,3969.13,540.95
2000-02-23,1360.69,10225.73,4170.09,549.91
2000-02-24,1353.43,10092.64,4253.05,554.04
2000-02-25,1333.36,9862.12,4178.58,556.74
2000-02-28,1348.05,10038.66,4162.13,557.68
2000-02-29,1366.42,10128.31,4266.94,577.71
2000-03-01,1379.19,10137.93,4309.01,588.35
2000-03-02,1381.76,10164.92,4234.26,584.04
2000-03-03,1409.17,10367.2,4442.87,597.88
2000-03-06,1391.28,10170.51,4457.18,601.64
2000-03-07,1355.62,9796.04,4390.83,595.47
2000-03-08,1366.7,9856.54,4445.68,594.68
2000-03-09,1401.69,10010.73,4586.26,606.05
2000-03-10,1395.07,9928.83,4587.16,603.81
2000-03-13,1383.62,9947.13,4426.8,590.14
2000-03-14,1359.15,9811.24,4226.99,572.99
2000-03-15,1392.15,10131.42,4130.01,558.87
2000-03-16,1458.47,10630.61,4353.33,574.24
2000-03-17,1464.47,10595.24,4440.45,574.77
2000-03-20,1456.63,10680.25,4261.15,549.2
2000-03-21,1493.87,10907.35,4449.33,552.79
2000-03-22,1500.64,10866.7,4596.81,571.19
2000-03-23,1527.35,11119.86,4660.62,573.79
2000-03-24,1527.46,11112.73,4691.61,574.01
2000-03-27,1523.86,11025.86,4704.73,573.65
2000-03-28,1507.73,10936.12,4583.39,559.04
2000-03-29,1508.52,11018.72,4413.92,543
2000-03-30,1487.92,10980.25,4250.19,531.57
2000-03-31,1498.58,10921.93,4397.84,539.09
2000-04-03,1505.97,11221.94,4077.02,516.04
2000-04-04,1494.73,11164.85,4034.17,506.12
2000-04-05,1487.37,11033.93,4030.26,518.04
2000-04-06,1501.34,11114.28,4086.73,532.5
2000-04-07,1516.35,11111.49,4291.53,542.99
2000-04-10,1504.46,11186.57,3998.26,518.66
2000-04-11,1500.59,11287.09,3909.21,510.13
2000-04-12,1467.17,11125.14,3633.63,493.44
2000-04-13,1440.51,10923.55,3553.81,489.22
2000-04-14,1356.56,10305.78,3205.7,453.72
2000-04-17,1401.44,10582.52,3529.45,459.26
2000-04-18,1441.61,10767.42,3715.81,486.09
2000-04-19,1427.47,10674.97,3583.07,486.23
2000-04-20,1434.54,10844.06,3505.29,481.84
2000-04-24,1429.86,10906.1,3353.53,468.54
2000-04-25,1477.44,11124.83,3621.56,489.03
2000-04-26,1460.99,10945.5,3505.71,484.24
2000-04-27,1464.92,10888.11,3692.57,494.58
2000-04-28,1452.43,10733.92,3773.18,506.25
2000-05-01,1468.25,10811.79,3829.29,518.93
2000-05-02,1446.29,10731.13,3627.31,505.35
2000-05-03,1415.1,10480.13,3562.16,495.56
2000-05-04,1409.57,10412.5,3570.73,501.91
2000-05-05,1432.63,10577.86,3688.36,512.84
2000-05-08,1424.17,10603.64,3521.6,500.08
2000-05-09,1412.14,10536.75,3444.64,490.86
2000-05-10,1383.05,10367.79,3244.73,474.28
2000-05-11,1407.81,10545.97,3381.57,489.39
2000-05-12,1420.96,10609.37,3406.25,490.94
2000-05-15,1452.36,10807.78,3512.11,497.81
2000-05-16,1466.04,10934.57,3646.89,505.98
2000-05-17,1447.8,10769.74,3550.5,499.66
2000-05-18,1437.21,10777.28,3426.35,490.95
2000-05-19,1406.95,10626.86,3260.64,479.7
2000-05-22,1400.72,10542.55,3264.71,471.67
2000-05-23,1373.86,10422.28,3023.42,459.01
2000-05-24,1399.05,10535.35,3180.31,461.74
2000-05-25,1381.52,10323.92,3099.28,456.17
2000-05-26,1378.02,10299.24,3101.44,457.37
2000-05-30,1422.45,10527.14,3414.03,476.7
2000-05-31,1420.6,10522.34,3324.08,476.18
2000-06-01,1448.81,10652.2,3518.98,492.47
2000-06-02,1477.26,10794.76,3755.67,513.03
2000-06-05,1467.63,10815.31,3730.31,513.3
2000-06-06,1457.84,10735.58,3646.32,511.65
2000-06-07,1471.36,10812.87,3736.01,516.54
2000-06-08,1461.67,10668.73,3707.31,514.54
2000-06-09,1456.95,10614.07,3760.26,523.06
2000-06-12,1446,10564.21,3638.42,508.51
2000-06-13,1469.44,10621.85,3765.81,513.75
2000-06-14,1470.54,10687.96,3677.49,509.67
2000-06-15,1478.73,10714.83,3752.01,512.25
2000-06-16,1464.46,10449.31,3787.36,513.74
2000-06-19,1486,10557.85,3933.7,522.79
2000-06-20,1475.95,10435.17,3933.83,525.69
2000-06-21,1479.13,10497.75,3970,527.61
2000-06-22,1452.18,10376.12,3804.11,515.01
2000-06-23,1441.48,10404.76,3685.3,510.41
2000-06-26,1455.31,10543,3771.45,516.36
2000-06-27,1450.55,10504.47,3699,508.08
2000-06-28,1454.82,10527.8,3771.06,520.99
2000-06-29,1442.39,10398.04,3665.83,512.58
2000-06-30,1454.6,10447.9,3763.79,517.23
2000-07-03,1469.54,10560.68,3804.78,524.04
2000-07-05,1446.23,10483.6,3649.8,518.25
2000-07-06,1456.67,10481.48,3793.48,523.32
2000-07-07,1478.9,10635.99,3841.27,528.22
2000-07-10,1475.62,10646.59,3772.2,530.83
2000-07-11,1480.88,10727.19,3744.53,529.74
2000-07-12,1492.92,10783.42,3901.12,540.25
2000-07-13,1495.84,10788.72,3956.67,542.76
2000-07-14,1509.98,10812.75,4041.15,542.63
2000-07-17,1510.49,10804.27,4061.88,545.18
2000-07-18,1493.74,10739.92,3960.96,536.28
2000-07-19,1481.96,10696.08,3843.98,527.86
2000-07-20,1495.57,10843.87,3995.46,534.75
2000-07-21,1480.19,10733.56,3908.75,522.7
2000-07-24,1464.29,10685.12,3790.62,514.25
2000-07-25,1474.47,10699.97,3865.39,514.33
2000-07-26,1452.42,10516.48,3818.28,513.81
2000-07-27,1449.62,10586.13,3681.63,501.61
2000-07-28,1419.89,10511.17,3477.31,490.22
2000-07-31,1430.83,10521.98,3609.35,500.64
2000-08-01,1438.1,10606.95,3521.15,497.77
2000-08-02,1438.7,10687.53,3490.34,500.22
2000-08-03,1452.56,10706.58,3623.5,499.45
2000-08-04,1462.93,10767.75,3618.63,503.63
2000-08-07,1479.32,10867.01,3710.39,509.87
2000-08-08,1482.8,10976.89,3686.37,508.72
2000-08-09,1472.87,10905.83,3693.04,507.5
2000-08-10,1460.25,10908.76,3595.19,501.65
2000-08-11,1471.84,11027.8,3644.61,510.27
2000-08-14,1491.56,11176.14,3719.61,514.48
2000-08-15,1484.43,11067,3722.62,509.93
2000-08-16,1479.85,11008.39,3721.25,512.74
2000-08-17,1496.07,11055.64,3830.59,516.46
2000-08-18,1491.72,11046.48,3807.51,515.51
2000-08-21,1499.48,11079.81,3827.62,516.45
2000-08-22,1498.13,11139.15,3827.89,517.46
2000-08-23,1505.97,11144.65,3896.92,517.88
2000-08-24,1508.31,11182.74,3949.57,523.3
2000-08-25,1506.45,11192.63,3931.25,525.11
2000-08-28,1514.09,11252.84,3954.24,526.48
2000-08-29,1509.84,11215.1,3951.94,529.63
2000-08-30,1502.59,11103.01,3968.73,532.33
2000-08-31,1517.68,11215.1,4077.59,537.89
2000-09-01,1520.77,11238.78,4099.3,541.91
2000-09-05,1507.08,11260.61,3987.03,539.02
2000-09-06,1492.25,11310.64,3837.62,536.32
2000-09-07,1502.51,11259.87,3953.36,542.82
2000-09-08,1494.5,11220.65,3813.44,535.7
2000-09-11,1489.26,11195.49,3706.74,533.62
2000-09-12,1481.99,11233.23,3666.87,532.43
2000-09-13,1484.91,11182.18,3741.75,534
2000-09-14,1480.87,11087.47,3737.42,539.21
2000-09-15,1465.81,10927,3676.33,530.88
2000-09-18,1444.51,10808.52,3585.52,516.68
2000-09-19,1459.9,10789.29,3756.4,523.31
2000-09-20,1451.34,10687.92,3790.45,521.43
2000-09-21,1449.05,10765.52,3718.15,514.35
2000-09-22,1448.72,10847.37,3701.18,518.82
2000-09-25,1439.03,10808.15,3622.1,515.38
2000-09-26,1427.21,10631.32,3582.59,509.89
2000-09-27,1426.57,10628.36,3571.9,508.13
2000-09-28,1458.29,10824.06,3725.15,523.81
2000-09-29,1436.51,10650.92,3570.61,521.37
2000-10-02,1436.23,10700.13,3457.97,511.67
2000-10-03,1426.46,10719.74,3353.34,504.67
2000-10-04,1434.32,10784.48,3453.36,507.49
2000-10-05,1436.28,10724.92,3424.32,502.67
2000-10-06,1408.99,10596.54,3311.94,491.02
2000-10-09,1402.03,10568.43,3318.9,489.53
2000-10-10,1387.02,10524.4,3188.29,481.63
2000-10-11,1364.59,10413.79,3100.53,474.74
2000-10-12,1329.78,10034.58,3004.45,462.97
2000-10-13,1374.17,10192.18,3277.77,480.39
2000-10-16,1374.62,10238.8,3249.46,481.75
2000-10-17,1349.97,10089.71,3172.19,470.88
2000-10-18,1342.13,9975.02,3139.31,466.21
2000-10-19,1388.76,10142.98,3402.95,481.3
2000-10-20,1396.93,10226.59,3456.61,487.45
2000-10-23,1395.78,10271.72,3422,489.96
2000-10-24,1398.13,10393.07,3353.26,487.85
2000-10-25,1364.9,10326.48,3107.61,475.21
2000-10-26,1364.44,10380.12,3167.14,479.76
2000-10-27,1379.58,10590.62,3175.25,479.85
2000-10-30,1398.66,10835.77,3081.07,482.72
2000-10-31,1429.4,10971.14,3282.3,497.68
2000-11-01,1421.22,10899.47,3225.27,495.18
2000-11-02,1428.32,10880.51,3308.48,506.97
2000-11-03,1426.69,10817.95,3321.91,507.75
2000-11-06,1432.19,10977.21,3290.47,503.96
2000-11-07,1431.87,10952.18,3279.57,506.01
2000-11-08,1409.28,10907.06,3059.09,500.68
2000-11-09,1400.14,10834.25,3057.06,495.33
2000-11-10,1365.98,10602.95,2890.26,480.9
2000-11-13,1351.26,10517.25,2836.62,476.55
2000-11-14,1382.95,10681.06,3039.5,486.91
2000-11-15,1389.81,10707.6,3076.7,491.79
2000-11-16,1372.32,10656.03,2925.16,481.64
2000-11-17,1367.72,10629.87,2934.81,482.61
2000-11-20,1342.62,10462.65,2792.41,470.24
2000-11-21,1347.35,10494.5,2786.53,466.79
2000-11-22,1322.36,10399.32,2668.25,457.9
2000-11-24,1341.77,10470.23,2830.09,471.87
2000-11-27,1348.97,10546.07,2769.32,471.7
2000-11-28,1336.09,10507.58,2621.11,459.02
2000-11-29,1341.91,10629.11,2602.85,454.6
2000-11-30,1314.95,10414.49,2506.54,445.94
2000-12-01,1315.23,10373.54,2549.74,456.84
2000-12-04,1324.97,10560.1,2554.4,450.39
2000-12-05,1376.54,10898.72,2852.87,471.17
2000-12-06,1351.46,10664.38,2743.7,463.54
2000-12-07,1343.55,10617.36,2719.91,461.1
2000-12-08,1369.89,10712.91,2895.39,479.07
2000-12-11,1380.2,10725.8,2972.91,487.23
2000-12-12,1371.18,10768.27,2863.21,477.76
2000-12-13,1359.99,10794.44,2748.88,469.91
2000-12-14,1340.93,10674.99,2639.26,461.82
2000-12-15,1312.15,10434.96,2549.48,458.03
2000-12-18,1322.74,10645.42,2543.09,463.25
2000-12-19,1305.6,10584.37,2399.63,458.78
2000-12-20,1264.74,10318.93,2210.32,443.8
2000-12-21,1274.86,10487.29,2224.84,447.03
2000-12-22,1305.97,10635.56,2436.26,462.99
2000-12-26,1315.19,10692.44,2404.6,466.63
2000-12-27,1328.92,10803.16,2460.21,479.3
2000-12-28,1334.22,10868.76,2464.62,494.03
2000-12-29,1320.28,10786.85,2341.7,483.53
2001-01-02,1283.27,10646.15,2128.78,462.49
2001-01-03,1347.56,10945.75,2528.38,484.39
2001-01-04,1333.34,10912.41,2460.04,477.2
2001-01-05,1298.35,10662.01,2267.85,463.14
2001-01-08,1295.86,10621.35,2281.54,461.64
2001-01-09,1300.8,10572.55,2311.4,463.95
2001-01-10,1313.27,10604.27,2413.71,475.45
2001-01-11,1326.82,10609.55,2524.29,483.86
2001-01-12,1318.32,10525.38,2506.05,485.75
2001-01-16,1326.65,10652.66,2470.72,493.28
2001-01-17,1329.47,10584.34,2558.67,493.46
2001-01-18,1347.97,10678.28,2670.47,494.63
2001-01-19,1342.54,10587.59,2655.68,488.09
2001-01-22,1342.9,10578.24,2643.13,490.15
2001-01-23,1360.4,10649.81,2730.05,502.06
2001-01-24,1364.3,10646.97,2726.45,502.25
2001-01-25,1357.51,10729.52,2595.85,499
2001-01-26,1354.95,10659.98,2631.78,498.68
2001-01-29,1364.17,10702.19,2694.53,507.91
2001-01-30,1373.73,10881.2,2686.14,511.66
2001-01-31,1366.01,10887.36,2593,508.34
2001-02-01,1373.47,10983.62,2607.16,508.94
2001-02-02,1349.47,10864.1,2472.18,501.5
2001-02-05,1354.31,10965.85,2467.3,500.74
2001-02-06,1352.26,10957.42,2473.24,505.76
2001-02-07,1340.89,10946.72,2409.66,507.08
2001-02-08,1332.53,10880.55,2355.67,502.89
2001-02-09,1314.76,10781.45,2261.77,497.05
2001-02-12,1330.31,10946.77,2286.85,505.35
2001-02-13,1318.8,10903.32,2208.4,502.57
2001-02-14,1315.92,10795.41,2305.82,503.49
2001-02-15,1326.61,10891.02,2371.04,508.85
2001-02-16,1301.53,10799.82,2212.51,499.28
2001-02-20,1278.94,10730.88,2095.11,491.14
2001-02-21,1255.27,10526.58,2058.54,483.51
2001-02-22,1252.82,10526.81,2032.42,477.26
2001-02-23,1245.86,10441.9,2056.06,477.45
2001-02-26,1267.65,10642.53,2097.64,488.31
2001-02-27,1257.94,10636.88,1964.52,478.75
2001-02-28,1239.94,10495.28,1908.32,474.37
2001-03-01,1241.23,10450.14,1968.02,473.3
2001-03-02,1234.18,10466.31,1881.34,476.88
2001-03-05,1241.41,10562.3,1916.68,475.79
2001-03-06,1253.8,10591.22,1976.31,481.13
2001-03-07,1261.89,10729.6,1996.23,484.84
2001-03-08,1264.74,10858.25,1938.15,481.49
2001-03-09,1233.42,10644.62,1813.02,473.65
2001-03-12,1180.16,10208.25,1680.64,458.4
2001-03-13,1197.66,10290.8,1789.7,462.26
2001-03-14,1166.71,9973.46,1745.08,453.69
2001-03-15,1173.56,10031.28,1697.92,452.16
2001-03-16,1150.53,9823.41,1647.51,441.8
2001-03-19,1170.81,9959.11,1730.46,451.27
2001-03-20,1142.62,9720.76,1614.47,444.48
2001-03-21,1122.14,9487,1605.04,435.74
2001-03-22,1117.58,9389.48,1701.9,432.8
2001-03-23,1139.83,9504.78,1705.02,443.27
2001-03-26,1152.69,9687.53,1676.9,447.38
2001-03-27,1182.17,9947.54,1735.7,452.88
2001-03-28,1153.29,9785.35,1602.22,442.2
2001-03-29,1147.95,9799.06,1563.14,441.53
2001-03-30,1160.33,9878.78,1573.25,450.53
2001-04-02,1145.87,9777.93,1516.58,439.76
2001-04-03,1106.46,9485.71,1399.05,426.96
2001-04-04,1103.25,9515.42,1370.75,425.74
2001-04-05,1151.44,9918.05,1519.05,444.73
2001-04-06,1128.43,9791.09,1448.16,434.66
2001-04-09,1137.59,9845.15,1481.22,441.67
2001-04-10,1168.38,10102.74,1597.87,451.84
2001-04-11,1165.89,10013.47,1647.36,449.25
2001-04-12,1183.5,10126.94,1714.29,455.02
2001-04-16,1179.68,10158.56,1650.21,450.9
2001-04-17,1191.81,10216.73,1671.51,455.58
2001-04-18,1238.16,10615.83,1830.79,466.51
2001-04-19,1253.7,10693.71,1953.28,472.4
2001-04-20,1242.98,10579.85,1933.57,466.71
2001-04-23,1224.36,10532.23,1811.89,461.07
2001-04-24,1209.47,10454.34,1762.21,462.35
2001-04-25,1228.75,10625.2,1814.33,472.74
2001-04-26,1234.52,10692.35,1763.33,477.56
2001-04-27,1253.05,10810.05,1810.47,483.97
2001-04-30,1249.46,10734.97,1855.15,485.32
2001-05-01,1266.44,10898.34,1919.01,490.47
2001-05-02,1267.43,10876.68,1962.42,491.64
2001-05-03,1248.58,10796.65,1877.8,485.65
2001-05-04,1266.61,10951.24,1923.81,492.89
2001-05-07,1263.51,10935.17,1895.41,489.64
2001-05-08,1261.2,10883.51,1929.24,491.77
2001-05-09,1255.54,10866.98,1876.87,490.18
2001-05-10,1255.18,10910.44,1838.32,490.58
2001-05-11,1245.67,10821.31,1821.2,487.36
2001-05-14,1248.92,10877.33,1795.06,486.64
2001-05-15,1249.44,10872.97,1796.81,489.63
2001-05-16,1284.99,11215.92,1899.47,497.21
2001-05-17,1288.49,11248.58,1925.14,504.76
2001-05-18,1291.96,11301.74,1927.69,506.28
2001-05-21,1312.83,11337.92,2052.57,515.91
2001-05-22,1309.38,11257.24,2042.93,517.23
2001-05-23,1289.05,11105.51,1957.56,507.36
2001-05-24,1293.17,11122.42,2003.37,510.4
2001-05-25,1277.89,11005.37,1960.74,508.62
2001-05-29,1267.93,11039.14,1873.53,502.37
2001-05-30,1248.08,10872.64,1779,493.96
2001-05-31,1255.82,10911.94,1799.89,496.5
2001-06-01,1260.67,10990.41,1840.83,501.72
2001-06-04,1267.11,11061.52,1838.84,507.32
2001-06-05,1283.57,11175.84,1923.9,516.48
2001-06-06,1270.03,11070.24,1903.84,512.58
2001-06-07,1276.96,11090.74,1963.31,514.77
2001-06-08,1264.96,10977,1896.22,511.64
2001-06-11,1254.39,10922.09,1846.5,506.93
2001-06-12,1255.85,10948.38,1852.03,506.93
2001-06-13,1241.6,10871.62,1790.21,505.12
2001-06-14,1219.87,10690.13,1711.39,495.38
2001-06-15,1214.36,10623.64,1701.53,495.13
2001-06-18,1208.43,10645.38,1666.49,490.53
2001-06-19,1212.58,10596.67,1675.9,488.73
2001-06-20,1223.14,10647.33,1721.56,495.86
2001-06-21,1237.04,10715.43,1751.22,497.82
2001-06-22,1225.35,10604.59,1727.47,488.65
2001-06-25,1218.6,10504.22,1743.9,484.19
2001-06-26,1216.76,10472.48,1751.62,490.82
2001-06-27,1211.07,10434.84,1756.02,495.58
2001-06-28,1226.2,10566.21,1808.94,502.99
2001-06-29,1224.42,10502.4,1830.19,512.8
2001-07-02,1236.71,10593.72,1827.07,498.19
2001-07-03,1234.45,10571.11,1822.16,495.99
2001-07-05,1219.24,10479.86,1751,491.89
2001-07-06,1190.59,10252.68,1668.59,482.44
2001-07-09,1198.78,10299.4,1697.05,485.16
2001-07-10,1181.52,10175.64,1624.95,477.33
2001-07-11,1180.18,10241.02,1641.56,475.02
2001-07-12,1208.14,10478.99,1750.13,488.21
2001-07-13,1215.68,10539.06,1751.11,489.87
2001-07-16,1202.45,10472.12,1685.74,483.8
2001-07-17,1214.44,10606.39,1729.55,490.57
2001-07-18,1207.71,10569.83,1666.87,483.62
2001-07-19,1215.02,10610,1695.89,487.54
2001-07-20,1210.85,10576.65,1676.46,487.93
2001-07-23,1191.03,10424.42,1629.93,482.7
2001-07-24,1171.65,10241.12,1604.86,474.26
2001-07-25,1190.49,10405.67,1627.86,476.99
2001-07-26,1202.93,10455.63,1673.39,485.07
2001-07-27,1205.82,10416.67,1683.18,485.01
2001-07-30,1204.52,10401.72,1670.03,484.71
2001-07-31,1211.23,10522.81,1683.61,484.78
2001-08-01,1215.93,10510.01,1729.53,489.24
2001-08-02,1220.75,10551.18,1751.45,488.99
2001-08-03,1214.35,10512.78,1725.9,487.15
2001-08-06,1200.48,10401.31,1702.84,480.96
2001-08-07,1204.4,10458.74,1696.37,480.33
2001-08-08,1183.53,10293.5,1626.2,472.62
2001-08-09,1183.43,10298.56,1628.92,474.17
2001-08-10,1190.16,10416.25,1617.45,475.52
2001-08-13,1191.29,10415.91,1653.27,477.6
2001-08-14,1186.73,10412.17,1629.95,480.19
2001-08-15,1178.02,10345.95,1572.03,478.95
2001-08-16,1181.66,10392.52,1581.98,481.68
2001-08-17,1161.97,10240.78,1516.58,475.65
2001-08-20,1171.41,10320.07,1535.99,478.87
2001-08-21,1157.26,10174.14,1480.74,472.24
2001-08-22,1165.31,10276.9,1515.41,477.18
2001-08-23,1162.09,10229.15,1496.98,473.42
2001-08-24,1184.93,10423.17,1579.62,480.81
2001-08-27,1179.21,10382.35,1578.33,478.93
2001-08-28,1161.51,10222.03,1526.3,474.2
2001-08-29,1148.6,10090.9,1499.76,473.34
2001-08-30,1129.03,9919.58,1453.9,468.06
2001-08-31,1133.58,9949.75,1469.7,468.56
2001-09-04,1132.94,9997.49,1424.12,466.96
2001-09-05,1131.74,10033.27,1415.3,462.51
2001-09-06,1106.4,9840.84,1361.69,453.39
2001-09-07,1085.78,9605.85,1354.27,445.19
2001-09-10,1092.54,9605.51,1365.39,440.73
2001-09-17,1038.77,8920.7,1252.7,417.67
2001-09-18,1032.74,8903.4,1224.64,411.66
2001-09-19,1016.1,8759.13,1208.23,403.2
2001-09-20,984.54,8376.21,1166.27,387.65
2001-09-21,965.8,8235.81,1126.95,378.89
2001-09-24,1003.45,8603.86,1191.02,393.79
2001-09-25,1012.27,8659.97,1187.77,396.18
2001-09-26,1007.04,8567.39,1143.48,389.79
2001-09-27,1018.61,8681.42,1144.27,392.96
2001-09-28,1040.94,8847.56,1168.37,404.87
2001-10-01,1038.55,8836.83,1151.24,397.6
2001-10-02,1051.33,8950.59,1159.37,401.79
2001-10-03,1072.28,9123.78,1249.41,413.22
2001-10-04,1069.63,9060.88,1260.66,417.04
2001-10-05,1071.38,9119.77,1271.73,414.97
2001-10-08,1062.44,9067.94,1279.63,412.18
2001-10-09,1056.75,9052.44,1244.56,408.68
2001-10-10,1080.99,9240.86,1304.68,421.66
2001-10-11,1097.43,9410.45,1389.87,431.04
2001-10-12,1091.65,9344.16,1393.84,428.59
2001-10-15,1089.98,9347.62,1378.92,430.09
2001-10-16,1097.54,9384.23,1404.81,434.53
2001-10-17,1077.09,9232.97,1314.8,424.49
2001-10-18,1068.61,9163.22,1330.33,421.06
2001-10-19,1073.48,9204.11,1347.59,425.7
2001-10-22,1089.9,9377.03,1383.07,430.5
2001-10-23,1084.78,9340.08,1384.06,427.37
2001-10-24,1085.2,9345.62,1424.69,427.65
2001-10-25,1100.09,9462.9,1479.05,435.96
2001-10-26,1104.61,9545.17,1454.9,438.65
2001-10-29,1078.3,9269.5,1374.58,429.41
2001-10-30,1059.79,9121.98,1342.26,422.83
2001-10-31,1059.78,9075.14,1364.78,428.17
2001-11-01,1084.1,9263.9,1424.15,434.88
2001-11-02,1087.2,9323.54,1425.78,433.07
2001-11-05,1102.84,9441.03,1480.21,437.54
2001-11-06,1118.86,9591.12,1523.09,442.78
2001-11-07,1115.8,9554.37,1524.67,440.8
2001-11-08,1118.54,9587.52,1510.6,439.06
2001-11-09,1120.31,9608,1514.96,438.1
2001-11-12,1118.33,9554.37,1528.75,440.48
2001-11-13,1139.09,9750.95,1580.76,448.34
2001-11-14,1141.21,9823.61,1585.89,452.82
2001-11-15,1142.24,9872.39,1582.58,449.39
2001-11-16,1138.65,9866.99,1582.14,451.31
2001-11-19,1151.06,9976.46,1617.58,457.71
2001-11-20,1142.66,9901.38,1549.7,453.9
2001-11-21,1137.03,9834.68,1552.01,452.31
2001-11-23,1150.34,9959.71,1577.47,458.42
2001-11-26,1157.42,9982.75,1619.65,461.22
2001-11-27,1149.5,9872.6,1609.87,460.71
2001-11-28,1128.52,9711.86,1557.03,453.7
2001-11-29,1140.2,9829.42,1599.3,463.33
2001-11-30,1139.45,9851.56,1596.05,460.78
2001-12-03,1129.9,9763.96,1567.54,457.03
2001-12-04,1144.8,9893.84,1634.27,467.84
2001-12-05,1170.35,10114.29,1720.91,479.42
2001-12-06,1167.1,10099.14,1717.97,482.23
2001-12-07,1158.31,10049.46,1673.9,481.21
2001-12-10,1139.93,9921.45,1645.36,474.18
2001-12-11,1136.76,9888.37,1661.27,474.77
2001-12-12,1137.07,9894.81,1669.95,475.31
2001-12-13,1119.38,9766.45,1601.91,468.67
2001-12-14,1123.09,9811.15,1605.67,471.29
2001-12-17,1134.36,9891.97,1640.34,479.94
2001-12-18,1142.92,9998.39,1657.68,485.49
2001-12-19,1149.56,10070.49,1628.69,482.07
2001-12-20,1139.93,9985.18,1557.36,474.08
2001-12-21,1144.89,10035.34,1578.27,484.02
2001-12-24,1144.65,10035.34,1577.31,485.81
2001-12-26,1149.37,10088.14,1590.84,490.19
2001-12-27,1157.13,10131.31,1606.48,492.62
2001-12-28,1161.02,10136.99,1621.13,493.62
2001-12-31,1148.08,10021.5,1577.05,488.5
2002-01-02,1154.67,10073.4,1610.39,487.19
2002-01-03,1165.27,10172.14,1666.66,495.51
2002-01-04,1172.51,10259.74,1675.03,499.3
2002-01-07,1164.89,10197.05,1649.83,493.18
2002-01-08,1160.71,10150.55,1666.58,497.9
2002-01-09,1155.14,10094.09,1653.76,494.74
2002-01-10,1156.55,10067.86,1656.68,495.31
2002-01-11,1145.6,9987.53,1634.17,489.94
2002-01-14,1138.41,9891.42,1603.76,483.01
2002-01-15,1146.19,9924.15,1612.46,485
2002-01-16,1127.57,9712.27,1558.98,476.42
2002-01-17,1138.88,9850.04,1602.32,482.39
2002-01-18,1127.58,9771.85,1548.22,474.37
2002-01-22,1119.31,9713.8,1501.78,469.43
2002-01-23,1128.18,9730.96,1549.21,477.45
2002-01-24,1132.15,9796.07,1565.13,479.73
2002-01-25,1133.28,9840.08,1558.26,479.35
2002-01-28,1133.06,9865.75,1564.86,481.28
2002-01-29,1100.64,9618.24,1519.33,473.98
2002-01-30,1113.57,9762.86,1538.94,479.72
2002-01-31,1130.2,9920,1550.17,483.1
2002-02-01,1122.2,9907.26,1528.15,480.04
2002-02-04,1094.44,9687.09,1479.17,470.09
2002-02-05,1090.02,9685.43,1462.86,468.82
2002-02-06,1083.51,9653.39,1445.96,462.41
2002-02-07,1080.17,9625.44,1413.86,458.4
2002-02-08,1096.22,9744.24,1452.17,466.67
2002-02-11,1111.94,9884.78,1477.64,471.32
2002-02-12,1107.5,9863.74,1464.76,472.01
2002-02-13,1118.51,9989.67,1486.75,476.33
2002-02-14,1116.48,10001.99,1474.71,470.75
2002-02-15,1104.18,9903.04,1436.7,469.25
2002-02-19,1083.34,9745.14,1387.27,459.98
2002-02-20,1097.98,9941.17,1408.26,467.25
2002-02-21,1080.95,9834.68,1348.25,458.44
2002-02-22,1089.84,9968.15,1356.16,465.07
2002-02-25,1109.43,10145.71,1407.99,468.19
2002-02-26,1109.38,10115.26,1401.19,471.29
2002-02-27,1109.89,10127.58,1378.48,472.61
2002-02-28,1106.73,10106.13,1359.22,469.36
2002-03-01,1131.78,10368.86,1435.41,478.34
2002-03-04,1153.84,10586.82,1494.7,488
2002-03-05,1146.14,10433.41,1498.95,487.59
2002-03-06,1162.77,10574.29,1519.95,494.8
2002-03-07,1157.54,10525.37,1506.81,494.92
2002-03-08,1164.31,10572.49,1555.11,499.85
2002-03-11,1168.26,10611.24,1553.8,500.75
2002-03-12,1165.58,10632.35,1520.54,498.9
2002-03-13,1154.09,10501.85,1486.27,495.45
2002-03-14,1153.04,10517.14,1477.19,497.76
2002-03-15,1166.16,10607.23,1495.41,499.12
2002-03-18,1165.55,10577.75,1505.89,502.8
2002-03-19,1170.29,10635.25,1504.67,504.73
2002-03-20,1151.85,10501.57,1451.02,499.04
2002-03-21,1153.59,10479.84,1488.97,505.43
2002-03-22,1148.7,10427.67,1470.1,502.39
2002-03-25,1131.87,10281.67,1427.6,496.39
2002-03-26,1138.49,10353.36,1439.55,501.66
2002-03-27,1144.58,10426.91,1436.51,505.85
2002-03-28,1147.39,10403.94,1452.81,506.46
2002-04-01,1146.54,10362.7,1478.52,504.5
2002-04-02,1136.76,10313.71,1410.41,500.49
2002-04-03,1125.4,10198.29,1394.21,496.6
2002-04-04,1126.34,10235.17,1396.97,498.37
2002-04-05,1122.73,10271.64,1376.72,497.76
2002-04-08,1125.29,10249.08,1392.96,503.01
2002-04-09,1117.8,10208.67,1345.32,503.01
2002-04-10,1130.47,10381.73,1363.29,511.3
2002-04-11,1103.69,10176.08,1324.65,503.73
2002-04-12,1111.01,10190.82,1351.85,515.46
2002-04-15,1102.55,10093.67,1355.09,512.74
2002-04-16,1128.37,10301.32,1413.93,522.95
2002-04-17,1126.07,10220.78,1403.71,518.77
2002-04-18,1124.47,10205.28,1395.9,518.57
2002-04-19,1125.17,10257.11,1385.01,517.4
2002-04-22,1107.83,10136.43,1349.83,510.93
2002-04-23,1100.96,10089.24,1322.81,510.29
2002-04-24,1093.14,10030.43,1302.32,507.32
2002-04-25,1091.48,10035.06,1302.32,508.85
2002-04-26,1076.32,9910.72,1250.89,501.5
2002-04-29,1065.45,9819.87,1246.75,500.54
2002-04-30,1076.92,9946.22,1277.07,510.67
2002-05-01,1086.46,10059.63,1267.43,510.83
2002-05-02,1084.56,10091.87,1225.37,513.37
2002-05-03,1073.43,10006.63,1190.74,512.32
2002-05-06,1052.67,9808.04,1161.16,502.91
2002-05-07,1049.49,9836.55,1159.25,498.98
2002-05-08,1088.85,10141.83,1282.41,509.75
2002-05-09,1073.01,10037.42,1240.41,501.39
2002-05-10,1054.99,9939.92,1188.78,492.73
2002-05-13,1074.56,10109.66,1241.54,499.72
2002-05-14,1097.28,10298.14,1305.55,511.72
2002-05-15,1091.07,10243.68,1311.05,513.54
2002-05-16,1098.23,10289.21,1315.85,507.4
2002-05-17,1106.59,10353.08,1325.8,508.94
2002-05-20,1091.88,10229.5,1292.21,503.17
2002-05-21,1079.88,10105.71,1255.91,495.46
2002-05-22,1086.02,10157.88,1264.51,493.91
2002-05-23,1097.08,10216.08,1286.77,501.24
2002-05-24,1083.82,10104.26,1253.03,493.64
2002-05-28,1074.55,9981.58,1244.82,492.41
2002-05-29,1067.66,9923.04,1218.68,487.6
2002-05-30,1064.66,9911.69,1227.9,487.83
2002-05-31,1067.14,9925.25,1208.34,487.47
2002-06-03,1040.68,9709.79,1159.15,474.39
2002-06-04,1040.69,9687.84,1178.8,473.76
2002-06-05,1049.9,9796.8,1195.6,475.04
2002-06-06,1029.15,9624.64,1157.62,465.29
2002-06-07,1027.53,9589.67,1140.24,470.51
2002-06-10,1030.74,9645.4,1135.62,469.29
2002-06-11,1013.6,9517.26,1100.97,462.78
2002-06-12,1020.26,9617.71,1123.34,462.99
2002-06-13,1009.56,9502.8,1106.54,455.98
2002-06-14,1007.27,9474.21,1109.6,459.07
2002-06-17,1036.17,9687.42,1149.91,470.74
2002-06-18,1037.14,9706.12,1138.47,469.71
2002-06-19,1019.99,9561.57,1097.54,462.92
2002-06-20,1006.29,9431.77,1062.45,460.25
2002-06-21,989.14,9253.79,1035.63,461.07
2002-06-24,992.72,9281.82,1057.68,459.09
2002-06-25,976.14,9126.82,1022.74,452.45
2002-06-26,973.53,9120.11,1027.22,452.97
2002-06-27,990.64,9269.92,1050.64,458.72
2002-06-28,989.81,9243.26,1051.41,462.65
2002-07-01,968.65,9109.79,998.17,447.73
2002-07-02,948.09,9007.75,963.66,432.84
2002-07-03,953.99,9054.97,995.68,429.47
2002-07-05,989.03,9379.5,1060.89,440.92
2002-07-08,976.98,9274.9,1014.33,433.61
2002-07-09,952.83,9096.09,990.23,429.25
2002-07-10,920.47,8813.5,959.05,419.78
2002-07-11,927.37,8801.53,998.03,416.68
2002-07-12,921.39,8684.53,1000.82,413.28
2002-07-15,917.93,8639.19,1021.02,409.08
2002-07-16,901.05,8473.11,1011.3,407.27
2002-07-17,906.04,8542.48,1028.74,409.69
2002-07-18,881.56,8409.49,994.61,396.71
2002-07-19,847.76,8019.26,965.45,386.2
2002-07-22,819.85,7784.58,939.1,379.65
2002-07-23,797.7,7702.34,896.82,363.99
2002-07-24,843.42,8191.29,951.58,378.56
2002-07-25,838.68,8186.31,894.45,378.11
2002-07-26,852.84,8264.39,910.91,382.26
2002-07-29,898.96,8711.88,970.13,400.81
2002-07-30,902.78,8680.03,980.36,400.91
2002-07-31,911.62,8736.59,962.11,392.42
2002-08-01,884.66,8506.62,913.59,389.21
2002-08-02,864.24,8313.13,892.51,376.45
2002-08-05,834.6,8043.63,857.08,367.12
2002-08-06,859.57,8274.09,901.91,380.79
2002-08-07,876.77,8456.15,919.08,383.47
2002-08-08,905.46,8712.02,947.24,389.84
2002-08-09,908.64,8745.45,937.33,388.45
2002-08-12,903.8,8688.89,938.98,388.56
2002-08-13,884.21,8482.39,907.62,377.76
2002-08-14,919.62,8743.31,968.84,389.41
2002-08-15,930.25,8818.14,980.98,390.73
2002-08-16,928.77,8778.06,996.06,395.97
2002-08-19,950.72,8990.79,1025.95,401.29
2002-08-20,937.43,8872.07,1008.02,397.84
2002-08-21,949.36,8957.23,1035.47,406.79
2002-08-22,962.7,9053.64,1049.03,409.67
2002-08-23,940.86,8872.96,1010.49,400.13
2002-08-26,947.95,8919.01,1016.79,407.73
2002-08-27,934.82,8824.41,974.47,397.45
2002-08-28,917.87,8694.09,944.83,389.38
2002-08-29,917.8,8670.99,961.75,394.4
2002-08-30,916.07,8663.5,942.38,390.96
2002-09-03,878.02,8308.05,899.64,379.13
2002-09-04,893.4,8425.12,920.98,389.75
2002-09-05,879.15,8283.7,882.92,381.06
2002-09-06,893.92,8427.2,922.22,391.57
2002-09-09,902.96,8519.38,932.23,392.47
2002-09-10,909.58,8602.61,947.72,394.16
2002-09-11,909.45,8581.17,946.4,393.37
2002-09-12,886.91,8379.41,915.01,386.27
2002-09-13,889.81,8312.69,923.83,389.99
2002-09-16,891.1,8380.18,908.48,386.13
2002-09-17,873.52,8207.55,897.53,379.31
2002-09-18,869.46,8172.45,895.2,376.75
2002-09-19,843.32,7942.39,865.93,365.54
2002-09-20,845.39,7986.02,871.6,367.28
2002-09-23,833.7,7872.15,843.08,358.68
2002-09-24,819.29,7683.13,843.61,356.58
2002-09-25,839.66,7841.82,880.44,365.14
2002-09-26,854.95,7997.12,873.74,370.69
2002-09-27,827.37,7701.45,860.35,361.78
2002-09-30,815.28,7591.93,832.52,362.27
2002-10-01,847.91,7938.79,870.63,368.09
2002-10-02,827.91,7755.61,849.56,360.22
2002-10-03,818.95,7717.19,833.21,356.85
2002-10-04,800.58,7528.4,815.4,347.98
2002-10-07,785.28,7422.84,804.64,338.29
2002-10-08,798.55,7501.49,811.47,340.32
2002-10-09,776.76,7286.27,807.42,327.04
2002-10-10,803.92,7533.95,849.57,336.18
2002-10-11,835.32,7850.29,890.61,344.93
2002-10-14,841.44,7877.4,900.75,346.53
2002-10-15,881.27,8255.68,950.42,360.52
2002-10-16,860.02,8036.03,910.13,350.85
2002-10-17,879.2,8275.04,945.06,362.57
2002-10-18,884.39,8322.4,956.13,363.37
2002-10-21,899.72,8538.24,979.35,368.63
2002-10-22,890.16,8450.16,963.87,362.66
2002-10-23,896.14,8494.27,989.32,368.95
2002-10-24,882.5,8317.34,964.91,366.02
2002-10-25,897.65,8443.99,995.55,372.64
2002-10-28,890.23,8368.04,979.46,369.01
2002-10-29,882.15,8368.94,960.82,368.63
2002-10-30,890.71,8427.41,986.09,374.17
2002-10-31,885.76,8397.03,989.54,373.5
2002-11-01,900.96,8517.64,1019.06,383.45
2002-11-04,908.35,8571.6,1046.99,386.97
2002-11-05,915.39,8678.27,1050.39,386.07
2002-11-06,923.76,8771.01,1065.86,392.73
2002-11-07,902.65,8586.24,1025.79,383.15
2002-11-08,894.74,8537.13,1008.44,379
2002-11-11,876.19,8358.95,972.48,369.14
2002-11-12,882.95,8386,1001.94,374.69
2002-11-13,882.53,8398.49,1011.94,376.11
2002-11-14,904.27,8542.13,1057.83,386.24
2002-11-15,909.83,8579.09,1061.28,385.92
2002-11-18,900.36,8486.57,1045.19,382.58
2002-11-19,896.74,8474.78,1025.96,379.57
2002-11-20,914.15,8623.01,1070.53,388.59
2002-11-21,933.76,8845.15,1118.14,397.68
2002-11-22,930.55,8804.84,1116.01,400
2002-11-25,932.88,8849.4,1127.06,404.85
2002-11-26,913.31,8676.42,1087.49,398.32
2002-11-27,938.87,8931.68,1125.67,410.24
2002-11-29,936.31,8896.09,1116.1,406.36
2002-12-02,934.53,8862.57,1120.49,408.54
2002-12-03,920.75,8742.93,1088.8,400.83
2002-12-04,917.57,8737.85,1069.49,397.53
2002-12-05,906.55,8623.28,1053.06,394.45
2002-12-06,912.23,8645.77,1065.97,396.72
2002-12-09,892,8473.41,1014.84,386.29
2002-12-10,904.45,8574.26,1033.07,393.47
2002-12-11,904.96,8589.14,1036.34,393.88
2002-12-12,901.59,8538.4,1039.95,395.36
2002-12-13,889.48,8433.71,1005.85,387.98
2002-12-16,910.4,8627.4,1042.44,394.9
2002-12-17,902.99,8535.39,1040.02,391.25
2002-12-18,891.12,8447.35,1013.72,383.93
2002-12-19,884.25,8364.8,1006.05,383.41
2002-12-20,895.75,8511.32,1013.51,386.88
2002-12-23,897.38,8493.29,1032.3,389.73
2002-12-24,892.47,8448.11,1023.29,388.12
2002-12-26,889.66,8432.61,1016.46,389.4
2002-12-27,875.4,8303.78,997.85,384.16
2002-12-30,879.39,8332.85,989.89,382.23
2002-12-31,879.82,8341.63,984.36,383.09
2003-01-02,909.03,8607.52,1027.86,392.58
2003-01-03,908.59,8601.69,1031.63,390.31
2003-01-06,929.01,8773.57,1061.48,397
2003-01-07,922.93,8740.59,1071.85,393.95
2003-01-08,909.93,8595.31,1042.52,389.07
2003-01-09,927.58,8776.18,1076.05,395.94
2003-01-10,927.57,8784.89,1087.36,396.44
2003-01-13,926.26,8785.98,1083,396.18
2003-01-14,931.66,8842.62,1094.87,398.45
2003-01-15,918.22,8723.18,1073.6,395.53
2003-01-16,914.6,8697.87,1061.46,394.88
2003-01-17,901.78,8586.74,1017.58,388.1
2003-01-21,887.62,8442.9,1008.93,383.17
2003-01-22,878.36,8318.73,1006.51,380.53
2003-01-23,887.34,8369.47,1032.67,383.71
2003-01-24,861.4,8131.01,996.18,375.06
2003-01-27,847.48,7989.56,986.41,368.58
2003-01-28,858.54,8088.84,1001.41,373.17
2003-01-29,864.36,8110.71,1016.56,374.84
2003-01-30,844.61,7945.13,985.51,367.62
2003-01-31,855.7,8053.81,983.05,372.17
2003-02-03,860.32,8109.82,987.07,370.25
2003-02-04,848.2,8013.29,971.73,368.72
2003-02-05,843.59,7985.18,968.97,366.99
2003-02-06,838.15,7929.3,970.55,364.74
2003-02-07,829.69,7864.23,957.05,358.78
2003-02-10,835.97,7920.11,969.96,362.1
2003-02-11,829.2,7843.11,971.61,359.96
2003-02-12,818.68,7758.17,956.77,355.38
2003-02-13,817.37,7749.87,951.9,354.77
2003-02-14,834.89,7908.8,982.09,358.5
2003-02-18,851.17,8041.15,1014.91,364.53
2003-02-19,845.13,8000.6,1005.88,360.28
2003-02-20,837.1,7914.96,1001.47,359.74
2003-02-21,848.17,8018.11,1015.92,364.36
2003-02-24,832.58,7858.24,994.69,358.22
2003-02-25,838.57,7909.5,999.28,361.2
2003-02-26,827.55,7806.98,974.51,357.97
2003-02-27,837.28,7884.99,994.8,361.43
2003-02-28,841.15,7891.08,1009.74,360.52
2003-03-03,834.81,7837.86,991.07,359.31
2003-03-04,821.99,7704.87,982.98,356.51
2003-03-05,829.85,7775.6,990.23,356.54
2003-03-06,822.1,7673.99,983.96,353.84
2003-03-07,828.89,7740.03,986.82,354.18
2003-03-10,807.48,7568.18,964.29,348.01
2003-03-11,800.73,7524.06,958.82,347.03
2003-03-12,804.19,7552.07,970.54,345.94
2003-03-13,831.9,7821.75,1029.79,355.44
2003-03-14,833.27,7859.71,1030.45,354.39
2003-03-17,862.79,8141.92,1077.01,365.4
2003-03-18,866.45,8194.23,1082.19,368
2003-03-19,874.02,8265.45,1074.97,368.51
2003-03-20,875.67,8286.6,1080.24,370.49
2003-03-21,895.79,8521.97,1093.12,376.23
2003-03-24,864.23,8214.68,1047.1,367.25
2003-03-25,874.74,8280.23,1066.57,371.79
2003-03-26,869.95,8229.88,1066.3,368.18
2003-03-27,868.52,8201.45,1061.93,369.5
2003-03-28,863.5,8145.77,1046.72,368.7
2003-03-31,848.18,7992.13,1018.66,364.54
2003-04-01,858.48,8069.86,1022.63,368.69
2003-04-02,880.9,8285.06,1063.46,376.3
2003-04-03,876.45,8240.38,1064.06,375.22
2003-04-04,878.85,8277.15,1050.71,373.28
2003-04-07,879.93,8300.41,1053.28,376.57
2003-04-08,878.29,8298.92,1046.3,374.66
2003-04-09,865.99,8197.94,1023.52,372.28
2003-04-10,871.58,8221.33,1033.14,372.69
2003-04-11,868.3,8203.41,1026.15,371.3
2003-04-14,885.23,8351.1,1048.31,377.61
2003-04-15,890.81,8402.36,1053.08,379.6
2003-04-16,879.91,8257.61,1054.89,377.73
2003-04-17,893.58,8337.65,1083.56,383.7
2003-04-21,892.01,8328.9,1081.04,385.3
2003-04-22,911.37,8484.99,1102.44,391.16
2003-04-23,919.02,8515.66,1112.93,394.97
2003-04-24,911.43,8440.04,1108.12,392.27
2003-04-25,898.81,8306.35,1083.19,388.5
2003-04-28,914.84,8471.61,1107.13,395.2
2003-04-29,917.84,8502.99,1116.79,395.78
2003-04-30,916.92,8480.09,1106.06,398.68
2003-05-01,916.3,8454.25,1113.21,398.83
2003-05-02,930.08,8582.68,1136.51,407.67
2003-05-05,926.55,8531.57,1136.26,409.8
2003-05-06,934.39,8588.36,1152.78,412.75
2003-05-07,929.62,8560.63,1135.85,410.23
2003-05-08,920.27,8491.22,1118.76,407.68
2003-05-09,933.41,8604.6,1143.55,413.53
2003-05-12,945.11,8726.73,1160.42,418.2
2003-05-13,942.3,8679.25,1155.97,419.23
2003-05-14,939.28,8647.82,1148.14,419.44
2003-05-15,946.67,8713.14,1162.93,422.05
2003-05-16,944.3,8678.97,1154.48,414.69
2003-05-19,920.77,8493.39,1112.49,408.32
2003-05-20,919.73,8491.36,1112.85,409.03
2003-05-21,923.42,8516.43,1113.68,410.73
2003-05-22,931.87,8594.02,1131.45,415.09
2003-05-23,933.22,8601.38,1130.05,418.4
2003-05-27,951.48,8781.35,1172.58,427.71
2003-05-28,953.22,8793.12,1173.31,430.48
2003-05-29,949.64,8711.18,1181.82,432.64
2003-05-30,963.59,8850.26,1197.89,441
2003-06-02,967,8897.81,1185.13,442.63
2003-06-03,971.56,8922.95,1198.57,443.87
2003-06-04,986.24,9038.98,1224.76,451.23
2003-06-05,990.14,9041.3,1231.72,456.69
2003-06-06,987.76,9062.79,1213.11,453.94
2003-06-09,975.93,8980,1195.55,444.79
2003-06-10,984.84,9054.89,1212.99,450.96
2003-06-11,997.48,9183.22,1228.24,455.5
2003-06-12,998.51,9196.55,1229.32,456.74
2003-06-13,988.61,9117.12,1203.91,449.71
2003-06-16,1010.74,9318.96,1241.58,457.47
2003-06-17,1011.66,9323.02,1239.63,458.01
2003-06-18,1010.09,9293.8,1247.9,457.51
2003-06-19,994.7,9179.53,1225.89,450.33
2003-06-20,995.69,9200.75,1223.13,449.56
2003-06-23,981.64,9072.95,1200.17,439.41
2003-06-24,983.45,9109.85,1191.7,440.89
2003-06-25,975.32,9011.53,1188.41,443.21
2003-06-26,985.82,9079.04,1214.68,449.9
2003-06-27,976.22,8989.05,1205.25,448.75
2003-06-30,974.5,8985.44,1201.69,448.37
2003-07-01,982.32,9040.95,1217.37,449.17
2003-07-02,993.75,9142.84,1245.75,458.89
2003-07-03,985.7,9070.21,1231.34,456.35
2003-07-07,1004.42,9216.79,1281.89,465.71
2003-07-08,1007.84,9223.09,1298.37,473.97
2003-07-09,1002.21,9156.21,1295.16,476.99
2003-07-10,988.7,9036.04,1268.65,469.03
2003-07-11,998.14,9119.59,1280.57,473.77
2003-07-14,1003.86,9177.15,1295.74,479.03
2003-07-15,1000.42,9128.97,1294.47,476.93
2003-07-16,994,9094.59,1291.99,473.68
2003-07-17,981.73,9050.82,1255.94,459.93
2003-07-18,993.32,9188.15,1259.91,464.76
2003-07-21,978.8,9096.69,1240.78,457.17
2003-07-22,988.11,9158.45,1257.63,464
2003-07-23,988.61,9194.24,1268.52,466.14
2003-07-24,981.6,9112.51,1253.76,465.26
2003-07-25,998.68,9284.57,1278.31,468.88
2003-07-28,996.52,9266.51,1280.53,473.83
2003-07-29,989.28,9204.46,1275.17,473.6
2003-07-30,987.49,9200.05,1263.78,472.8
2003-07-31,990.31,9233.8,1276.94,476.02
2003-08-01,980.15,9153.97,1264.34,468.08
2003-08-04,982.82,9186.04,1267.38,464.77
2003-08-05,965.46,9036.32,1229.72,457.45
2003-08-06,967.08,9061.74,1215.13,453.91
2003-08-07,974.12,9126.45,1217.17,453.77
2003-08-08,977.59,9191.09,1207.28,453.94
2003-08-11,980.59,9217.35,1223.14,459.27
2003-08-12,990.35,9310.06,1240.7,466.95
2003-08-13,984.03,9271.76,1240.37,467.47
2003-08-14,990.51,9310.56,1251.9,471.22
2003-08-15,990.67,9321.69,1253.63,471.92
2003-08-18,999.74,9412.45,1284.81,480.92
2003-08-19,1002.35,9428.9,1299.69,488.7
2003-08-20,1000.3,9397.51,1299.73,489.46
2003-08-21,1003.27,9423.68,1314.65,494.82
2003-08-22,993.06,9348.87,1304.54,485.51
2003-08-25,993.71,9317.64,1306.64,483.87
2003-08-26,996.73,9340.45,1309.05,486.51
2003-08-27,996.79,9333.79,1318.93,490.92
2003-08-28,1002.84,9374.21,1332.33,495.81
2003-08-29,1008.01,9415.82,1341.2,497.42
2003-09-02,1021.99,9523.27,1361.09,507.5
2003-09-03,1026.27,9568.46,1360.19,510.71
2003-09-04,1027.97,9587.9,1373.26,512.56
2003-09-05,1021.39,9503.34,1361.9,508.87
2003-09-08,1031.64,9586.29,1386.73,517.13
2003-09-09,1023.17,9507.2,1370.56,513.57
2003-09-10,1010.92,9420.46,1332.28,501.76
2003-09-11,1016.42,9459.76,1350.8,507.43
2003-09-12,1018.63,9471.55,1357.63,509.06
2003-09-15,1014.81,9448.81,1347.77,507.64
2003-09-16,1029.32,9567.34,1382.82,515.66
2003-09-17,1025.97,9545.65,1376.8,515.1
2003-09-18,1039.58,9659.13,1400.13,519.46
2003-09-19,1036.3,9644.82,1392.26,520.2
2003-09-22,1022.82,9535.41,1366.32,513.65
2003-09-23,1029.03,9576.04,1388.15,519.36
2003-09-24,1009.38,9425.51,1339.64,507.86
2003-09-25,1003.27,9343.96,1325.75,495.06
2003-09-26,996.85,9313.08,1309.31,485.29
2003-09-29,1006.58,9380.24,1335.51,492.71
2003-09-30,995.97,9275.06,1303.7,487.68
2003-10-01,1018.22,9469.2,1335.34,500.32
2003-10-02,1020.24,9487.8,1337.1,503.2
2003-10-03,1029.85,9572.31,1375.32,512.28
2003-10-06,1034.35,9594.98,1381.7,516.72
2003-10-07,1039.25,9654.61,1392.56,520.77
2003-10-08,1033.78,9630.9,1382.4,515.68
2003-10-09,1038.73,9680.01,1396.95,521.34
2003-10-10,1038.06,9674.68,1404.87,519.06
2003-10-13,1045.35,9764.38,1414.72,527.57
2003-10-14,1049.48,9812.98,1420.66,531.84
2003-10-15,1046.76,9803.05,1417.59,527.35
2003-10-16,1050.07,9791.72,1426.71,529.64
2003-10-17,1039.32,9721.79,1394.02,520.36
2003-10-20,1044.68,9777.94,1409.31,521.44
2003-10-21,1046.03,9747.64,1422.13,525.53
2003-10-22,1030.36,9598.24,1387.4,513.15
2003-10-23,1033.77,9613.13,1378.11,510.49
2003-10-24,1028.91,9582.46,1370.61,506.43
2003-10-27,1031.13,9608.16,1377.41,515.35
2003-10-28,1046.79,9748.31,1420.02,525.85
2003-10-29,1048.11,9774.53,1419.92,531.81
2003-10-30,1046.94,9786.61,1417.38,530.37
2003-10-31,1050.71,9801.12,1416.39,528.22
2003-11-03,1059.02,9858.46,1443.13,537.84
2003-11-04,1053.25,9838.83,1429.38,538.87
2003-11-05,1051.81,9820.83,1429.56,538.91
2003-11-06,1058.05,9856.97,1440.08,542.94
2003-11-07,1053.21,9809.79,1436.73,542.96
2003-11-10,1047.11,9756.53,1414.62,533.21
2003-11-11,1046.57,9737.79,1409.64,528.57
2003-11-12,1058.56,9848.83,1443.52,540.66
2003-11-13,1058.41,9837.94,1439.87,541.2
2003-11-14,1050.35,9768.68,1407.51,532.96
2003-11-17,1043.63,9710.83,1393.75,526.21
2003-11-18,1034.15,9624.16,1364.7,521.68
2003-11-19,1042.44,9690.46,1378.9,525.62
2003-11-20,1033.65,9619.42,1363.49,523.08
2003-11-21,1035.28,9628.53,1373.32,525.93
2003-11-24,1052.08,9747.79,1419.31,539.51
2003-11-25,1053.89,9763.94,1411.36,543.18
2003-11-26,1058.45,9779.57,1420.11,545.31
2003-11-28,1058.2,9782.46,1424.25,546.51
2003-12-01,1070.12,9899.05,1447.08,554.59
2003-12-02,1066.62,9853.64,1431.89,553.6
2003-12-03,1064.73,9873.42,1419.77,545.19
2003-12-04,1069.72,9930.82,1432.38,544.15
2003-12-05,1061.5,9862.68,1406.91,539.01
2003-12-08,1069.3,9965.27,1418.05,543.04
2003-12-09,1060.18,9923.42,1383.66,534.54
2003-12-10,1059.05,9921.86,1388.96,528.49
2003-12-11,1071.21,10008.16,1416.96,542.92
2003-12-12,1074.14,10042.16,1417.27,547.59
2003-12-15,1068.04,10022.82,1396.82,535.25
2003-12-16,1075.13,10129.56,1403.28,537.74
2003-12-17,1076.48,10145.26,1400,538.72
2003-12-18,1089.18,10248.08,1431.31,546.9
2003-12-19,1088.67,10278.22,1426.17,546.88
2003-12-22,1092.94,10338,1431.71,549.37
2003-12-23,1096.02,10341.26,1448.17,555.03
2003-12-24,1094.04,10305.19,1443.19,552.35
2003-12-26,1095.89,10324.67,1443.86,554.9
2003-12-29,1109.48,10450,1470.37,563.88
2003-12-30,1109.64,10425.04,1470.01,565.47
2003-12-31,1111.92,10453.92,1467.92,556.91
2004-01-02,1108.48,10409.85,1463.57,560.85
2004-01-05,1122.22,10544.07,1496.58,568.92
2004-01-06,1123.67,10538.66,1501.26,569.89
2004-01-07,1126.33,10529.03,1514.26,574.62
2004-01-08,1131.92,10592.44,1530.65,579.62
2004-01-09,1121.86,10458.89,1520.46,575.2
2004-01-12,1127.23,10485.18,1539.77,583.01
2004-01-13,1121.22,10427.18,1524.78,581.16
2004-01-14,1130.52,10538.37,1534.08,586.12
2004-01-15,1132.05,10553.85,1532.01,586.36
2004-01-16,1139.83,10600.51,1553.62,590.41
2004-01-20,1138.77,10528.66,1552.87,597.98
2004-01-21,1147.62,10623.62,1546.6,597.48
2004-01-22,1143.94,10623.18,1530.42,591.73
2004-01-23,1141.55,10568.29,1531.21,596.14
2004-01-26,1155.37,10702.51,1553.66,601.5
2004-01-27,1144.05,10609.92,1519.23,595.17
2004-01-28,1128.48,10468.37,1491.57,583.91
2004-01-29,1134.11,10510.29,1496.4,579.86
2004-01-30,1131.13,10488.07,1493.08,580.76
2004-02-02,1135.26,10499.18,1487.84,580.54
2004-02-03,1136.03,10505.18,1491.85,579.15
2004-02-04,1126.52,10470.74,1462.61,564.03
2004-02-05,1128.59,10495.55,1465.03,569.54
2004-02-06,1142.76,10593.03,1498.95,584.07
2004-02-09,1139.81,10579.03,1490.91,585.49
2004-02-10,1145.54,10613.85,1500.29,592.83
2004-02-11,1157.76,10737.7,1514.18,597.07
2004-02-12,1152.11,10694.07,1501.34,592.75
2004-02-13,1145.81,10627.85,1484.47,585.14
2004-02-17,1156.99,10714.88,1506.57,594.48
2004-02-18,1151.82,10671.99,1507.49,591.48
2004-02-19,1147.06,10664.73,1484.8,582.59
2004-02-20,1144.11,10619.03,1482.1,579.89
2004-02-23,1140.99,10609.62,1463.75,570.2
2004-02-24,1139.09,10566.37,1462.05,571.87
2004-02-25,1143.67,10601.62,1470.22,579.04
2004-02-26,1144.91,10580.14,1477.13,583.86
2004-02-27,1144.94,10583.92,1470.38,585.56
2004-03-01,1155.96,10678.14,1489.49,594.77
2004-03-02,1149.1,10591.48,1473.22,591.06
2004-03-03,1151.04,10593.11,1466.09,591.32
2004-03-04,1154.88,10588,1481.36,598.38
2004-03-05,1156.87,10595.55,1472.99,599.54
2004-03-08,1147.21,10529.48,1441.12,592.51
2004-03-09,1140.58,10456.96,1437.47,585.95
2004-03-10,1123.89,10296.89,1417.5,575.01
2004-03-11,1106.78,10128.38,1402.2,568.74
2004-03-12,1120.57,10240.08,1431.4,582.84
2004-03-15,1104.49,10102.89,1399.87,566.95
2004-03-16,1110.7,10184.67,1407.07,566.64
2004-03-17,1123.75,10300.3,1428.89,578.57
2004-03-18,1122.32,10295.78,1417.77,574.55
2004-03-19,1109.78,10186.6,1398.58,570.74
2004-03-22,1095.4,10064.75,1381.39,558.99
2004-03-23,1093.95,10063.64,1370.04,560.92
2004-03-24,1091.33,10048.23,1381.86,557.63
2004-03-25,1109.19,10218.82,1425.86,571.53
2004-03-26,1108.06,10212.97,1415.39,572.92
2004-03-29,1122.47,10329.63,1442.31,583.39
2004-03-30,1127,10381.7,1445.25,589.4
2004-03-31,1126.21,10357.7,1438.41,590.31
2004-04-01,1132.17,10373.33,1453.22,595.32
2004-04-02,1141.81,10470.59,1490.3,603.45
2004-04-05,1150.57,10558.37,1508.37,606.39
2004-04-06,1148.16,10570.81,1493.58,599.33
2004-04-07,1140.53,10480.15,1481.96,601.64
2004-04-08,1139.32,10442.03,1485.51,597.88
2004-04-12,1145.2,10515.56,1495.93,599.65
2004-04-13,1129.44,10381.28,1472.88,585.83
2004-04-14,1128.17,10377.95,1475.66,582.02
2004-04-15,1128.84,10397.46,1459.45,580.3
2004-04-16,1134.61,10451.97,1449.06,583.37
2004-04-19,1135.82,10437.85,1473.48,586.95
2004-04-20,1118.15,10314.5,1436.9,575.81
2004-04-21,1124.09,10317.27,1451.01,583.22
2004-04-22,1139.93,10461.2,1485.5,593.24
2004-04-23,1140.6,10472.84,1497.01,590.71
2004-04-26,1135.53,10444.73,1480.53,589.45
2004-04-27,1138.11,10478.16,1479.47,590.76
2004-04-28,1122.41,10342.6,1453.03,577.06
2004-04-29,1113.89,10272.27,1431.36,567.25
2004-04-30,1107.3,10225.57,1401.36,559.8
2004-05-03,1117.49,10314,1415.29,565.48
2004-05-04,1119.55,10317.2,1422.11,569.64
2004-05-05,1121.53,10310.95,1428.42,570.06
2004-05-06,1113.99,10241.26,1415.6,563.09
2004-05-07,1098.7,10117.34,1406.19,548.56
2004-05-10,1087.12,9990.02,1397.1,537.86
2004-05-11,1095.45,10019.47,1421.89,548.67
2004-05-12,1097.28,10045.16,1414.83,548.99
2004-05-13,1096.44,10010.74,1417.09,547.17
2004-05-14,1095.7,10012.87,1399.85,543.76
2004-05-17,1084.1,9906.91,1379.9,535.34
2004-05-18,1091.49,9968.51,1397.47,542.56
2004-05-19,1088.68,9937.71,1396.34,540.86
2004-05-20,1089.19,9937.64,1396.87,540.75
2004-05-21,1093.56,9966.74,1408.17,545.81
2004-05-24,1095.41,9958.43,1413.97,551.72
2004-05-25,1113.05,10117.62,1447.72,565.39
2004-05-26,1114.94,10109.89,1453.87,567.77
2004-05-27,1121.28,10205.2,1463.11,568.56
2004-05-28,1120.68,10188.45,1466.22,568.28
2004-06-01,1121.2,10202.65,1468.54,572.49
2004-06-02,1124.99,10262.97,1464.22,573.56
2004-06-03,1116.64,10195.91,1445.21,562.44
2004-06-04,1122.5,10242.82,1455.04,567.75
2004-06-07,1140.42,10391.08,1491.45,578.9
2004-06-08,1142.18,10432.52,1495.97,577.91
2004-06-09,1131.33,10368.44,1469.5,568.58
2004-06-10,1136.47,10410.1,1481.27,569.12
2004-06-14,1125.29,10334.73,1458.64,557.67
2004-06-15,1132.01,10380.43,1479.2,567.92
2004-06-16,1133.56,10379.58,1479.99,570.07
2004-06-17,1132.05,10377.52,1464.03,569.57
2004-06-18,1135.02,10416.41,1464.65,570.54
2004-06-21,1130.3,10371.47,1453.23,568.74
2004-06-22,1134.41,10395.07,1474.87,571.89
2004-06-23,1144.06,10479.57,1493.52,580.15
2004-06-24,1140.65,10443.81,1488.31,579.05
2004-06-25,1134.43,10371.84,1498.38,587.7
2004-06-28,1133.35,10357.09,1493.07,584.1
2004-06-29,1136.2,10413.43,1505.65,587.83
2004-06-30,1140.84,10435.48,1516.64,591.52
2004-07-01,1128.94,10334.16,1489.57,582.43
2004-07-02,1125.38,10282.83,1481.19,582.72
2004-07-06,1116.21,10219.34,1445.71,572.41
2004-07-07,1118.33,10240.29,1452.49,572.03
2004-07-08,1109.11,10171.56,1431.13,560.71
2004-07-09,1112.81,10213.22,1440,563.73
2004-07-12,1114.35,10238.22,1432.11,562.24
2004-07-13,1115.14,10247.59,1428.68,562.69
2004-07-14,1111.47,10208.8,1416.05,559.74
2004-07-15,1106.69,10163.16,1415.92,562.16
2004-07-16,1101.39,10139.78,1392.17,555.48
2004-07-19,1100.9,10094.06,1396.77,554.73
2004-07-20,1108.67,10149.07,1421.07,564.19
2004-07-21,1093.88,10046.13,1386.57,548.57
2004-07-22,1096.84,10050.33,1408.51,546.52
2004-07-23,1086.2,9962.22,1375.48,539.23
2004-07-26,1084.07,9961.92,1368.4,533.49
2004-07-27,1094.83,10085.14,1391.5,544.61
2004-07-28,1095.42,10117.07,1383.75,541.2
2004-07-29,1100.43,10129.24,1398.55,549.83
2004-07-30,1101.72,10139.71,1400.39,551.29
2004-08-02,1106.62,10179.16,1406.33,551.93
2004-08-03,1099.69,10120.24,1379.14,543.63
2004-08-04,1098.63,10126.51,1379.21,542.67
2004-08-05,1080.7,9963.03,1353.44,532.36
2004-08-06,1063.97,9815.33,1315.3,519.65
2004-08-09,1065.22,9814.66,1318.83,518.38
2004-08-10,1079.04,9944.67,1346.71,529.83
2004-08-11,1075.79,9938.32,1324.65,526.63
2004-08-12,1063.23,9814.59,1304.43,517.1
2004-08-13,1064.8,9825.35,1307.82,517.39
2004-08-16,1079.34,9954.55,1326.84,528.06
2004-08-17,1081.71,9972.83,1335.72,530
2004-08-18,1095.17,10083.15,1363.73,541.61
2004-08-19,1091.23,10040.82,1353.24,537.44
2004-08-20,1098.35,10110.14,1366.73,547.92
2004-08-23,1095.68,10073.05,1370.9,543.47
2004-08-24,1096.19,10098.63,1369.78,545.01
2004-08-25,1104.96,10181.74,1389.17,550.14
2004-08-26,1105.09,10173.41,1383.98,547.25
2004-08-27,1107.77,10195.01,1388.56,551.67
2004-08-30,1099.15,10122.52,1367.94,544.56
2004-08-31,1104.24,10173.92,1368.68,547.93
2004-09-01,1105.91,10168.46,1377.96,552.46
2004-09-02,1118.31,10290.28,1398.34,559.78
2004-09-03,1113.63,10260.2,1371.82,556.24
2004-09-07,1121.3,10342.79,1381.84,562.93
2004-09-08,1116.27,10313.36,1376.77,557.79
2004-09-09,1118.38,10289.1,1391.53,566.18
2004-09-10,1123.92,10313.07,1413,569.91
2004-09-13,1125.82,10314.76,1427.34,573.1
2004-09-14,1128.33,10318.16,1434.37,570.96
2004-09-15,1120.37,10231.36,1415.3,568.52
2004-09-16,1123.5,10244.49,1417.97,574.54
2004-09-17,1128.55,10284.46,1426.3,573.17
2004-09-20,1122.2,10204.89,1424.72,570.74
2004-09-21,1129.3,10244.93,1435.91,576.92
2004-09-22,1113.56,10109.18,1404.22,565.89
2004-09-23,1108.36,10038.9,1405.77,565.8
2004-09-24,1110.11,10047.24,1399.05,565.97
2004-09-27,1103.52,9988.54,1385.55,558.36
2004-09-28,1110.06,10077.4,1389.7,565.66
2004-09-29,1114.8,10136.24,1410.86,571.07
2004-09-30,1114.58,10080.27,1412.74,572.94
2004-10-01,1131.5,10192.65,1452.94,585.03
2004-10-04,1135.17,10216.54,1459.01,589.09
2004-10-05,1134.48,10177.68,1461.76,587.34
2004-10-06,1142.05,10239.92,1474.36,592.66
2004-10-07,1130.65,10125.4,1455.77,582.6
2004-10-08,1122.14,10055.2,1430.96,575.65
2004-10-11,1124.39,10081.97,1437.73,577.56
2004-10-12,1121.84,10077.18,1435,576.71
2004-10-13,1113.65,10002.33,1434.46,569.42
2004-10-14,1103.29,9894.45,1425.21,564.88
2004-10-15,1108.2,9933.38,1430.98,569.42
2004-10-18,1114.02,9956.32,1457.31,572.03
2004-10-19,1103.23,9897.62,1443.8,566.67
2004-10-20,1103.66,9886.93,1452.26,570.13
2004-10-21,1106.49,9865.76,1474.79,576.66
2004-10-22,1095.74,9757.81,1438.25,567.78
2004-10-25,1094.81,9749.99,1432.57,571.67
2004-10-26,1111.09,9888.48,1442.14,577.61
2004-10-27,1125.4,10002.03,1480.03,587.18
2004-10-28,1127.44,10004.54,1487.12,585.63
2004-10-29,1130.2,10027.47,1486.72,583.79
2004-11-01,1130.51,10054.39,1488.79,587
2004-11-02,1130.54,10035.73,1494.83,585.44
2004-11-03,1143.2,10137.05,1503.89,595.33
2004-11-04,1161.67,10314.76,1516.2,602.13
2004-11-05,1166.17,10387.54,1525.24,604.29
2004-11-08,1164.89,10391.31,1527.13,602.08
2004-11-09,1164.08,10386.37,1527,606.64
2004-11-10,1162.91,10385.48,1517.06,609.61
2004-11-11,1173.48,10469.84,1541.7,616.3
2004-11-12,1184.17,10539.01,1558.41,621.98
2004-11-15,1183.81,10550.24,1560.96,623.86
2004-11-16,1175.43,10487.65,1548.53,617.89
2004-11-17,1181.94,10549.57,1571.12,622.97
2004-11-18,1183.55,10572.55,1580.81,622.06
2004-11-19,1170.34,10456.91,1552.11,613.44
2004-11-22,1177.24,10489.42,1568.28,621.52
2004-11-23,1176.94,10492.6,1562.6,624.53
2004-11-24,1181.76,10520.31,1582.55,629.5
2004-11-26,1182.65,10522.23,1578.26,631.16
2004-11-29,1178.57,10475.9,1580.44,634.46
2004-11-30,1173.82,10428.02,1571.5,633.77
2004-12-01,1191.37,10590.22,1607.15,643.68
2004-12-02,1190.33,10585.12,1613.15,642.51
2004-12-03,1191.17,10592.21,1614.4,642.21
2004-12-06,1190.25,10547.06,1619.59,639.03
2004-12-07,1177.07,10440.58,1589.33,625.5
2004-12-08,1182.81,10494.23,1601.91,631.15
2004-12-09,1189.24,10552.82,1609.79,629.19
2004-12-10,1188,10543.22,1605.16,632.24
2004-12-13,1198.68,10638.32,1621.16,638.03
2004-12-14,1203.38,10676.45,1627.46,643.54
2004-12-15,1205.72,10691.45,1623.63,648.61
2004-12-16,1203.21,10705.64,1607.62,642.23
2004-12-17,1194.22,10649.92,1596.61,642.08
2004-12-20,1194.65,10661.6,1591.97,638.05
2004-12-21,1205.45,10759.43,1609.26,646.2
2004-12-22,1209.57,10815.89,1613.57,648.46
2004-12-23,1210.13,10827.12,1613.77,649.37
2004-12-27,1204.92,10776.13,1607.59,644.34
2004-12-28,1213.54,10854.54,1624.19,654.57
2004-12-29,1213.45,10829.19,1624.95,653.34
2004-12-30,1213.55,10800.3,1623.76,653.06
2004-12-31,1211.92,10783.01,1621.12,651.57
2005-01-03,1202.08,10729.43,1603.51,640.44
2005-01-04,1188.05,10630.78,1571.83,628.54
2005-01-05,1183.74,10597.83,1563.76,617.48
2005-01-06,1187.89,10622.88,1557.52,619.82
2005-01-07,1186.19,10603.96,1564.81,613.21
2005-01-10,1190.25,10621.03,1564.92,617.74
2005-01-11,1182.99,10556.22,1553.4,611.53
2005-01-12,1187.7,10617.78,1565.78,613.19
2005-01-13,1177.45,10505.83,1545.18,610.13
2005-01-14,1184.52,10558,1561.11,617.48
2005-01-18,1195.98,10628.79,1573.49,624.87
2005-01-19,1184.63,10539.97,1545.65,617.91
2005-01-20,1175.41,10471.47,1514.56,612.34
2005-01-21,1167.87,10392.99,1503.64,611.08
2005-01-24,1163.75,10368.61,1480.66,604.53
2005-01-25,1168.41,10461.56,1490.57,606.5
2005-01-26,1174.07,10498.59,1509.01,616.57
2005-01-27,1174.55,10467.4,1507.55,616.9
2005-01-28,1171.36,10427.2,1499.46,613
2005-01-31,1181.27,10489.94,1519.63,624.02
2005-02-01,1189.41,10551.94,1523.66,628.14
2005-02-02,1193.19,10596.79,1525.1,631.98
2005-02-03,1189.89,10593.1,1508.24,629.32
2005-02-04,1203.03,10716.13,1534.49,637.44
2005-02-07,1201.72,10715.76,1529.05,636.62
2005-02-08,1202.3,10724.63,1532.69,638.72
2005-02-09,1191.99,10664.11,1506.81,625.71
2005-02-10,1197.01,10749.61,1506.83,626.81
2005-02-11,1205.3,10796.01,1530.51,634.76
2005-02-14,1206.14,10791.13,1538.21,635.02
2005-02-15,1210.12,10837.32,1547.3,634.94
2005-02-16,1210.34,10834.88,1542.41,638.85
2005-02-17,1200.75,10754.26,1519.29,631.14
2005-02-18,1201.59,10785.22,1515.4,630.13
2005-02-22,1184.16,10611.2,1494.07,617.93
2005-02-23,1190.8,10673.79,1497.09,620.54
2005-02-24,1200.2,10748.79,1517.71,627.56
2005-02-25,1211.37,10841.6,1526.9,637.53
2005-02-28,1203.6,10766.23,1511.02,634.06
2005-03-01,1210.41,10830,1527.25,638.53
2005-03-02,1210.08,10811.97,1525.28,637.33
2005-03-03,1210.47,10833.03,1511.89,638.29
2005-03-04,1222.12,10940.55,1520.58,644.95
2005-03-07,1225.31,10936.86,1545.2,643.86
2005-03-08,1219.43,10912.62,1528.65,637.98
2005-03-09,1207.01,10805.62,1521.98,631.08
2005-03-10,1209.25,10851.51,1524.38,626.94
2005-03-11,1200.08,10774.36,1505.64,626.84
2005-03-14,1206.83,10804.51,1515.09,630.3
2005-03-15,1197.75,10745.1,1502.06,626.82
2005-03-16,1188.07,10633.07,1486.23,622.92
2005-03-17,1190.21,10626.35,1487.63,625.46
2005-03-18,1189.65,10629.67,1484.4,622.57
2005-03-21,1183.78,10565.39,1484.45,621.57
2005-03-22,1171.71,10470.51,1465.09,618.58
2005-03-23,1172.53,10456.02,1471.77,612.06
2005-03-24,1171.42,10442.87,1469.94,615.27
2005-03-28,1174.28,10485.65,1472.71,615.12
2005-03-29,1165.36,10405.7,1464.34,604.63
2005-03-30,1181.41,10540.93,1491.74,614.9
2005-03-31,1180.59,10503.76,1482.53,615.07
2005-04-01,1172.92,10404.3,1469.35,611.55
2005-04-04,1176.12,10421.14,1476.72,613.76
2005-04-05,1181.39,10458.46,1483.75,614.5
2005-04-06,1184.07,10486.02,1480.67,616.21
2005-04-07,1191.14,10546.32,1499.71,619.76
2005-04-08,1181.2,10461.34,1485.6,610.75
2005-04-11,1181.21,10448.56,1478.55,607.17
2005-04-12,1187.76,10507.97,1489.16,613.03
2005-04-13,1173.79,10403.93,1461.68,602.54
2005-04-14,1162.05,10278.75,1441.13,591.94
2005-04-15,1142.62,10087.51,1408.59,580.78
2005-04-18,1145.98,10071.25,1409.98,585.33
2005-04-19,1152.78,10127.41,1420.8,594.94
2005-04-20,1137.5,10012.36,1406.85,584.96
2005-04-21,1159.95,10218.6,1447.37,598.98
2005-04-22,1152.12,10157.71,1421.21,589.53
2005-04-25,1162.1,10242.47,1437.31,596.44
2005-04-26,1151.74,10151.13,1420.43,587.66
2005-04-27,1156.38,10198.8,1423.76,587.14
2005-04-28,1143.22,10070.37,1409.29,575.02
2005-04-29,1156.85,10192.51,1420.79,579.38
2005-05-02,1162.16,10251.7,1423.71,585.86
2005-05-03,1161.17,10256.95,1427.61,584.48
2005-05-04,1175.65,10384.64,1452.2,595.22
2005-05-05,1172.63,10340.38,1450.16,595.64
2005-05-06,1171.35,10345.4,1456,596.52
2005-05-09,1178.84,10384.34,1463.38,602.91
2005-05-10,1166.22,10281.11,1450.36,595.04
2005-05-11,1171.11,10300.25,1459.55,595.57
2005-05-12,1159.36,10189.48,1454.79,586.89
2005-05-13,1154.05,10140.12,1470.63,582.02
2005-05-16,1165.69,10252.29,1480.68,591.71
2005-05-17,1173.8,10331.88,1490.14,595.27
2005-05-18,1185.56,10464.45,1509.26,607.88
2005-05-19,1191.08,10493.19,1521.43,610.46
2005-05-20,1189.28,10471.91,1528.06,609.41
2005-05-23,1193.86,10523.56,1535.22,612.87
2005-05-24,1194.07,10503.68,1540.47,612.95
2005-05-25,1190.01,10457.8,1532.71,606.4
2005-05-26,1197.62,10537.6,1548.8,614.7
2005-05-27,1198.78,10542.55,1549.8,616.9
2005-05-31,1191.5,10467.48,1542.63,616.71
2005-06-01,1202.27,10549.87,1559.5,623.74
2005-06-02,1204.29,10553.49,1568.96,625.24
2005-06-03,1196.02,10460.97,1544.48,620.3
2005-06-06,1197.51,10467.03,1545.27,622.94
2005-06-07,1197.26,10483.07,1531.12,623.78
2005-06-08,1194.67,10476.86,1527.68,620.47
2005-06-09,1200.93,10503.02,1539.46,626.23
2005-06-10,1198.11,10512.63,1521.02,626.33
2005-06-13,1200.82,10522.56,1529.13,629.02
2005-06-14,1203.91,10547.57,1524.42,634.39
2005-06-15,1206.58,10566.37,1529.49,637.19
2005-06-16,1210.96,10578.65,1537.42,644.03
2005-06-17,1216.96,10623.07,1538.13,644.19
2005-06-20,1216.1,10609.11,1537.31,641.84
2005-06-21,1213.61,10599.67,1536.48,641.04
2005-06-22,1213.88,10587.93,1534.36,643.45
2005-06-23,1200.73,10421.44,1515.95,634.12
2005-06-24,1191.57,10297.84,1500.18,630.41
2005-06-27,1190.69,10290.78,1493.75,628.31
2005-06-28,1201.57,10405.63,1508.61,641.48
2005-06-29,1199.85,10374.48,1504.11,642.76
2005-06-30,1191.33,10274.97,1493.52,639.66
2005-07-01,1194.44,10303.44,1490.53,643.04
2005-07-05,1204.99,10371.8,1506.35,653.23
2005-07-06,1194.94,10270.68,1498.05,648.27
2005-07-07,1197.87,10302.29,1503.78,649.3
2005-07-08,1211.86,10449.14,1533.27,662.14
2005-07-11,1219.44,10519.72,1547.66,671.74
2005-07-12,1222.21,10513.89,1555.59,670.79
2005-07-13,1223.29,10557.39,1557.62,667.65
2005-07-14,1226.5,10628.89,1573.44,663.02
2005-07-15,1227.92,10640.83,1577.82,663.74
2005-07-18,1221.13,10574.99,1570.09,658.56
2005-07-19,1229.35,10646.56,1590.49,668.86
2005-07-20,1235.2,10689.15,1602.75,677.56
2005-07-21,1227.04,10627.77,1601.89,667.1
2005-07-22,1233.68,10651.18,1600.76,677.78
2005-07-25,1229.03,10596.48,1593.57,670.99
2005-07-26,1231.16,10579.77,1598.93,674.58
2005-07-27,1236.79,10637.09,1611.95,674.88
2005-07-28,1243.72,10705.55,1618.64,683.04
2005-07-29,1234.18,10640.91,1605.14,679.75
2005-08-01,1235.35,10623.15,1610.11,682.8
2005-08-02,1244.12,10683.74,1627.01,688.51
2005-08-03,1245.04,10697.59,1627.19,683.38
2005-08-04,1235.86,10610.1,1608.74,671.84
2005-08-05,1226.42,10558.03,1601.59,662.79
2005-08-08,1223.13,10536.93,1589.97,659.6
2005-08-09,1231.38,10615.67,1601.14,660.48
2005-08-10,1229.13,10594.41,1585.71,660.16
2005-08-11,1237.81,10685.89,1600.65,666.37
2005-08-12,1230.39,10600.31,1591.75,660
2005-08-15,1233.87,10634.38,1600.71,665.64
2005-08-16,1219.34,10513.45,1574.01,654.61
2005-08-17,1220.24,10550.71,1582.29,654.82
2005-08-18,1219.02,10554.93,1575.76,651.19
2005-08-19,1219.71,10559.23,1573.72,652.51
2005-08-22,1221.73,10569.89,1575.59,657.47
2005-08-23,1217.57,10519.58,1571.3,655.47
2005-08-24,1209.59,10434.87,1561.71,655.01
2005-08-25,1212.39,10450.63,1565.88,657.7
2005-08-26,1205.1,10397.29,1558.84,648.64
2005-08-29,1212.28,10463.05,1571.52,655.32
2005-08-30,1208.41,10412.82,1565.73,653.76
2005-08-31,1220.33,10481.6,1581.71,666.51
2005-09-01,1221.59,10459.63,1577.25,668.45
2005-09-02,1218.02,10447.37,1573.12,663.33
2005-09-06,1233.39,10589.24,1597.27,674.48
2005-09-07,1236.36,10633.5,1599.86,677.32
2005-09-08,1231.67,10595.93,1597.68,673.47
2005-09-09,1241.48,10678.56,1607.83,678.05
2005-09-12,1240.56,10682.94,1612.2,680.82
2005-09-13,1231.2,10597.44,1607.38,673.13
2005-09-14,1227.16,10544.9,1589.63,666.35
2005-09-15,1227.73,10558.75,1588.55,665.42
2005-09-16,1237.91,10641.94,1599.44,671.98
2005-09-19,1231.02,10557.63,1586.05,667.02
2005-09-20,1221.34,10481.52,1578.2,660.63
2005-09-21,1210.2,10378.03,1561.84,649.94
2005-09-22,1214.62,10422.05,1567.36,651.16
2005-09-23,1215.29,10419.59,1571.75,655.46
2005-09-26,1215.63,10443.63,1572.86,660.2
2005-09-27,1215.66,10456.21,1568.84,659.17
2005-09-28,1216.89,10473.09,1568.81,656.04
2005-09-29,1227.68,10552.78,1589.93,665.03
2005-09-30,1228.81,10568.7,1601.66,667.8
2005-10-03,1226.7,10535.48,1605.59,670.55
2005-10-04,1214.47,10441.11,1595.54,663.84
2005-10-05,1196.39,10317.36,1571.52,644.98
2005-10-06,1191.49,10287.1,1552.94,639.45
2005-10-07,1195.9,10292.31,1555.92,644.33
2005-10-10,1187.33,10238.76,1546.99,637.97
2005-10-11,1184.87,10253.17,1539.31,630.08
2005-10-12,1177.68,10216.91,1521.19,621.57
2005-10-13,1176.84,10216.59,1533.8,623.28
2005-10-14,1186.57,10287.34,1544.29,633.15
2005-10-17,1190.1,10348.1,1549.88,633.37
2005-10-18,1178.14,10285.26,1538.43,625.36
2005-10-19,1195.76,10414.13,1569.61,638.28
2005-10-20,1177.8,10281.1,1555.59,627.54
2005-10-21,1179.59,10215.22,1565.12,632.73
2005-10-24,1199.38,10385,1590.65,646.6
2005-10-25,1196.54,10377.87,1585.82,642.73
2005-10-26,1191.38,10344.98,1575.14,638.41
2005-10-27,1178.9,10229.95,1543.38,624.03
2005-10-28,1198.41,10402.77,1557.11,635.33
2005-10-31,1207.01,10440.07,1579.18,646.61
2005-11-01,1202.76,10406.77,1576.52,643.02
2005-11-02,1214.76,10472.73,1597.29,657.05
2005-11-03,1219.94,10522.59,1619.67,658.77
2005-11-04,1220.14,10530.76,1628.03,658.16
2005-11-07,1222.81,10586.23,1629.27,661.24
2005-11-08,1218.59,10539.72,1628.4,656.23
2005-11-09,1220.65,10546.21,1630.21,659.83
2005-11-10,1230.96,10640.1,1650.93,664.93
2005-11-11,1234.72,10686.04,1653.36,666.66
2005-11-14,1233.76,10697.17,1651.9,663.93
2005-11-15,1229.01,10686.44,1644.31,656.23
2005-11-16,1231.21,10674.76,1651.45,654.64
2005-11-17,1242.8,10720.22,1676.39,667.14
2005-11-18,1248.27,10766.33,1679.85,672.22
2005-11-21,1254.85,10820.28,1686.23,678.96
2005-11-22,1261.23,10871.43,1694.14,682.55
2005-11-23,1265.61,10916.09,1696.77,683.14
2005-11-25,1268.25,10931.62,1701.05,683.58
2005-11-28,1257.46,10890.72,1684.39,671.5
2005-11-29,1257.48,10888.16,1676.84,673.69
2005-11-30,1249.48,10805.87,1672.56,677.29
2005-12-01,1264.67,10912.57,1704.28,690.21
2005-12-02,1265.08,10877.51,1709.1,690.57
2005-12-05,1262.09,10835.01,1694.77,686.57
2005-12-06,1263.7,10856.86,1701.35,687.58
2005-12-07,1257.37,10810.91,1697.04,683.01
2005-12-08,1255.84,10755.12,1685.59,685.22
2005-12-09,1259.37,10778.58,1692.62,688.77
2005-12-12,1260.43,10767.77,1698.35,689.54
2005-12-13,1267.43,10823.72,1705.77,689.03
2005-12-14,1272.74,10883.51,1698.98,690.5
2005-12-15,1270.94,10881.67,1701.7,684.74
2005-12-16,1267.32,10875.59,1688.68,683.09
2005-12-19,1259.92,10836.53,1664.36,672.25
2005-12-20,1259.62,10805.55,1665.07,672.78
2005-12-21,1262.79,10833.73,1670.61,679.74
2005-12-22,1268.12,10889.44,1683.35,684.08
2005-12-23,1268.66,10883.27,1682.92,686.44
2005-12-27,1256.54,10777.77,1668.37,676.58
2005-12-28,1258.17,10796.26,1667.1,680.08
2005-12-29,1254.42,10784.82,1655.36,677.96
2005-12-30,1248.29,10717.5,1645.2,673.22
2006-01-03,1268.8,10847.41,1679.93,684.05
2006-01-04,1273.46,10880.15,1695.83,689.25
2006-01-05,1273.48,10882.15,1705.29,691.77
2006-01-06,1285.45,10959.31,1734.99,699.39
2006-01-09,1290.15,11011.9,1741.9,706.24
2006-01-10,1289.69,11011.58,1744.02,710.99
2006-01-11,1294.18,11043.44,1758.24,711.19
2006-01-12,1286.06,10962.36,1747.35,706.79
2006-01-13,1287.61,10959.87,1746.78,708.44
2006-01-17,1282.93,10896.32,1736.39,703.62
2006-01-18,1277.93,10854.86,1716.62,703.78
2006-01-19,1285.04,10880.71,1729.92,714.94
2006-01-20,1261.49,10667.39,1676.38,704.6
2006-01-23,1263.82,10688.77,1676.3,707.82
2006-01-24,1266.86,10712.22,1686.22,718.02
2006-01-25,1264.68,10709.74,1677,716.45
2006-01-26,1273.83,10809.47,1690.49,728.48
2006-01-27,1283.72,10907.21,1711.11,732.22
2006-01-30,1285.2,10899.92,1713.45,730.87
2006-01-31,1280.08,10864.86,1710.75,733.2
2006-02-01,1282.46,10953.95,1713.02,735.48
2006-02-02,1270.84,10851.98,1685.77,726.25
2006-02-03,1264.03,10793.62,1664.53,724.22
2006-02-06,1265.02,10798.27,1657.54,727.89
2006-02-07,1254.78,10749.76,1651.84,717.18
2006-02-08,1265.65,10858.62,1670.47,721.16
2006-02-09,1263.78,10883.35,1654.08,718.16
2006-02-10,1266.99,10919.05,1663.75,717.13
2006-02-13,1262.86,10892.32,1645.83,710.53
2006-02-14,1275.53,11028.39,1661.95,719.7
2006-02-15,1280,11058.97,1673.15,725.1
2006-02-16,1289.38,11120.68,1688.61,731.92
2006-02-17,1287.24,11115.32,1675.21,730.94
2006-02-21,1283.03,11069.06,1655.68,726.78
2006-02-22,1292.67,11137.17,1677.52,733.53
2006-02-23,1287.79,11069.22,1672.29,732.45
2006-02-24,1289.43,11061.85,1676.5,736.6
2006-02-27,1294.12,11097.55,1695.66,740.63
2006-02-28,1280.66,10993.41,1670.57,730.64
2006-03-01,1291.24,11053.53,1694.58,742.35
2006-03-02,1289.14,11025.51,1693.78,740.16
2006-03-03,1287.23,11021.59,1684.32,738.44
2006-03-06,1278.26,10958.59,1669.94,731.16
2006-03-07,1275.88,10980.69,1661.02,721.06
2006-03-08,1278.47,11005.74,1660.35,721.84
2006-03-09,1272.23,10972.28,1645.09,718.28
2006-03-10,1281.58,11076.34,1648.23,726.34
2006-03-13,1284.13,11076.02,1653.79,728.04
2006-03-14,1297.48,11151.34,1681.15,736.1
2006-03-15,1303.02,11209.77,1694.46,742.94
2006-03-16,1305.33,11253.24,1679.05,743.79
2006-03-17,1307.25,11279.65,1685.66,746.09
2006-03-20,1305.08,11274.53,1688.98,745.62
2006-03-21,1297.23,11235.47,1672.47,736.1
2006-03-22,1305.04,11317.43,1676.32,744.85
2006-03-23,1301.67,11270.29,1670.73,747.6
2006-03-24,1302.95,11279.97,1679.81,753.83
2006-03-27,1301.61,11250.11,1680.63,754.03
2006-03-28,1293.23,11154.54,1673.03,751.27
2006-03-29,1302.89,11215.7,1703.84,764.17
2006-03-30,1300.25,11150.7,1708.68,762.59
2006-03-31,1294.83,11109.32,1703.66,765.14
2006-04-03,1297.81,11144.94,1706.77,759.22
2006-04-04,1305.93,11203.85,1716.55,762.32
2006-04-05,1311.56,11239.55,1732.74,766.26
2006-04-06,1309.04,11216.5,1739.2,766.23
2006-04-07,1295.5,11120.04,1723.03,756.13
2006-04-10,1296.6,11141.33,1718.86,752.95
2006-04-11,1286.57,11089.63,1704.4,742.11
2006-04-12,1288.12,11129.97,1704.75,747.77
2006-04-13,1289.12,11137.65,1712.07,751.11
2006-04-17,1285.33,11073.78,1694.32,749.47
2006-04-18,1307.65,11268.77,1726.64,769.81
2006-04-19,1309.93,11278.77,1734.04,778.42
2006-04-20,1311.46,11342.89,1728.9,774.67
2006-04-21,1311.28,11347.45,1709.02,772.12
2006-04-24,1308.11,11336.32,1706.44,766.14
2006-04-25,1301.74,11283.25,1701.47,764.82
2006-04-26,1305.41,11354.49,1702.2,765.23
2006-04-27,1309.72,11382.51,1717.14,761.4
2006-04-28,1310.61,11367.14,1700.71,764.54
2006-05-01,1305.19,11343.29,1686.61,761.12
2006-05-02,1313.21,11416.45,1689.93,767.61
2006-05-03,1307.85,11400.28,1686.3,767.73
2006-05-04,1312.25,11438.86,1701.03,774.72
2006-05-05,1325.76,11577.74,1713.84,781.83
2006-05-08,1324.66,11584.54,1715.23,781.6
2006-05-09,1325.14,11639.77,1711.17,780.72
2006-05-10,1322.85,11642.65,1694.82,775.94
2006-05-11,1305.92,11500.73,1657.48,757.47
2006-05-12,1291.24,11380.99,1635.81,742.4
2006-05-15,1294.5,11428.77,1634.78,737.64
2006-05-16,1292.08,11419.89,1623.69,737.47
2006-05-17,1270.32,11205.61,1598.91,725.85
2006-05-18,1261.81,11128.29,1587.11,718.47
2006-05-19,1267.03,11144.06,1600.86,722.54
2006-05-22,1262.07,11125.33,1584.57,715.25
2006-05-23,1256.58,11098.35,1569.01,711.29
2006-05-24,1258.57,11117.32,1580.18,711.27
2006-05-25,1272.88,11211.05,1599.68,725.58
2006-05-26,1280.16,11278.61,1606.37,729.55
2006-05-30,1259.84,11094.43,1571.29,711.04
2006-05-31,1270.09,11168.31,1579.58,721.01
2006-06-01,1285.71,11260.28,1616.57,736.5
2006-06-02,1288.22,11247.87,1612.9,737.45
2006-06-05,1265.29,11048.72,1577.5,713.92
2006-06-06,1263.85,11002.14,1575.39,710.96
2006-06-07,1256.15,10930.9,1565.22,706.78
2006-06-08,1257.93,10938.82,1561.55,706.53
2006-06-09,1252.3,10891.92,1550.97,701.39
2006-06-12,1236.4,10792.58,1520.31,683.19
2006-06-13,1223.69,10706.14,1516.85,672.72
2006-06-14,1230.04,10816.92,1530.26,677.09
2006-06-15,1256.16,11015.19,1573.08,701.05
2006-06-16,1251.54,11014.55,1562.84,693.07
2006-06-19,1240.14,10942.11,1548.94,680.76
2006-06-20,1240.12,10974.84,1548.32,677.5
2006-06-21,1252.2,11079.46,1573.56,690.67
2006-06-22,1245.6,11019.11,1554.49,688.04
2006-06-23,1244.5,10989.09,1551.05,690.14
2006-06-26,1250.56,11045.28,1556.17,698.64
2006-06-27,1239.2,10924.74,1527,686.94
2006-06-28,1246,10973.56,1538.25,688.04
2006-06-29,1272.87,11190.8,1585.56,714.32
2006-06-30,1270.2,11150.22,1575.23,724.67
2006-07-03,1280.19,11228.02,1586.25,730.8
2006-07-05,1270.91,11151.82,1553.95,719.85
2006-07-06,1274.08,11225.3,1551.55,720.64
2006-07-07,1265.48,11090.67,1533.71,709.3
2006-07-10,1267.34,11103.55,1520.9,709.08
2006-07-11,1272.52,11134.77,1533.06,714.39
2006-07-12,1258.6,11013.18,1501.46,701.17
2006-07-13,1242.29,10846.29,1478.16,687.29
2006-07-14,1236.2,10739.35,1462.17,681.24
2006-07-17,1234.49,10747.36,1468.5,677.69
2006-07-18,1236.86,10799.23,1472.34,681.64
2006-07-19,1259.81,11011.42,1490.6,702.34
2006-07-20,1249.13,10928.1,1466.89,683.61
2006-07-21,1240.29,10868.38,1451.88,671.94
2006-07-24,1260.91,11051.05,1482.34,690.76
2006-07-25,1268.88,11103.71,1489.52,697.44
2006-07-26,1268.4,11102.51,1487.88,694.45
2006-07-27,1263.2,11100.43,1478.53,685.69
2006-07-28,1278.55,11219.7,1510.3,700.03
2006-07-31,1276.66,11185.68,1509.43,700.56
2006-08-01,1270.92,11125.73,1484.94,689.89
2006-08-02,1278.55,11199.93,1500.48,696.81
2006-08-03,1280.27,11242.59,1510.6,704.38
2006-08-04,1279.36,11240.35,1503.84,701.26
2006-08-07,1275.77,11219.38,1494.13,696.05
2006-08-08,1271.48,11173.59,1484.8,687.47
2006-08-09,1265.95,11076.18,1485.64,681.05
2006-08-10,1271.81,11124.37,1496.28,686.27
2006-08-11,1266.74,11088.03,1486.74,679.04
2006-08-14,1268.21,11097.87,1494.33,681.73
2006-08-15,1285.58,11230.26,1534.43,697.83
2006-08-16,1295.43,11327.12,1570.06,707.39
2006-08-17,1297.48,11334.96,1573.59,710.78
2006-08-18,1302.3,11381.47,1576.46,711.68
2006-08-21,1297.52,11345.05,1561.12,705.33
2006-08-22,1298.82,11339.84,1563.43,707.76
2006-08-23,1292.99,11297.9,1550.41,698.42
2006-08-24,1296.06,11304.46,1555.19,698.72
2006-08-25,1295.09,11284.05,1557.7,699.24
2006-08-28,1301.78,11352.01,1570.29,706.65
2006-08-29,1304.28,11369.94,1573.65,714.85
2006-08-30,1304.27,11382.91,1581.95,720.58
2006-08-31,1303.82,11381.15,1579.73,720.53
2006-09-01,1311.01,11464.15,1589.47,721.56
2006-09-05,1313.25,11469.28,1603.69,727.5
2006-09-06,1300.26,11406.2,1572.2,712.04
2006-09-07,1294.02,11331.44,1564.84,706.47
2006-09-08,1298.92,11392.11,1574.71,708.54
2006-09-11,1299.54,11396.84,1583.78,707.57
2006-09-12,1313.11,11498.09,1615.75,724.48
2006-09-13,1318.07,11543.32,1623.99,730.7
2006-09-14,1316.28,11527.39,1625.98,727.6
2006-09-15,1319.87,11560.77,1632.44,729.35
2006-09-18,1321.18,11555,1632.17,728.84
2006-09-19,1318.31,11540.91,1621.07,725.45
2006-09-20,1325.18,11613.19,1645.35,734.48
2006-09-21,1318.03,11533.23,1634.87,727.13
2006-09-22,1314.78,11508.1,1622.37,718.63
2006-09-25,1326.37,11575.81,1650.37,727.09
2006-09-26,1336.34,11669.39,1659.2,729.61
2006-09-27,1336.59,11689.24,1655.67,732.54
2006-09-28,1339.15,11718.45,1661.59,732.56
2006-09-29,1335.85,11679.07,1654.13,725.59
2006-10-02,1331.32,11670.35,1632.81,718.81
2006-10-03,1334.11,11727.34,1640.29,718.35
2006-10-04,1350.22,11850.61,1681.14,733.47
2006-10-05,1353.22,11866.69,1689.43,743.08
2006-10-06,1349.58,11850.21,1684.88,739.81
2006-10-09,1350.66,11857.81,1691.08,744.57
2006-10-10,1353.42,11867.17,1693.29,745.88
2006-10-11,1349.95,11852.13,1691.28,741.71
2006-10-12,1362.83,11947.7,1718.54,757.09
2006-10-13,1365.62,11960.51,1727.21,762.65
2006-10-16,1369.05,11980.6,1727.61,769.48
2006-10-17,1364.05,11950.02,1709.61,764.91
2006-10-18,1365.96,11992.68,1700.75,763.41
2006-10-19,1366.96,12011.73,1706.37,767.39
2006-10-20,1368.6,12002.37,1709.58,762.13
2006-10-23,1377.02,12116.91,1725.93,763.52
2006-10-24,1377.38,12127.88,1713.88,762.43
2006-10-25,1382.22,12134.68,1726.76,767.15
2006-10-26,1389.08,12163.66,1744.07,776.04
2006-10-27,1377.34,12090.26,1717.61,765.84
2006-10-30,1377.93,12086.5,1727.8,770.36
2006-10-31,1377.94,12080.73,1732.54,766.84
2006-11-01,1367.81,12031.02,1707.65,752.15
2006-11-02,1367.34,12018.54,1710.17,750.13
2006-11-03,1364.3,11986.04,1703.98,752.73
2006-11-06,1379.78,12105.55,1732.26,763.08
2006-11-07,1382.84,12156.77,1741.53,764.39
2006-11-08,1385.72,12176.54,1749.75,769.84
2006-11-09,1378.33,12103.3,1740.14,762.06
2006-11-10,1380.9,12108.43,1751.11,769.15
2006-11-13,1384.42,12131.88,1768,772.41
2006-11-14,1393.22,12218.01,1787.23,785.06
2006-11-15,1396.57,12251.71,1793.82,791.96
2006-11-16,1399.76,12305.82,1801.97,790.75
2006-11-17,1401.2,12342.56,1800.67,788.47
2006-11-20,1400.5,12316.54,1803.81,790.62
2006-11-21,1402.81,12321.59,1808.88,792.17
2006-11-22,1406.09,12326.95,1819.76,792.91
2006-11-24,1400.95,12280.17,1815.53,792.28
2006-11-27,1381.9,12121.71,1775.17,772.1
2006-11-28,1386.72,12136.45,1780.34,774.82
2006-11-29,1399.48,12226.73,1792.77,784.16
2006-11-30,1400.63,12221.93,1791.25,786.12
2006-12-01,1396.71,12194.13,1775.12,781.17
2006-12-04,1409.12,12283.85,1799.93,795.85
2006-12-05,1414.76,12331.6,1804.85,797.42
2006-12-06,1412.9,12309.25,1799.13,795.94
2006-12-07,1407.29,12278.41,1777.46,792.29
2006-12-08,1409.84,12307.49,1786.21,792.56
2006-12-11,1413.04,12328.48,1791.74,793.07
2006-12-12,1411.56,12315.58,1781.97,788.41
2006-12-13,1413.21,12317.5,1783.44,788.75
2006-12-14,1425.49,12416.76,1803.41,794.22
2006-12-15,1427.09,12445.52,1808.56,792.71
2006-12-18,1422.48,12441.27,1790.99,782.02
2006-12-19,1425.55,12471.32,1785.12,782.1
2006-12-20,1423.53,12463.87,1777.92,785.56
2006-12-21,1418.3,12421.25,1766.28,782.9
2006-12-22,1410.76,12343.22,1748.61,780.82
2006-12-26,1416.9,12407.63,1753.55,788.17
2006-12-27,1426.84,12510.57,1763.41,797.73
2006-12-28,1424.73,12501.52,1758.94,794.48
2006-12-29,1418.3,12463.15,1756.9,787.66
2007-01-03,1416.6,12474.52,1759.37,787.42
2007-01-04,1418.34,12480.69,1792.91,789.95
2007-01-05,1409.71,12398.01,1785.3,775.87
2007-01-08,1412.84,12423.49,1787.14,776.99
2007-01-09,1412.11,12416.6,1795.63,778.33
2007-01-10,1414.85,12442.16,1816.15,778.87
2007-01-11,1423.82,12514.98,1834.86,788.45
2007-01-12,1430.73,12556.08,1844.81,794.26
2007-01-16,1431.9,12582.59,1842.44,791.48
2007-01-17,1430.62,12577.15,1827.68,788.77
2007-01-18,1426.37,12567.93,1793.68,778.21
2007-01-19,1430.5,12565.53,1796.81,785.16
2007-01-22,1422.95,12477.16,1779.02,777.96
2007-01-23,1427.99,12533.8,1773.4,785.38
2007-01-24,1440.13,12621.77,1802.63,794.03
2007-01-25,1423.9,12502.56,1777.75,784.19
2007-01-26,1422.18,12487.02,1772.97,788.14
2007-01-29,1420.62,12490.78,1775.08,793.1
2007-01-30,1428.82,12523.31,1777.76,797.97
2007-01-31,1438.24,12621.69,1792.28,800.34
2007-02-01,1445.94,12673.68,1791.45,807.77
2007-02-02,1448.39,12653.49,1798.13,809.42
2007-02-05,1446.99,12661.74,1795.39,806.69
2007-02-06,1448,12666.31,1793.06,810.41
2007-02-07,1450.02,12666.87,1810.95,816.2
2007-02-08,1448.31,12637.63,1810.54,816.39
2007-02-09,1438.06,12580.83,1785.53,807.11
2007-02-12,1433.37,12552.55,1778.42,805.79
2007-02-13,1444.26,12654.85,1783.82,812.53
2007-02-14,1455.3,12741.86,1814.98,813.99
2007-02-15,1456.81,12765.01,1823.41,815.43
2007-02-16,1455.54,12767.57,1821.49,818.15
2007-02-20,1459.68,12786.64,1833.71,826.11
2007-02-21,1457.63,12738.41,1839.13,827.33
2007-02-22,1456.38,12686.02,1846.34,829.44
2007-02-23,1451.19,12647.48,1839.77,826.64
2007-02-26,1449.37,12632.26,1830.59,823.69
2007-02-27,1399.04,12216.24,1755.99,792.66
2007-02-28,1406.82,12268.63,1761.65,793.3
2007-03-01,1403.17,12234.34,1753.45,791.03
2007-03-02,1387.17,12114.1,1726.03,775.44
2007-03-05,1374.12,12050.41,1712.94,760.06
2007-03-06,1395.41,12207.59,1743.1,778.88
2007-03-07,1391.97,12192.45,1736.1,775.9
2007-03-08,1401.89,12260.7,1746.43,781.14
2007-03-09,1402.85,12276.32,1744.74,785.12
2007-03-12,1406.6,12318.62,1756.42,789
2007-03-13,1377.95,12075.96,1722.48,769.12
2007-03-14,1387.17,12133.4,1743.15,775.68
2007-03-15,1392.28,12159.68,1744.87,783.61
2007-03-16,1386.95,12110.41,1742.23,778.77
2007-03-19,1402.06,12226.17,1758.23,787.05
2007-03-20,1410.94,12288.1,1767.25,793.6
2007-03-21,1435.04,12447.52,1806.35,807.47
2007-03-22,1434.54,12461.14,1799.75,808.05
2007-03-23,1436.11,12481.01,1794.04,809.51
2007-03-26,1437.5,12469.07,1802.95,808.94
2007-03-27,1428.61,12397.29,1789.93,802.36
2007-03-28,1417.23,12300.36,1770.54,797.4
2007-03-29,1422.53,12348.75,1771.72,798.94
2007-03-30,1420.86,12354.35,1772.36,800.71
2007-04-02,1424.55,12382.3,1773.33,803.22
2007-04-03,1437.77,12510.3,1796.31,811.77
2007-04-04,1439.37,12530.05,1801.74,810.79
2007-04-05,1443.76,12560.2,1812.94,813.35
2007-04-09,1444.61,12569.14,1808.19,811.64
2007-04-10,1448.39,12573.85,1816.93,814.51
2007-04-11,1438.87,12484.62,1798.09,808.24
2007-04-12,1447.8,12552.96,1813.49,815.05
2007-04-13,1452.85,12612.13,1816.85,819.38
2007-04-16,1468.47,12720.46,1833.96,831.44
2007-04-17,1471.48,12773.04,1834.91,828.96
2007-04-18,1472.5,12803.84,1832.39,824.38
2007-04-19,1470.73,12808.63,1832.47,819.32
2007-04-20,1484.35,12961.98,1845.89,828.86
2007-04-23,1480.93,12919.4,1850.18,827.55
2007-04-24,1480.41,12953.94,1858.87,826.36
2007-04-25,1495.42,13089.89,1881.33,832.07
2007-04-26,1494.25,13105.5,1889.57,833.8
2007-04-27,1494.07,13120.94,1891.06,829.7
2007-04-30,1482.37,13062.91,1867.75,814.57
2007-05-01,1486.3,13136.14,1873.43,816.25
2007-05-02,1495.92,13211.88,1889.73,828.46
2007-05-03,1502.39,13241.38,1895.64,828.87
2007-05-04,1505.62,13264.62,1895.7,832.88
2007-05-07,1509.48,13312.97,1895.96,831.87
2007-05-08,1507.72,13309.07,1899.83,830.9
2007-05-09,1512.58,13362.87,1905.65,834.77
2007-05-10,1491.47,13215.13,1875.2,818.63
2007-05-11,1505.85,13326.22,1898.79,829.54
2007-05-14,1503.15,13346.78,1888.08,822.33
2007-05-15,1501.19,13383.84,1871.79,814.18
2007-05-16,1514.14,13487.53,1891.57,820.2
2007-05-17,1512.75,13476.73,1884.68,815.64
2007-05-18,1522.75,13556.53,1896.93,823.66
2007-05-21,1525.1,13542.88,1911.16,833.65
2007-05-22,1524.12,13539.95,1916.45,839.92
2007-05-23,1522.28,13525.65,1904.41,836.54
2007-05-24,1507.51,13441.13,1874.6,823.8
2007-05-25,1515.73,13507.28,1889.25,829.93
2007-05-29,1518.11,13521.34,1899.79,837.53
2007-05-30,1530.23,13633.08,1918.08,843.35
2007-05-31,1530.62,13627.64,1928.19,847.18
2007-06-01,1536.34,13668.11,1928.26,853.41
2007-06-04,1539.18,13676.32,1933.73,855.09
2007-06-05,1530.95,13595.46,1932.35,848.25
2007-06-06,1517.38,13465.67,1914.85,841.21
2007-06-07,1490.72,13266.73,1882.17,825.32
2007-06-08,1507.67,13424.39,1906.26,835.31
2007-06-11,1509.12,13424.96,1901.96,833.18
2007-06-12,1493,13295.01,1890.67,821.72
2007-06-13,1515.67,13482.35,1913.87,832.54
2007-06-14,1522.97,13553.72,1924.54,837.12
2007-06-15,1532.91,13639.48,1942.41,848.19
2007-06-18,1531.05,13612.98,1944.37,846.28
2007-06-19,1533.7,13635.42,1941.75,848.34
2007-06-20,1512.84,13489.42,1922.12,836.18
2007-06-21,1522.19,13545.84,1941.32,839.81
2007-06-22,1502.56,13360.26,1921.94,834.75
2007-06-25,1497.74,13352.05,1912.9,827.46
2007-06-26,1492.89,13337.66,1908.64,826.13
2007-06-27,1506.34,13427.73,1933.06,838.46
2007-06-28,1505.71,13422.28,1931.67,839.03
2007-06-29,1503.35,13408.62,1934.1,833.7
2007-07-02,1519.43,13535.43,1954.12,845.06
2007-07-03,1524.87,13577.3,1965.2,848.2
2007-07-05,1525.4,13565.84,1981.06,850.13
2007-07-06,1530.44,13611.68,1988.31,852.31
2007-07-09,1531.85,13649.97,1989.2,853.24
2007-07-10,1510.12,13501.7,1971.89,837.48
2007-07-11,1518.76,13577.87,1984.08,839.97
2007-07-12,1547.7,13861.73,2021.03,855.18
2007-07-13,1552.5,13907.25,2032.16,855.77
2007-07-16,1549.52,13950.98,2028.02,848.47
2007-07-17,1549.37,13971.55,2041.78,849.89
2007-07-18,1546.17,13918.22,2037.98,845.91
2007-07-19,1553.08,14000.41,2052.99,851.85
2007-07-20,1534.1,13851.08,2035.88,836.44
2007-07-23,1541.57,13943.42,2036.33,835.62
2007-07-24,1511.04,13716.95,2000.55,811.86
2007-07-25,1518.09,13785.07,2011.14,812.5
2007-07-26,1482.66,13473.57,1986.6,791.48
2007-07-27,1458.95,13265.47,1956.19,777.83
2007-07-30,1473.91,13358.31,1973.93,784.23
2007-07-31,1455.27,13211.99,1932.06,776.12
2007-08-01,1465.81,13362.37,1945.08,777.92
2007-08-02,1472.2,13463.33,1966.6,783.99
2007-08-03,1433.06,13181.91,1918.56,755.42
2007-08-06,1467.67,13468.78,1954.37,766.39
2007-08-07,1476.71,13504.3,1961.64,774.13
2007-08-08,1497.49,13657.86,1987.34,795.66
2007-08-09,1453.09,13270.68,1936.76,784.87
2007-08-10,1453.64,13239.54,1925.14,788.78
2007-08-13,1452.92,13236.53,1934.41,779.81
2007-08-14,1426.54,13028.92,1901.32,762.87
2007-08-15,1406.7,12861.47,1864.92,751.54
2007-08-16,1411.27,12845.78,1846.09,768.83
2007-08-17,1445.94,13079.08,1888.78,786.03
2007-08-20,1445.55,13121.35,1893.05,787.45
2007-08-21,1447.12,13090.86,1910.99,788.38
2007-08-22,1464.07,13236.13,1936.77,798.56
2007-08-23,1462.5,13235.88,1931.88,788.25
2007-08-24,1479.37,13378.87,1961.38,798.93
2007-08-27,1466.79,13322.13,1947.49,789.45
2007-08-28,1432.36,13041.85,1899.24,767.83
2007-08-29,1463.76,13289.29,1954.85,787.32
2007-08-30,1457.64,13238.73,1963.75,783.11
2007-08-31,1473.99,13357.74,1988.73,792.86
2007-09-04,1489.42,13448.86,2020.51,800.69
2007-09-05,1472.29,13305.47,1994.38,790.46
2007-09-06,1478.55,13363.35,1998.67,792.92
2007-09-07,1453.55,13113.38,1958.35,775.79
2007-09-10,1451.7,13127.85,1960.2,769.81
2007-09-11,1471.49,13308.39,1988.98,782.27
2007-09-12,1471.56,13291.65,1988.96,777.9
2007-09-13,1483.95,13424.88,1998.63,780.35
2007-09-14,1484.25,13442.52,2000.82,783.49
2007-09-17,1476.65,13403.42,1983.08,775.81
2007-09-18,1519.78,13739.39,2035.37,806.63
2007-09-19,1529.03,13815.56,2041.36,817.4
2007-09-20,1518.75,13766.7,2032.61,809.76
2007-09-21,1525.75,13820.19,2049.48,813.11
2007-09-24,1517.73,13759.06,2057.25,805.8
2007-09-25,1517.21,13778.65,2076.83,803
2007-09-26,1525.42,13878.15,2088.38,809.12
2007-09-27,1531.38,13912.94,2096.39,814.01
2007-09-28,1526.75,13895.63,2091.11,805.45
2007-10-01,1547.04,14087.55,2116.97,824.74
2007-10-02,1546.63,14047.31,2115.89,831.97
2007-10-03,1539.59,13968.05,2103.01,826.15
2007-10-04,1542.84,13974.31,2105.56,829.15
2007-10-05,1557.59,14066.01,2149.67,844.88
2007-10-08,1552.58,14043.73,2163.26,840.14
2007-10-09,1565.15,14164.53,2171.21,845.72
2007-10-10,1562.47,14078.69,2176.98,845.19
2007-10-11,1554.41,14015.12,2140.92,834.98
2007-10-12,1561.8,14093.08,2177.99,841.17
2007-10-15,1548.71,13984.8,2158.92,829.36
2007-10-16,1538.53,13912.94,2151.14,823.35
2007-10-17,1541.24,13892.54,2179.14,824.89
2007-10-18,1540.08,13888.96,2187.52,825.03
2007-10-19,1500.63,13522.02,2131.08,798.79
2007-10-22,1506.33,13566.97,2157.45,810.08
2007-10-23,1519.59,13676.23,2205.18,818.53
2007-10-24,1515.88,13675.25,2188.59,810.85
2007-10-25,1514.4,13671.92,2161.52,806.11
2007-10-26,1535.28,13806.7,2194.59,821.39
2007-10-29,1540.98,13870.26,2203.42,821.72
2007-10-30,1531.02,13792.47,2207.61,816.15
2007-10-31,1549.38,13930.01,2238.98,828.02
2007-11-01,1508.44,13567.87,2197.07,795.18
2007-11-02,1509.65,13595.1,2213.86,797.78
2007-11-05,1502.17,13543.4,2200.48,790.43
2007-11-06,1520.27,13660.94,2223.97,801.77
2007-11-07,1475.62,13300.02,2169.43,775.96
2007-11-08,1474.77,13266.29,2106.16,780.9
2007-11-09,1453.7,13042.74,2034.3,772.38
2007-11-12,1439.18,12987.55,1982.16,767.09
2007-11-13,1481.05,13307.09,2066.08,789.15
2007-11-14,1470.58,13231.01,2038.05,782.47
2007-11-15,1451.15,13110.05,2024.03,771.6
2007-11-16,1458.74,13176.79,2048.62,769.5
2007-11-19,1433.27,12958.44,2021.14,750.33
2007-11-20,1439.7,13010.14,2029.94,749.33
2007-11-21,1416.77,12799.04,2006.38,740.3
2007-11-23,1440.7,12980.88,2028.9,755.03
2007-11-26,1407.22,12743.44,1989.36,735.07
2007-11-27,1428.23,12958.44,2033.76,743.27
2007-11-28,1469.02,13289.45,2095.39,770.04
2007-11-29,1469.72,13311.73,2102.42,766.06
2007-11-30,1481.14,13371.72,2089.1,767.77
2007-12-03,1472.42,13314.57,2067.45,759.97
2007-12-04,1462.79,13248.73,2059.06,752.06
2007-12-05,1485.01,13444.96,2099.31,765.64
2007-12-06,1507.34,13619.89,2127.65,786.95
2007-12-07,1504.66,13625.58,2130,785.52
2007-12-10,1515.96,13727.03,2134.88,791.2
2007-12-11,1477.65,13432.77,2083.72,766.27
2007-12-12,1486.59,13473.9,2101.36,771.71
2007-12-13,1488.41,13517.96,2094.68,769.46
2007-12-14,1467.95,13339.85,2072.11,753.93
2007-12-17,1445.9,13167.2,2020.8,739.06
2007-12-18,1454.98,13232.47,2029.49,754.06
2007-12-19,1453,13207.27,2031,756.13
2007-12-20,1460.12,13245.64,2069.68,767.54
2007-12-21,1484.46,13450.65,2111.77,785.6
2007-12-24,1496.45,13549.33,2128.62,794.39
2007-12-26,1497.66,13551.69,2136.94,797.03
2007-12-27,1476.37,13359.61,2106.09,773.51
2007-12-28,1478.49,13365.87,2107.05,771.76
2007-12-31,1468.36,13264.82,2084.93,766.03
2008-01-02,1447.16,13043.96,2049.71,753.55
2008-01-03,1447.16,13056.72,2051.76,745.01
2008-01-04,1411.63,12800.18,1963.52,721.6
2008-01-07,1416.18,12827.49,1957.44,723.95
2008-01-08,1390.19,12589.07,1910.33,704.86
2008-01-09,1409.13,12735.31,1949.2,712.12
2008-01-10,1420.33,12853.09,1953.64,720.21
2008-01-11,1401.02,12606.3,1912.81,704.65
2008-01-14,1416.25,12778.15,1949.15,712.48
2008-01-15,1380.95,12501.11,1894.09,697.43
2008-01-16,1373.2,12466.16,1872.29,699.91
2008-01-17,1333.25,12159.21,1842.1,680.57
2008-01-18,1325.19,12099.3,1844.09,673.18
2008-01-22,1310.5,11971.19,1795.61,671.57
2008-01-23,1338.6,12270.17,1789.53,693.43
2008-01-24,1352.07,12378.61,1826.92,692.72
2008-01-25,1330.61,12207.17,1789.17,688.6
2008-01-28,1353.97,12383.89,1805.08,702.39
2008-01-29,1362.3,12480.3,1807.67,705.2
2008-01-30,1355.81,12442.83,1808.51,695.49
2008-01-31,1378.55,12650.36,1841.42,713.3
2008-02-01,1395.42,12743.19,1855.27,730.5
2008-02-04,1380.82,12635.16,1828.8,723.46
2008-02-05,1336.64,12265.13,1773.49,701.58
2008-02-06,1326.45,12200.1,1740.95,692.49
2008-02-07,1336.91,12247,1753.3,702.78
2008-02-08,1331.29,12182.13,1773.74,698.93
2008-02-11,1339.13,12240.01,1793.09,699.75
2008-02-12,1348.86,12373.41,1780.54,705.48
2008-02-13,1367.21,12552.24,1823,721.93
2008-02-14,1348.86,12376.98,1787.59,705.32
2008-02-15,1349.99,12348.21,1780.38,701.52
2008-02-19,1348.78,12337.22,1764.81,702.34
2008-02-20,1360.03,12427.26,1787.45,710.02
2008-02-21,1342.53,12284.3,1766.3,696.28
2008-02-22,1353.11,12381.02,1773.44,695.43
2008-02-25,1371.8,12570.22,1785.46,710.46
2008-02-26,1381.29,12684.92,1791.31,717.32
2008-02-27,1380.02,12694.28,1799.94,716.44
2008-02-28,1367.68,12582.18,1794.46,705.72
2008-02-29,1330.63,12266.39,1745.27,686.18
2008-03-03,1331.34,12258.9,1733.27,684.22
2008-03-04,1326.75,12213.8,1743.7,680.98
2008-03-05,1333.7,12254.99,1753.57,683.74
2008-03-06,1304.34,12040.39,1712.5,662.78
2008-03-07,1293.37,11893.69,1707.5,660.11
2008-03-10,1273.37,11740.15,1673.03,643.97
2008-03-11,1320.65,12156.81,1740.95,673.81
2008-03-12,1308.77,12110.24,1735.18,667.31
2008-03-13,1315.48,12145.74,1750.4,679.71
2008-03-14,1288.14,11951.09,1713.83,662.9
2008-03-17,1276.6,11972.25,1687.19,650.48
2008-03-18,1330.74,12392.66,1761.05,681.93
2008-03-19,1298.42,12099.66,1715.59,664.13
2008-03-20,1329.51,12361.32,1751.99,681.42
2008-03-24,1349.88,12548.64,1814.4,701.28
2008-03-25,1352.99,12532.6,1824.54,705.27
2008-03-26,1341.13,12422.86,1817.28,702.11
2008-03-27,1325.76,12302.46,1777.89,692.39
2008-03-28,1315.22,12216.4,1767.57,683.18
2008-03-31,1322.7,12262.89,1781.93,687.97
2008-04-01,1370.18,12654.36,1855.48,710.65
2008-04-02,1367.53,12605.83,1848.8,712.27
2008-04-03,1369.31,12626.03,1855.19,713.57
2008-04-04,1370.4,12609.42,1865.87,713.73
2008-04-07,1372.54,12612.43,1860.83,712.68
2008-04-08,1365.54,12576.44,1846.14,711.92
2008-04-09,1354.49,12527.26,1826.19,698.38
2008-04-10,1360.55,12581.98,1852.97,707.42
2008-04-11,1332.83,12325.42,1798.72,688.16
2008-04-14,1328.32,12302.06,1790.93,686.07
2008-04-15,1334.43,12362.47,1794.73,692.06
2008-04-16,1364.71,12619.27,1846.89,713.39
2008-04-17,1365.56,12620.49,1840.88,708
2008-04-18,1390.33,12849.36,1900.28,721.07
2008-04-21,1388.17,12825.02,1913.12,718
2008-04-22,1375.94,12720.23,1881.65,703.71
2008-04-23,1379.93,12763.22,1906.66,708.11
2008-04-24,1388.82,12848.95,1924.58,717.07
2008-04-25,1397.84,12891.86,1918.58,721.88
2008-04-28,1396.37,12871.75,1923.26,725.37
2008-04-29,1390.94,12831.94,1933.6,718.93
2008-04-30,1385.59,12820.13,1917.7,716.18
2008-05-01,1409.34,13010,1980.44,729.75
2008-05-02,1413.9,13058.2,1981.87,725.74
2008-05-05,1407.49,12969.54,1975.82,724.35
2008-05-06,1418.26,13020.83,1990.61,729.79
2008-05-07,1392.57,12814.35,1951.42,716.21
2008-05-08,1397.68,12866.78,1966.86,719.55
2008-05-09,1388.28,12745.88,1960.29,720.05
2008-05-12,1403.58,12876.31,1997.02,733.23
2008-05-13,1403.04,12832.18,2000.61,736.85
2008-05-14,1408.66,12898.38,1997.3,736.07
2008-05-15,1423.57,12992.66,2031.34,743.38
2008-05-16,1425.35,12986.8,2031.27,741.17
2008-05-19,1426.63,13028.16,2016.6,738.45
2008-05-20,1413.4,12828.68,2000.67,735.64
2008-05-21,1390.71,12601.19,1956.8,727.11
2008-05-22,1394.35,12625.62,1964.92,733.01
2008-05-23,1375.93,12479.63,1958.96,724.1
2008-05-27,1385.35,12548.35,1995.44,734.39
2008-05-28,1390.84,12594.03,2000.07,738.46
2008-05-29,1398.26,12646.22,2019.02,745.55
2008-05-30,1400.38,12638.32,2032.57,748.28
2008-06-02,1385.67,12503.82,2006.84,741.02
2008-06-03,1377.65,12402.85,1996.79,739
2008-06-04,1377.2,12390.48,2021.45,743.71
2008-06-05,1404.05,12604.45,2055.11,763.27
2008-06-06,1360.68,12209.81,1990.39,740.37
2008-06-09,1361.76,12280.32,1979.71,735.25
2008-06-10,1358.44,12289.76,1972.54,732.62
2008-06-11,1335.49,12083.77,1924.33,717.88
2008-06-12,1339.87,12141.58,1924.26,719.84
2008-06-13,1360.03,12307.35,1966.01,733.61
2008-06-16,1360.14,12269.08,1984.76,740.74
2008-06-17,1350.93,12160.3,1972.82,736.57
2008-06-18,1337.81,12029.06,1951.1,730.71
2008-06-19,1342.83,12063.09,1982.69,737.83
2008-06-20,1317.93,11842.69,1928.39,725.73
2008-06-23,1318,11842.36,1913.31,719.81
2008-06-24,1314.29,11807.43,1903.74,707.92
2008-06-25,1321.97,11811.83,1933.86,716.3
2008-06-26,1283.15,11453.42,1855.39,698.42
2008-06-27,1278.38,11346.51,1855.72,698.14
2008-06-30,1280,11350.01,1837.09,689.66
2008-07-01,1284.91,11382.26,1862.71,691.59
2008-07-02,1261.52,11215.51,1816.15,672.34
2008-07-03,1262.9,11288.54,1816.35,665.78
2008-07-07,1252.31,11231.96,1826.93,658.26
2008-07-08,1273.7,11384.21,1871.28,682.72
2008-07-09,1244.69,11147.44,1819.18,663.75
2008-07-10,1253.39,11229.02,1839.57,670.44
2008-07-11,1239.49,11100.54,1810.88,674.95
2008-07-14,1228.3,11055.19,1798.03,664.5
2008-07-15,1214.91,10962.54,1798.35,662.35
2008-07-16,1245.36,11239.28,1843.87,686.75
2008-07-17,1260.32,11446.66,1853.47,696.63
2008-07-18,1260.68,11496.57,1823.23,693.08
2008-07-21,1260,11467.34,1819.76,697.63
2008-07-22,1277,11602.5,1821.62,716.82
2008-07-23,1282.19,11632.38,1845.56,719.19
2008-07-24,1252.54,11349.28,1816.98,702.39
2008-07-25,1257.76,11370.69,1846.55,710.34
2008-07-28,1234.37,11131.08,1802.99,696.11
2008-07-29,1263.2,11397.56,1845.55,714.55
2008-07-30,1284.26,11583.69,1852.8,718.86
2008-07-31,1267.38,11378.02,1849.15,714.52
2008-08-01,1260.31,11326.32,1826.56,716.16
2008-08-04,1249.01,11284.15,1804.84,704.14
2008-08-05,1284.88,11615.77,1869.76,721.04
2008-08-06,1289.19,11656.07,1895.21,725.9
2008-08-07,1266.07,11431.43,1880.09,713.41
2008-08-08,1296.32,11734.32,1926.23,734.3
2008-08-11,1305.32,11782.35,1941.23,751.06
2008-08-12,1289.59,11642.47,1941.07,744.94
2008-08-13,1285.83,11532.96,1942.02,747.69
2008-08-14,1292.93,11615.93,1964.38,754.38
2008-08-15,1298.2,11659.9,1957.56,753.37
2008-08-18,1278.6,11479.39,1932.7,741.97
2008-08-19,1266.69,11348.55,1908.68,730.03
2008-08-20,1274.54,11417.43,1913.02,731.6
2008-08-21,1277.72,11430.21,1906.74,725.25
2008-08-22,1292.2,11628.06,1931.47,737.6
2008-08-25,1266.84,11386.25,1889.72,720.54
2008-08-26,1271.51,11412.87,1886.32,723.51
2008-08-27,1281.66,11502.51,1900.3,732.95
2008-08-28,1300.68,11715.18,1915.12,747.79
2008-08-29,1282.83,11543.55,1872.54,739.5
2008-09-02,1277.58,11516.92,1850.14,738.51
2008-09-03,1274.98,11532.88,1833.09,741.91
2008-09-04,1236.83,11188.23,1774.78,718.62
2008-09-05,1242.31,11220.96,1768.23,718.85
2008-09-08,1267.79,11510.74,1762.95,732.86
2008-09-09,1224.51,11230.73,1721.55,707.29
2008-09-10,1232.04,11268.92,1738.07,717.16
2008-09-11,1249.05,11433.71,1773.65,719
2008-09-12,1251.7,11421.99,1767.13,720.26
2008-09-15,1192.7,10917.51,1705.46,689.76
2008-09-16,1213.59,11059.02,1724.08,710.65
2008-09-17,1156.39,10609.66,1632.45,676.38
2008-09-18,1206.51,11019.69,1697.42,723.68
2008-09-19,1255.08,11388.44,1745.06,753.74
2008-09-22,1207.09,11015.69,1665.94,720.44
2008-09-23,1188.22,10854.17,1648.4,709.19
2008-09-24,1185.87,10825.17,1661.33,697.77
2008-09-25,1209.18,11022.06,1687.55,705.74
2008-09-26,1213.01,11143.13,1672.04,704.79
2008-09-29,1106.39,10365.45,1496.15,657.72
2008-09-30,1166.36,10850.66,1594.63,679.58
2008-10-01,1161.06,10831.07,1563.8,671.59
2008-10-02,1114.28,10482.85,1491.11,637.67
2008-10-03,1099.23,10325.38,1470.84,619.4
2008-10-06,1056.89,9955.5,1411.28,595.91
2008-10-07,996.23,9447.11,1329.98,558.95
2008-10-08,984.94,9258.1,1330.61,546.57
2008-10-09,909.92,8579.19,1275.1,499.2
2008-10-10,899.22,8451.19,1269.8,522.48
2008-10-13,1003.35,9387.61,1429.54,570.89
2008-10-14,998.01,9310.99,1364.59,554.65
2008-10-15,907.84,8577.91,1244.23,502.11
2008-10-16,946.43,8979.26,1312.97,536.57
2008-10-17,940.55,8852.22,1311.72,526.43
2008-10-20,985.4,9265.43,1352.76,546.84
2008-10-21,955.05,9033.66,1283.43,530.81
2008-10-22,896.78,8519.21,1237.09,501.97
2008-10-23,908.11,8691.25,1239.16,489.92
2008-10-24,876.77,8378.95,1202.27,471.12
2008-10-27,848.92,8175.77,1169.78,448.4
2008-10-28,940.51,9065.12,1297.57,482.55
2008-10-29,930.09,8990.96,1302.12,490.88
2008-10-30,954.09,9180.69,1333.94,514.18
2008-10-31,968.75,9325.01,1334.78,537.52
2008-11-03,966.3,9319.83,1334.75,538.5
2008-11-04,1005.75,9625.28,1378.4,545.97
2008-11-05,952.77,9139.27,1299.98,514.64
2008-11-06,904.88,8695.79,1241.97,495.84
2008-11-07,930.99,8943.81,1271.62,505.79
2008-11-10,919.21,8870.54,1251,493.1
2008-11-11,898.95,8693.96,1225.59,482.29
2008-11-12,852.3,8282.66,1165.38,452.8
2008-11-13,911.29,8835.25,1240.93,491.23
2008-11-14,873.29,8497.31,1179.63,456.52
2008-11-17,850.75,8273.58,1151.96,451.3
2008-11-18,859.12,8424.75,1155.75,447.51
2008-11-19,806.58,7997.28,1087.6,412.38
2008-11-20,752.44,7552.29,1036.51,385.31
2008-11-21,800.03,8046.42,1085.57,406.54
2008-11-24,851.81,8443.39,1154.34,436.8
2008-11-25,857.39,8479.47,1142.58,443.18
2008-11-26,887.68,8726.61,1193.09,468.86
2008-11-28,896.24,8829.04,1185.75,473.14
2008-12-01,816.21,8149.09,1091.16,417.07
2008-12-02,848.81,8419.09,1130,441.82
2008-12-03,870.74,8591.69,1166.2,453.76
2008-12-04,845.22,8376.24,1127.75,439.53
2008-12-05,876.07,8635.42,1177.87,461.09
2008-12-08,909.7,8934.18,1225.06,481.38
2008-12-09,888.67,8691.33,1212.45,465.71
2008-12-10,899.24,8761.42,1222.38,476.4
2008-12-11,873.59,8565.09,1180.46,451.21
2008-12-12,879.73,8629.68,1206.65,468.43
2008-12-15,868.57,8564.53,1181.87,452.57
2008-12-16,913.18,8924.14,1243.49,482.85
2008-12-17,904.42,8824.34,1225.86,486.59
2008-12-18,885.28,8604.99,1204.69,479.17
2008-12-19,887.88,8579.11,1217.19,486.26
2008-12-22,871.63,8519.77,1189.15,475.07
2008-12-23,863.16,8419.49,1183.19,468.64
2008-12-24,868.15,8468.48,1184.3,470.49
2008-12-26,872.8,8515.55,1185.44,476.77
2008-12-29,869.42,8483.93,1173.15,466.15
2008-12-30,890.64,8668.39,1201.34,482.77
2008-12-31,903.25,8776.39,1211.65,499.45
2009-01-02,931.8,9034.69,1263.7,505.84
2009-01-05,927.45,8952.89,1262.52,505.03
2009-01-06,934.7,9015.1,1274.49,514.7096
2009-01-07,906.65,8769.7,1238.6,497.1
2009-01-08,909.73,8742.46,1252.52,502.01
2009-01-09,890.35,8599.18,1223.01,481.3
2009-01-12,870.26,8473.97,1201.13,468.8
2009-01-13,871.79,8448.56,1202.65,473.79
2009-01-14,842.62,8200.14,1163.42,453.17
2009-01-15,843.74,8212.49,1183.52,462.62
2009-01-16,850.12,8281.22,1198.14,466.45
2009-01-20,805.22,7949.09,1136.61,433.65
2009-01-21,840.24,8228.1,1185.76,456.76
2009-01-22,827.5,8122.8,1168.08,442.85
2009-01-23,831.95,8077.56,1175.89,444.36
2009-01-26,836.57,8116.03,1184.56,450.06
2009-01-27,845.71,8174.73,1194.41,455.58
2009-01-28,874.09,8375.45,1235.91,473.02
2009-01-29,845.14,8149.01,1203.85,453.24
2009-01-30,825.88,8000.86,1180.25,443.53
2009-02-02,825.44,7936.83,1195.75,449.61
2009-02-03,838.51,8078.36,1215.66,452.9
2009-02-04,832.23,7956.66,1215.43,448.48
2009-02-05,845.85,8063.07,1245.11,455.08
2009-02-06,868.6,8280.59,1277.49,470.7
2009-02-09,869.89,8270.87,1281.65,467.94
2009-02-10,827.16,7888.88,1229.29,445.77
2009-02-11,833.74,7939.53,1227.05,447.95
2009-02-12,835.19,7932.76,1242.81,450.42
2009-02-13,826.84,7850.41,1236.85,448.36
2009-02-17,789.17,7552.6,1187.04,428.9
2009-02-18,788.42,7555.63,1188.77,423.18
2009-02-19,778.94,7465.95,1167.89,416.71
2009-02-20,770.05,7365.67,1172.71,410.96
2009-02-23,743.33,7114.78,1128.97,394.58
2009-02-24,773.14,7350.94,1171.45,412.48
2009-02-25,764.9,7270.89,1160.83,401.44
2009-02-26,752.83,7182.08,1127.1,392.95
2009-02-27,735.09,7062.93,1116.99,389.02
2009-03-02,700.82,6763.29,1076.67,367.8
2009-03-03,696.33,6726.02,1080.67,361.01
2009-03-04,712.87,6875.84,1110.3,371.3
2009-03-05,682.55,6594.44,1074.52,349.45
2009-03-06,683.38,6626.94,1064.7,351.05
2009-03-09,676.53,6547.05,1043.87,343.26
2009-03-10,719.6,6926.49,1112.44,367.75
2009-03-11,721.36,6930.4,1125.95,366.3
2009-03-12,750.74,7170.06,1164.71,390.12
2009-03-13,756.55,7223.98,1168.52,393.09
2009-03-16,753.89,7216.97,1145.45,386.36
2009-03-17,778.12,7395.7,1192.17,403.59
2009-03-18,794.35,7486.58,1206.96,417.63
2009-03-19,784.04,7400.8,1204.21,413.26
2009-03-20,768.54,7278.38,1187.18,400.11
2009-03-23,822.92,7775.86,1259.81,433.72
2009-03-24,806.12,7659.97,1234.34,416.39
2009-03-25,813.88,7749.81,1236.66,426.52
2009-03-26,832.86,7924.56,1281.3,445.3
2009-03-27,815.94,7776.18,1251.47,429
2009-03-30,787.53,7522.02,1220.81,415.97
2009-03-31,797.87,7608.92,1237.01,422.75
2009-04-01,811.08,7761.6,1252.51,429.16
2009-04-02,834.38,7978.08,1294.3,450.19
2009-04-03,842.5,8017.59,1316.16,456.13
2009-04-06,835.48,7975.85,1313.1,447.56
2009-04-07,815.55,7789.56,1275.42,431.7
2009-04-08,825.16,7837.11,1300.75,442.12
2009-04-09,856.56,8083.38,1340.28,468.2
2009-04-13,858.73,8057.81,1336.67,468.05
2009-04-14,841.5,7920.18,1322.31,453.22
2009-04-15,852.06,8029.62,1316.51,461.13
2009-04-16,865.3,8125.43,1352.98,473.88
2009-04-17,869.6,8131.33,1353.92,479.37
2009-04-20,832.39,7841.73,1309.37,452.49
2009-04-21,850.08,7969.56,1329.06,470.05
2009-04-22,843.55,7886.57,1335.72,470.7267
2009-04-23,851.92,7957.06,1344.41,466.62
2009-04-24,866.23,8076.29,1373.28,478.74
2009-04-27,857.51,8025,1369.94,469.53
2009-04-28,855.16,8016.95,1361.92,472.84
2009-04-29,873.64,8185.73,1382.38,491.47
2009-04-30,872.81,8168.12,1394.33,487.56
2009-05-01,877.52,8212.41,1396.62,486.98
2009-05-04,907.24,8426.74,1427.96,506.82
2009-05-05,903.8,8410.65,1423.81,502.55
2009-05-06,919.53,8512.28,1423.85,505.09
2009-05-07,907.39,8409.85,1389.83,492.94
2009-05-08,929.23,8574.65,1394.16,511.82
2009-05-11,909.24,8418.77,1395.79,501.94
2009-05-12,908.35,8469.11,1377.4,495.18
2009-05-13,883.92,8284.89,1339.83,471.82
2009-05-14,893.07,8331.32,1359.67,480.71
2009-05-15,882.88,8268.64,1355.11,475.84
2009-05-18,909.71,8504.08,1392.73,494.79
2009-05-19,908.13,8474.85,1398.05,493.26
2009-05-20,903.47,8422.04,1393.72,489.35
2009-05-21,888.33,8292.13,1367.39,481.22
2009-05-22,887,8277.32,1363.17,477.62
2009-05-26,910.33,8473.49,1412.61,500.31
2009-05-27,893.06,8300.02,1401.88,489.86
2009-05-28,906.83,8403.8,1420.31,492.21
2009-05-29,919.14,8500.33,1435.57,501.58
2009-06-01,942.87,8721.44,1477.12,521.33
2009-06-02,944.74,8740.87,1480.31,526.68
2009-06-03,931.76,8675.28,1475.44,522.71
2009-06-04,942.46,8750.24,1492.74,531.68
2009-06-05,940.09,8763.13,1493.21,530.36
2009-06-08,939.14,8764.49,1488.49,524.79
2009-06-09,942.43,8763.06,1501.55,527.93
2009-06-10,939.15,8739.02,1495.27,523.71
2009-06-11,944.89,8770.92,1497.01,526.08
2009-06-12,946.21,8799.26,1489.97,526.83
2009-06-15,923.72,8612.13,1456.96,511.83
2009-06-16,911.97,8504.67,1443.25,503.74
2009-06-17,910.71,8497.18,1455.89,507.03
2009-06-18,918.37,8555.6,1453.8,509.48
2009-06-19,921.23,8539.73,1471.23,512.72
2009-06-22,893.04,8339.01,1426.61,492.81
2009-06-23,895.1,8322.91,1424.46,489.77
2009-06-24,900.94,8299.86,1447.06,494.95
2009-06-25,920.26,8472.4,1475.82,509.18
2009-06-26,918.9,8438.39,1480.2,513.22
2009-06-29,927.23,8529.38,1483.83,510.61
2009-06-30,919.32,8447,1477.25,508.28
2009-07-01,923.33,8504.06,1481.34,517.46
2009-07-02,896.42,8280.74,1446.28,497.21
2009-07-06,898.72,8324.87,1441.01,494.03
2009-07-07,881.03,8163.6,1404.78,484.25
2009-07-08,879.56,8178.41,1411.53,479.68
2009-07-09,882.68,8183.17,1414.98,479.27
2009-07-10,879.13,8146.52,1419.84,480.98
2009-07-13,901.05,8331.68,1447.7,493.31
2009-07-14,905.84,8359.49,1452.84,496.52
2009-07-15,932.68,8616.21,1500.98,515.64
2009-07-16,940.74,8711.82,1518.87,522.02
2009-07-17,940.38,8743.94,1527.26,519.22
2009-07-20,951.13,8848.15,1544,526.96
2009-07-21,954.58,8915.94,1553.01,525.22
2009-07-22,954.07,8881.26,1565,528.7
2009-07-23,976.29,9069.29,1601.52,545.85
2009-07-24,979.26,9093.24,1599.06,548.46
2009-07-27,982.18,9108.51,1599.31,550.88
2009-07-28,979.62,9096.72,1605.47,551.95
2009-07-29,975.15,9070.72,1599.61,548.38
2009-07-30,986.75,9154.46,1609.87,557.8
2009-07-31,987.48,9171.61,1603.36,556.71
2009-08-03,1002.63,9286.56,1628.12,565.78
2009-08-04,1005.65,9320.19,1628.49,570.74
2009-08-05,1002.72,9280.97,1614.44,565.99
2009-08-06,997.08,9256.26,1600.29,557.62
2009-08-07,1010.48,9370.07,1619.49,572.4
2009-08-10,1007.1,9337.95,1610.43,571.87
2009-08-11,994.35,9241.45,1594.69,562.12
2009-08-12,1005.81,9361.61,1619.59,572.17
2009-08-13,1012.73,9398.19,1628.65,575.19
2009-08-14,1004.09,9321.4,1611.58,563.9
2009-08-17,979.73,9135.34,1564.89,548.18
2009-08-18,989.67,9217.94,1586.5,556.43
2009-08-19,996.46,9279.16,1596.61,561.65
2009-08-20,1007.37,9350.05,1614.22,568.68
2009-08-21,1026.13,9505.96,1637.78,581.51
2009-08-24,1025.57,9509.28,1634.78,580.24
2009-08-25,1028,9539.29,1639.9,583.22
2009-08-26,1028.12,9543.52,1637,584.02
2009-08-27,1030.98,9580.63,1640.97,583.77
2009-08-28,1028.93,9544.2,1643.24,579.86
2009-08-31,1020.62,9496.28,1625.19,572.07
2009-09-01,998.04,9310.6,1595.84,558.06
2009-09-02,994.75,9280.67,1594.28,555.83
2009-09-03,1003.24,9344.61,1605.98,562.49
2009-09-04,1016.4,9441.27,1638.07,570.5
2009-09-08,1025.39,9497.34,1654.81,576.38
2009-09-09,1033.37,9547.22,1669.23,586.4
2009-09-10,1044.14,9627.48,1686.16,594.9
2009-09-11,1042.73,9605.41,1685.46,593.59
2009-09-14,1049.34,9626.8,1693.76,600.03
2009-09-15,1052.63,9683.41,1699.53,604.84
2009-09-16,1068.76,9791.71,1723.73,617.38
2009-09-17,1065.49,9783.92,1721.09,615.47
2009-09-18,1068.3,9820.2,1725.24,617.88
2009-09-21,1064.66,9778.86,1731.58,615.97
2009-09-22,1071.66,9829.87,1734.09,620.69
2009-09-23,1060.87,9748.55,1724.27,613.37
2009-09-24,1050.78,9707.44,1709.76,601.75
2009-09-25,1044.38,9665.19,1694.15,598.94
2009-09-28,1062.98,9789.36,1724.59,613.22
2009-09-29,1060.61,9742.2,1717.67,610.45
2009-09-30,1057.08,9712.28,1718.99,604.28
2009-10-01,1029.85,9509.28,1666.41,583.75
2009-10-02,1025.21,9487.67,1662.49,580.2
2009-10-05,1040.46,9599.75,1675.64,591.11
2009-10-06,1054.72,9731.25,1705.25,601.98
2009-10-07,1057.58,9725.58,1710.45,602.08
2009-10-08,1065.48,9786.87,1717.79,607.75
2009-10-09,1071.49,9864.94,1727.76,614.92
2009-10-12,1076.19,9885.8,1729.63,613.81
2009-10-13,1073.19,9871.06,1730.27,611.7
2009-10-14,1092.02,10015.86,1754.26,623.94
2009-10-15,1096.56,10062.94,1753.36,623.34
2009-10-16,1087.68,9995.91,1739.32,616.18
2009-10-19,1097.91,10092.19,1756.68,622.34
2009-10-20,1091.06,10041.48,1756.19,613.41
2009-10-21,1081.4,9949.36,1753.56,605.11
2009-10-22,1092.91,10081.31,1763.15,613.38
2009-10-23,1079.6,9972.18,1753.63,600.86
2009-10-26,1066.95,9867.96,1746.75,593.66
2009-10-27,1063.41,9882.17,1722.46,586.99
2009-10-28,1042.63,9762.69,1682.06,566.36
2009-10-29,1066.11,9962.58,1711.27,580.22
2009-10-30,1036.19,9712.73,1667.13,562.77
2009-11-02,1042.88,9789.44,1672.91,562.4
2009-11-03,1045.41,9771.91,1679.2,570.62
2009-11-04,1046.5,9802.14,1680.67,563.12
2009-11-05,1066.63,10005.96,1721.09,581.15
2009-11-06,1069.3,10023.42,1730.76,580.35
2009-11-09,1093.08,10226.94,1768.4,592.31
2009-11-10,1093.01,10246.97,1773.17,586.97
2009-11-11,1098.51,10291.26,1782.95,592.71
2009-11-12,1087.24,10197.47,1773.14,580.32
2009-11-13,1093.48,10270.47,1788.61,586.28
2009-11-16,1109.3,10406.96,1807.56,602.87
2009-11-17,1110.32,10437.42,1812.21,602.34
2009-11-18,1109.8,10426.31,1801.74,600.15
2009-11-19,1094.9,10332.44,1773.19,585.68
2009-11-20,1091.38,10318.16,1764.39,584.68
2009-11-23,1106.24,10450.95,1792.94,594.81
2009-11-24,1105.65,10433.71,1786.25,592.58
2009-11-25,1110.63,10464.4,1793.67,592.19
2009-11-27,1091.49,10309.92,1765.46,577.21
2009-11-30,1095.63,10344.84,1767.43,579.73
2009-12-01,1108.86,10471.58,1787.71,589.2
2009-12-02,1109.24,10452.68,1790.82,596.09
2009-12-03,1099.92,10366.15,1782.91,588.78
2009-12-04,1105.98,10388.9,1791.91,602.79
2009-12-07,1103.25,10390.11,1783.65,603.56
2009-12-08,1091.94,10285.97,1772.73,597.7
2009-12-09,1095.95,10337.05,1789.7,598.03
2009-12-10,1102.35,10405.83,1799.37,595.38
2009-12-11,1106.41,10471.5,1792.06,600.37
2009-12-14,1114.11,10501.05,1809.09,609.79
2009-12-15,1107.93,10452,1798.21,606.31
2009-12-16,1109.18,10441.12,1800.82,611.21
2009-12-17,1096.08,10308.26,1778.27,604.25
2009-12-18,1102.47,10328.89,1807.36,610.57
2009-12-21,1114.05,10414.14,1828.79,618.6
2009-12-22,1118.02,10464.93,1839.51,623.6
2009-12-23,1120.59,10466.44,1851.99,630.98
2009-12-24,1126.48,10520.1,1869.84,634.07
2009-12-28,1127.78,10547.08,1878.18,633.75
2009-12-29,1126.2,10545.41,1872.02,633.18
2009-12-30,1126.42,10548.51,1878.65,633.41
2009-12-31,1115.1,10428.05,1860.31,625.39
2010-01-04,1132.99,10583.96,1886.7,640.1
2010-01-05,1136.52,10572.02,1888.43,638.49
2010-01-06,1137.14,10573.68,1878.42,637.95
2010-01-07,1141.69,10606.86,1876.72,641.97
2010-01-08,1144.98,10618.19,1892.59,644.56
2010-01-11,1146.98,10663.99,1886.24,643.99
2010-01-12,1136.22,10627.26,1861.79,635.5
2010-01-13,1145.68,10680.77,1886.13,643.56
2010-01-14,1148.46,10710.55,1886.52,646.43
2010-01-15,1136.03,10609.65,1864.52,637.96
2010-01-19,1150.23,10725.43,1895.48,649.15
2010-01-20,1138.04,10603.15,1867.95,639.61
2010-01-21,1116.48,10389.88,1850.57,628.36
2010-01-22,1091.76,10172.98,1794.82,617.12
2010-01-25,1096.78,10196.86,1802.39,618.11
2010-01-26,1092.17,10194.29,1803.86,612.16
2010-01-27,1097.5,10236.16,1818.9,618.38
2010-01-28,1084.53,10120.46,1771.1,607.93
2010-01-29,1073.87,10067.33,1741.04,602.04
2010-02-01,1089.19,10185.53,1760.72,609.25
2010-02-02,1103.32,10296.85,1776.92,614.05
2010-02-03,1097.28,10270.55,1784.7,610.66
2010-02-04,1063.11,10002.18,1732.99,589.68
2010-02-05,1066.19,10012.23,1746.12,592.98
2010-02-08,1056.74,9908.39,1734.88,586.49
2010-02-09,1070.52,10058.64,1753.84,595.17
2010-02-10,1068.13,10038.38,1749.76,595.82
2010-02-11,1078.47,10144.19,1775.74,605.46
2010-02-12,1075.51,10099.14,1779.11,610.72
2010-02-16,1094.87,10268.81,1802.06,620.84
2010-02-17,1099.51,10309.24,1810.86,624.83
2010-02-18,1106.75,10392.9,1823.39,629.32
2010-02-19,1109.17,10402.35,1823.32,631.62
2010-02-22,1108.01,10383.38,1817.63,632.25
2010-02-23,1094.6,10282.41,1793.82,625.07
2010-02-24,1105.24,10374.16,1812.51,630.43
2010-02-25,1102.94,10321.03,1812.91,630.46
2010-02-26,1104.49,10325.26,1818.68,628.56
2010-03-01,1115.71,10403.79,1846.4,642.65
2010-03-02,1118.31,10405.98,1851.21,648.31
2010-03-03,1118.79,10396.76,1851.57,649.26
2010-03-04,1122.97,10444.14,1859.72,652.47
2010-03-05,1138.7,10566.2,1888.56,666.02
2010-03-08,1138.5,10552.52,1890.89,667.11
2010-03-09,1140.45,10564.38,1901.38,669.63
2010-03-10,1145.61,10567.33,1917.35,674.93
2010-03-11,1150.24,10611.84,1923.81,677.22
2010-03-12,1149.99,10624.69,1924.43,676.59
2010-03-15,1150.51,10642.15,1920.09,674.41
2010-03-16,1159.46,10685.98,1932.24,679.58
2010-03-17,1166.21,10733.67,1936.22,683.98
2010-03-18,1165.83,10779.17,1943.94,681.61
2010-03-19,1159.9,10741.98,1932.43,673.89
2010-03-22,1165.81,10785.89,1949.59,682.91
2010-03-23,1174.17,10888.83,1963.2,690.3
2010-03-24,1167.72,10836.15,1951.84,683.68
2010-03-25,1165.73,10841.21,1949.15,679.1
2010-03-26,1166.59,10850.36,1952.63,678.97
2010-03-29,1173.22,10895.86,1961.22,682.25
2010-03-30,1173.27,10907.42,1967.96,683.94
2010-03-31,1169.43,10856.63,1958.34,678.64
2010-04-01,1178.1,10927.07,1959.56,683.98
2010-04-05,1187.44,10973.55,1977.83,697.65
2010-04-06,1189.44,10969.99,1981.95,701.48
2010-04-07,1182.45,10897.52,1977.3,699.46
2010-04-08,1186.44,10927.07,1980.73,699.64
2010-04-09,1194.37,10997.35,1994.43,702.95
2010-04-12,1196.48,11005.97,1995.65,705.06
2010-04-13,1197.3,11019.42,2003.81,707.03
2010-04-14,1210.65,11123.11,2028.82,722.4
2010-04-15,1211.67,11144.57,2038.64,724.21
2010-04-16,1192.13,11018.66,2012.84,714.62
2010-04-19,1197.52,11092.05,2013.53,711.4
2010-04-20,1207.17,11117.06,2023.6,721.55
2010-04-21,1205.94,11124.92,2034.53,726.19
2010-04-22,1208.67,11134.29,2045.16,734.31
2010-04-23,1217.28,11204.28,2055.33,741.92
2010-04-26,1212.05,11205.03,2049.09,738.86
2010-04-27,1183.71,10991.99,2006.25,721.27
2010-04-28,1191.36,11045.27,2007.59,722.39
2010-04-29,1206.78,11167.32,2042.89,737.74
2010-04-30,1186.69,11008.61,2000.63,716.6
2010-05-03,1202.26,11151.83,2031.6,732.82
2010-05-04,1173.6,10926.77,1968.97,709.7
2010-05-05,1165.9,10868.12,1958.26,698.58
2010-05-06,1128.15,10520.32,1893.75,672.230155
2010-05-07,1110.88,10380.43,1849.44,653
2010-05-10,1159.73,10785.14,1942.61,689.61
2010-05-11,1155.79,10748.26,1940.48,695.48
2010-05-12,1171.67,10896.91,1975.58,716.11
2010-05-13,1157.44,10782.95,1945.52,709.85
2010-05-14,1135.68,10620.16,1907.1,693.98
2010-05-17,1136.94,10625.83,1915.45,695.71
2010-05-18,1120.8,10510.95,1887.06,682.75
2010-05-19,1115.05,10444.37,1873.42,674.4
2010-05-20,1071.59,10068.01,1800.12,640.04
2010-05-21,1087.69,10193.39,1822.77,649.29
2010-05-24,1073.65,10066.57,1815.28,641.21
2010-05-25,1074.03,10043.75,1815.68,640.02
2010-05-26,1067.95,9974.45,1796.47,642.62
2010-05-27,1103.06,10258.99,1862.71,670.51
2010-05-28,1089.41,10136.63,1852.39,661.61
2010-06-01,1070.71,10024.02,1835.04,640.96
2010-06-02,1098.38,10249.54,1879.59,660.52
2010-06-03,1102.83,10255.28,1895.66,667.37
2010-06-04,1064.88,9931.97,1832.04,633.97
2010-06-07,1050.47,9816.49,1798.16,618.49
2010-06-08,1062,9939.98,1795.7,617.69
2010-06-09,1055.69,9899.25,1778.92,618.29
2010-06-10,1086.84,10172.53,1830.09,639.79
2010-06-11,1091.6,10211.07,1847.15,649
2010-06-14,1089.63,10190.89,1845.48,652.27
2010-06-15,1115.23,10404.77,1897.48,668.77
2010-06-16,1114.61,10409.46,1905.31,666.13
2010-06-17,1116.04,10434.17,1910.65,665.85
2010-06-18,1117.51,10450.64,1913.48,666.92
2010-06-21,1113.2,10442.41,1895.84,660.03
2010-06-22,1095.31,10293.52,1880.54,645.91
2010-06-23,1092.04,10298.44,1874.42,644.25
2010-06-24,1073.69,10152.8,1844.59,633.17
2010-06-25,1076.76,10143.81,1838.52,645.11
2010-06-28,1074.57,10138.52,1836,641.54
2010-06-29,1041.24,9870.3,1764.06,615.96
2010-06-30,1030.71,9774.02,1739.14,609.49
2010-07-01,1027.37,9732.53,1734.41,604.76
2010-07-02,1022.58,9686.48,1728.34,598.97
2010-07-06,1028.06,9743.62,1734.68,590.03
2010-07-07,1060.27,10018.28,1789.72,611.66
2010-07-08,1070.25,10138.99,1798.31,620.27
2010-07-09,1077.96,10198.03,1814.79,629.43
2010-07-12,1078.75,10216.27,1821.03,621.61
2010-07-13,1095.34,10363.02,1845.03,642.82
2010-07-14,1095.17,10366.72,1853.41,640.16
2010-07-15,1096.48,10359.31,1856.24,634.62
2010-07-16,1064.88,10097.9,1803.48,610.39
2010-07-19,1071.25,10154.43,1819.28,613.08
2010-07-20,1083.48,10229.96,1840.67,624.24
2010-07-21,1069.59,10120.53,1817.3,612.64
2010-07-22,1093.67,10322.3,1863.1,635.48
2010-07-23,1102.66,10424.62,1875.38,650.65
2010-07-26,1115.01,10525.43,1890.4,665.22
2010-07-27,1113.84,10537.69,1888.81,662.17
2010-07-28,1106.13,10497.88,1872.62,650.76
2010-07-29,1101.53,10467.16,1860.3,650.43
2010-07-30,1101.6,10465.94,1864,650.89
2010-08-02,1125.86,10674.38,1898.99,661.86
2010-08-03,1120.46,10636.38,1891.81,655.66
2010-08-04,1127.24,10680.43,1909.2,662.96
2010-08-05,1125.81,10674.98,1904.95,655.07
2010-08-06,1121.64,10653.56,1902.88,650.68
2010-08-09,1127.79,10698.75,1915.17,659.52
2010-08-10,1121.06,10644.25,1899.24,646.36
2010-08-11,1089.47,10378.83,1845.38,620.39
2010-08-12,1083.61,10319.95,1832.17,616.98
2010-08-13,1079.25,10303.15,1818.8,609.49
2010-08-16,1079.38,10302.01,1821.51,615.1
2010-08-17,1092.54,10405.85,1845.37,626.3
2010-08-18,1094.16,10415.54,1850.8,628.04
2010-08-19,1075.63,10271.21,1823,610.96
2010-08-20,1071.69,10213.62,1825.75,610.78
2010-08-23,1067.36,10174.41,1808.31,602.67
2010-08-24,1051.87,10040.45,1775.27,595.59
2010-08-25,1055.33,10060.06,1790.88,604.87
2010-08-26,1047.22,9985.81,1769.02,599.76
2010-08-27,1064.59,10150.65,1791.64,616.76
2010-08-30,1048.92,10009.73,1772.07,601.72
2010-08-31,1049.33,10014.72,1767.43,602.06
2010-09-01,1080.29,10269.47,1820.05,624.99
2010-09-02,1090.1,10320.1,1840.58,632.26
2010-09-03,1104.51,10447.93,1870.31,643.36
2010-09-07,1091.84,10340.69,1856.5,629.29
2010-09-08,1098.87,10387.01,1880,634.25
2010-09-09,1104.18,10415.24,1886.14,634.62
2010-09-10,1109.55,10462.77,1892.34,636.46
2010-09-13,1121.9,10544.13,1921.67,652.28
2010-09-14,1121.1,10526.49,1928.59,649.23
2010-09-15,1125.07,10572.73,1939.6,652.51
2010-09-16,1124.66,10594.83,1948.11,647.81
2010-09-17,1125.59,10607.85,1955.83,651.44
2010-09-20,1142.71,10753.62,1989.43,669.98
2010-09-21,1139.78,10761.03,1989.11,664.66
2010-09-22,1134.28,10739.31,1982.76,656.71
2010-09-23,1124.83,10662.42,1982.15,648.84
2010-09-24,1148.67,10860.26,2023.84,671.01
2010-09-27,1142.16,10812.04,2010.99,668.29
2010-09-28,1147.7,10858.14,2012.43,675.43
2010-09-29,1144.73,10835.28,2009.08,677.64
2010-09-30,1141.2,10788.05,1998.04,676.14
2010-10-01,1146.24,10829.68,1996.6,679.29
2010-10-04,1137.03,10751.27,1975.33,669.45
2010-10-05,1160.75,10944.72,2024.63,689.35
2010-10-06,1159.97,10967.65,2006.52,685.33
2010-10-07,1158.06,10948.58,2011.63,684.23
2010-10-08,1165.15,11006.48,2027.03,693.82
2010-10-11,1165.32,11010.34,2026.98,693.46
2010-10-12,1169.77,11020.4,2041.55,696.04
2010-10-13,1178.1,11096.08,2057.25,706.47
2010-10-14,1173.81,11094.57,2054.51,704.69
2010-10-15,1176.19,11062.78,2097.73,703.16
2010-10-18,1184.71,11143.69,2104.15,710.13
2010-10-19,1165.9,10978.62,2069.73,694.15
2010-10-20,1178.17,11107.97,2085.75,702.11
2010-10-21,1180.26,11146.57,2090.1,698.12
2010-10-22,1183.08,11132.56,2104.21,703.43
2010-10-25,1185.62,11164.05,2113.55,707.89
2010-10-26,1185.64,11169.46,2119.05,706.93
2010-10-27,1182.45,11126.28,2125.88,704.23
2010-10-28,1183.78,11113.95,2129.73,701.03
2010-10-29,1183.26,11118.49,2124.45,703.35
2010-11-01,1184.38,11124.62,2128.42,698.56
2010-11-02,1193.57,11188.72,2151.72,712.89
2010-11-03,1197.96,11215.13,2158.36,715.14
2010-11-04,1221.06,11434.84,2187.8,733.46
2010-11-05,1225.85,11444.08,2186.71,736.59
2010-11-08,1223.25,11406.84,2188.94,736.77
2010-11-09,1213.4,11346.75,2176.88,725.98
2010-11-10,1218.71,11357.04,2187.74,734.87
2010-11-11,1213.54,11283.1,2173.11,731.58
2010-11-12,1199.21,11192.58,2137.95,719.27
2010-11-15,1197.75,11201.97,2131.48,719.94
2010-11-16,1178.34,11023.5,2093.63,705.34
2010-11-17,1178.59,11007.88,2100,707.77
2010-11-18,1196.69,11181.23,2134.77,720.84
2010-11-19,1199.73,11203.55,2135.27,724.36
2010-11-22,1197.84,11178.58,2150.86,727.33
2010-11-23,1180.73,11036.37,2116.61,719.93
2010-11-24,1198.35,11187.28,2160.52,736.53
2010-11-26,1189.4,11092,2153.91,732.73
2010-11-29,1187.76,11052.49,2144.56,731.95
2010-11-30,1180.55,11006.02,2117.33,727.01
2010-12-01,1206.07,11255.78,2162.83,743.14
2010-12-02,1221.53,11362.41,2185.3,751.2
2010-12-03,1224.71,11382.09,2191.17,756.42
2010-12-06,1223.12,11362.19,2189.81,760.86
2010-12-07,1223.75,11359.16,2189.35,764.42
2010-12-08,1228.28,11372.48,2200.6,764.04
2010-12-09,1233,11370.06,2201.57,767.63
2010-12-10,1240.4,11410.32,2215.34,776.83
2010-12-13,1240.46,11428.56,2207.45,772.1
2010-12-14,1241.59,11476.54,2212.59,771.66
2010-12-15,1235.23,11457.47,2202.45,768.36
2010-12-16,1242.87,11499.25,2218.02,776.56
2010-12-17,1243.91,11491.91,2218.29,779.51
2010-12-20,1247.08,11478.13,2223.04,782.3
2010-12-21,1254.6,11533.16,2234.57,790.52
2010-12-22,1258.84,11559.49,2235.91,790.59
2010-12-23,1256.77,11573.49,2230.27,788.96
2010-12-27,1257.54,11555.03,2229.86,792.35
2010-12-28,1258.51,11575.54,2227.42,789.46
2010-12-29,1259.78,11585.38,2231.64,790.26
2010-12-30,1257.88,11569.71,2225.72,789.74
2010-12-31,1257.64,11577.51,2217.86,783.65
2011-01-03,1271.87,11670.75,2254.23,798.56
2011-01-04,1270.2,11691.18,2251.46,785.83
2011-01-05,1276.56,11722.89,2270.4,795.09
2011-01-06,1273.85,11697.31,2277.51,791.42
2011-01-07,1271.5,11674.76,2276.7,787.83
2011-01-10,1269.75,11637.45,2284.38,791.58
2011-01-11,1274.48,11671.88,2288.73,794.76
2011-01-12,1285.96,11755.44,2304.88,801.36
2011-01-13,1283.76,11731.9,2305.53,800.65
2011-01-14,1293.24,11787.38,2323.43,807.57
2011-01-18,1295.02,11837.93,2328.79,807.56
2011-01-19,1281.92,11825.29,2303.32,786.89
2011-01-20,1280.26,11822.8,2286.08,778.08
2011-01-21,1283.35,11871.84,2268.32,773.18
2011-01-24,1290.84,11980.52,2300.39,779.28
2011-01-25,1291.18,11977.19,2304.03,779.96
2011-01-26,1296.63,11985.44,2314.19,793.72
2011-01-27,1299.54,11989.83,2330.07,795.43
2011-01-28,1276.34,11823.7,2270.51,775.4
2011-01-31,1286.12,11891.93,2281.91,781.25
2011-02-01,1307.59,12040.16,2324.95,798.89
2011-02-02,1304.03,12041.97,2321.09,796.16
2011-02-03,1307.1,12062.26,2323.07,798.63
2011-02-04,1310.87,12092.15,2338.2,800.11
2011-02-07,1319.05,12161.63,2349.2,808.32
2011-02-08,1324.57,12233.15,2363.61,813.69
2011-02-09,1320.88,12239.89,2360.95,809.27
2011-02-10,1321.87,12229.29,2364.35,812.7
2011-02-11,1329.15,12273.26,2379.15,822.11
2011-02-14,1332.32,12268.19,2385.6,825.9
2011-02-15,1328.01,12226.64,2381.92,820.03
2011-02-16,1336.32,12288.17,2397.94,828.37
2011-02-17,1340.43,12318.14,2397.57,834.02
2011-02-18,1343.01,12391.25,2392.47,834.82
2011-02-22,1315.44,12212.79,2322.86,812.96
2011-02-23,1307.4,12105.78,2300.94,799.65
2011-02-24,1306.1,12068.5,2313.31,804.18
2011-02-25,1319.88,12130.45,2346.29,821.95
2011-02-28,1327.22,12226.34,2350.99,823.45
2011-03-01,1306.33,12058.02,2315.26,807.08
2011-03-02,1308.44,12066.8,2326.77,810.9
2011-03-03,1330.97,12258.2,2371.76,828.89
2011-03-04,1321.15,12169.88,2359.96,824.99
2011-03-07,1310.13,12090.03,2328.07,812.25
2011-03-08,1321.82,12214.38,2337.55,824.66
2011-03-09,1320.02,12213.09,2322.69,821.19
2011-03-10,1295.11,11984.61,2284.29,799.53
2011-03-11,1304.28,12044.4,2299.26,802.83
2011-03-14,1296.39,11993.16,2290.72,798.17
2011-03-15,1281.87,11855.42,2259.62,791.33
2011-03-16,1256.88,11613.3,2202.97,781.9
2011-03-17,1273.72,11774.59,2225.24,785.52
2011-03-18,1279.2,11858.52,2221.07,794.66
2011-03-21,1298.38,12036.53,2262.7,813.02
2011-03-22,1293.77,12018.63,2257.96,808.66
2011-03-23,1297.54,12086.02,2270.5,811.24
2011-03-24,1309.66,12170.56,2312.09,817.1
2011-03-25,1313.8,12220.59,2316.36,823.85
2011-03-28,1310.19,12197.88,2303.1,821.77
2011-03-29,1319.44,12279.01,2325.54,829.49
2011-03-30,1328.26,12350.61,2336.52,840.37
2011-03-31,1325.83,12319.73,2338.99,843.55
2011-04-01,1332.41,12376.72,2342.92,846.77
2011-04-04,1332.87,12400.03,2334.54,849.36
2011-04-05,1332.63,12393.9,2327.87,853.31
2011-04-06,1335.54,12426.75,2332.34,854.17
2011-04-07,1333.51,12409.49,2332.88,849.44
2011-04-08,1328.17,12380.05,2321.18,840.89
2011-04-11,1324.46,12381.11,2314.5,833.86
2011-04-12,1314.16,12263.58,2298.3,822.27
2011-04-13,1314.41,12270.99,2316.63,823.92
2011-04-14,1314.52,12285.15,2311.25,827.47
2011-04-15,1319.68,12341.83,2307.58,834.98
2011-04-18,1305.14,12201.59,2292.34,821.51
2011-04-19,1312.62,12266.75,2306.77,823.01
2011-04-20,1330.36,12453.54,2357.76,839.45
2011-04-21,1337.38,12505.99,2377.3,845.64
2011-04-25,1335.25,12479.88,2383.72,844.23
2011-04-26,1347.24,12595.37,2396.03,853.04
2011-04-27,1355.66,12690.96,2413.59,858.31
2011-04-28,1360.48,12763.31,2409.9,861.55
2011-04-29,1363.61,12810.54,2404.08,865.29
2011-05-02,1361.22,12807.36,2404.24,854.77
2011-05-03,1356.62,12807.51,2392.8,843.77
2011-05-04,1347.32,12723.58,2387.51,832.9
2011-05-05,1335.1,12584.17,2375.21,829.24
2011-05-06,1340.2,12638.74,2383.18,833.34
2011-05-09,1346.29,12684.68,2390.97,842.8
2011-05-10,1357.16,12760.36,2411.35,855.91
2011-05-11,1342.08,12630.03,2393.08,840.66
2011-05-12,1348.65,12695.92,2407.89,847.53
2011-05-13,1337.77,12595.75,2379.24,835.67
2011-05-16,1329.47,12548.37,2337.85,822.91
2011-05-17,1328.98,12479.58,2343.51,820.36
2011-05-18,1340.68,12560.18,2362.95,833.45
2011-05-19,1343.6,12605.32,2369.67,835.16
2011-05-20,1333.27,12512.04,2351.43,829.06
2011-05-23,1317.37,12381.26,2316.78,814.04
2011-05-24,1316.28,12356.21,2303.55,810.33
2011-05-25,1320.47,12394.66,2310.95,820.87
2011-05-26,1325.69,12402.76,2325.93,830.87
2011-05-27,1331.1,12441.58,2336.09,836.26
2011-05-31,1345.2,12569.79,2372.54,848.3
2011-06-01,1314.55,12290.14,2322.48,821.4
2011-06-02,1312.94,12248.55,2326.7,820.69
2011-06-03,1300.16,12151.26,2292.31,808.13
2011-06-06,1286.17,12089.96,2274.48,795.32
2011-06-07,1284.94,12070.81,2268.96,797.55
2011-06-08,1279.56,12048.94,2252.89,788.04
2011-06-09,1289,12124.36,2256.65,792.64
2011-06-10,1270.98,11951.91,2221.09,779.54
2011-06-13,1271.83,11952.97,2222.28,777.2
2011-06-14,1287.87,12076.11,2250.34,793.99
2011-06-15,1265.42,11897.27,2209.01,779.46
2011-06-16,1267.64,11961.52,2199.93,781.54
2011-06-17,1271.5,12004.36,2192.96,781.75
2011-06-20,1278.36,12080.38,2204.36,788.49
2011-06-21,1295.52,12190.01,2251.82,806.37
2011-06-22,1287.14,12109.67,2235.75,799.87
2011-06-23,1283.5,12050,2255.05,802.68
2011-06-24,1268.45,11934.58,2217.06,797.79
2011-06-27,1280.1,12043.56,2252.24,805.14
2011-06-28,1296.67,12188.69,2285.75,817.31
2011-06-29,1307.41,12261.42,2294.43,819.92
2011-06-30,1320.64,12414.34,2325.07,827.43
2011-07-01,1339.67,12582.77,2361.39,840.04
2011-07-05,1337.88,12569.87,2371.21,841.62
2011-07-06,1339.22,12626.02,2378.58,845.23
2011-07-07,1353.22,12719.49,2412.89,858.11
2011-07-08,1343.8,12657.2,2405.89,852.57
2011-07-11,1319.49,12505.76,2362,833.54
2011-07-12,1313.64,12446.88,2343.79,829.77
2011-07-13,1317.72,12491.61,2352.43,836.98
2011-07-14,1308.87,12437.12,2325.06,823.32
2011-07-15,1316.14,12479.73,2356.67,828.78
2011-07-18,1305.44,12385.16,2344.01,815.97
2011-07-19,1326.73,12587.42,2398.17,834.62
2011-07-20,1325.84,12571.91,2387.8,832.34
2011-07-21,1343.8,12724.41,2404.24,841.26
2011-07-22,1345.02,12681.16,2429.5,841.82
2011-07-25,1337.43,12592.8,2424.15,831.4
2011-07-26,1331.94,12501.3,2429.45,824.83
2011-07-27,1304.89,12302.55,2367.16,800.53
2011-07-28,1300.67,12240.11,2371.77,799.34
2011-07-29,1292.28,12143.24,2362.81,797.03
2011-08-01,1286.94,12132.49,2354.05,792.85
2011-08-02,1254.05,11866.62,2292.85,767.01
2011-08-03,1260.34,11896.44,2312.78,772.78
2011-08-04,1200.07,11383.68,2207.2,726.8
2011-08-05,1199.38,11444.61,2194.38,714.63
2011-08-08,1119.46,10809.85,2060.29,650.96
2011-08-09,1172.53,11239.77,2160.79,696.16
2011-08-10,1120.76,10719.94,2073.09,660.21
2011-08-11,1172.64,11143.31,2167.07,695.89
2011-08-12,1178.81,11269.02,2182.05,697.5
2011-08-15,1204.49,11482.9,2214.12,718.63
2011-08-16,1192.76,11405.93,2194.27,704.76
2011-08-17,1193.89,11410.21,2181.62,704.03
2011-08-18,1140.65,10990.58,2073.03,662.51
2011-08-19,1123.53,10817.65,2038.22,651.7
2011-08-22,1123.82,10854.65,2044.73,651.34
2011-08-23,1162.35,11176.76,2129.27,683.07
2011-08-24,1177.6,11320.71,2145.04,692.57
2011-08-25,1159.27,11149.82,2108.21,674.42
2011-08-26,1176.8,11284.54,2161.97,691.79
2011-08-29,1210.08,11539.25,2223.96,724.65
2011-08-30,1212.92,11559.95,2237.69,728.08
2011-08-31,1218.89,11613.53,2241.01,726.81
2011-09-01,1204.42,11493.57,2219.05,708.92
2011-09-02,1173.97,11240.26,2167.83,683.36
2011-09-06,1165.24,11139.3,2167.6,680.87
2011-09-07,1198.62,11414.86,2223.75,709.47
2011-09-08,1185.9,11295.81,2214.29,694.92
2011-09-09,1154.23,10992.13,2163.66,673.96
2011-09-12,1162.27,11061.12,2191.84,679.76
2011-09-13,1172.87,11105.85,2220.58,691.74
2011-09-14,1188.68,11246.73,2252.75,704.12
2011-09-15,1209.11,11433.18,2286.56,713.51
2011-09-16,1216.01,11509.09,2306.09,714.31
2011-09-19,1204.09,11401.01,2308.76,702.23
2011-09-20,1202.09,11408.66,2295.89,689.95
2011-09-21,1166.76,11124.84,2258.3,664.58
2011-09-22,1129.56,10733.83,2184.59,643.42
2011-09-23,1136.43,10771.48,2206.86,652.43
2011-09-26,1162.95,11043.86,2234.28,665.62
2011-09-27,1175.38,11190.69,2253.55,680.23
2011-09-28,1151.06,11010.9,2220.84,651.97
2011-09-29,1160.4,11153.98,2197.68,662.8
2011-09-30,1131.42,10913.38,2139.18,644.16
2011-10-03,1099.23,10655.3,2085.04,609.49
2011-10-04,1123.95,10808.71,2129.21,648.64
2011-10-05,1144.03,10939.95,2182.77,658.11
2011-10-06,1164.97,11123.33,2217.99,673.8
2011-10-07,1155.46,11103.12,2202.76,656.21
2011-10-10,1194.89,11433.18,2278.65,684.9
2011-10-11,1195.54,11416.3,2294.92,688.97
2011-10-12,1207.25,11518.85,2307.18,700.38
2011-10-13,1203.66,11478.13,2326.88,698.82
2011-10-14,1224.58,11644.49,2371.94,712.46
2011-10-17,1200.86,11397,2334.38,688.6
2011-10-18,1225.38,11577.05,2364.87,709.34
2011-10-19,1209.88,11504.62,2316.81,694.37
2011-10-20,1215.39,11541.78,2306.29,696.42
2011-10-21,1238.25,11808.79,2335.93,712.42
2011-10-24,1254.19,11913.62,2384.42,736.03
2011-10-25,1229.05,11706.62,2335.87,713.65
2011-10-26,1242,11869.04,2334.79,727.15
2011-10-27,1284.59,12208.55,2399.83,765.43
2011-10-28,1285.09,12231.11,2401.29,761
2011-10-31,1253.3,11955.01,2360.08,741.06
2011-11-01,1218.28,11657.96,2298.37,713.89
2011-11-02,1237.9,11836.04,2318.32,733.16
2011-11-03,1261.15,12044.47,2367.71,751.53
2011-11-04,1253.23,11983.24,2356.32,746.49
2011-11-07,1261.12,12068.39,2371.04,745.11
2011-11-08,1275.92,12170.18,2400.01,755.27
2011-11-09,1229.1,11780.94,2314.1,718.86
2011-11-10,1239.69,11893.79,2312.07,725.5
2011-11-11,1263.85,12153.68,2355.78,744.64
2011-11-14,1251.78,12078.98,2341.32,732.89
2011-11-15,1257.81,12096.16,2366.24,743.08
2011-11-16,1236.91,11905.59,2324.37,729.86
2011-11-17,1216.13,11770.73,2272.09,718.74
2011-11-18,1215.65,11796.16,2253.95,719.42
2011-11-21,1192.98,11547.31,2211.14,701.9
2011-11-22,1188.04,11493.72,2216.33,696.26
2011-11-23,1161.79,11257.55,2166.54,674.34
2011-11-25,1158.67,11231.78,2150.88,666.16
2011-11-28,1192.55,11523.01,2224.22,697.9
2011-11-29,1195.19,11555.63,2211.39,696.1
2011-11-30,1246.96,12045.68,2295.2,737.42
2011-12-01,1244.58,12020.03,2309.2,730.75
2011-12-02,1244.28,12019.42,2302.04,735.02
2011-12-05,1257.08,12097.83,2326.95,747.03
2011-12-06,1258.47,12150.13,2321.49,746.78
2011-12-07,1261.01,12196.37,2320.54,746.14
2011-12-08,1234.35,11997.7,2282.59,722.68
2011-12-09,1255.19,12184.26,2318.68,745.4
2011-12-12,1236.47,12021.39,2292.24,733.15
2011-12-13,1225.73,11954.94,2268.37,718.06
2011-12-14,1211.82,11823.48,2233.03,708.46
2011-12-15,1215.75,11868.81,2226.71,716.01
2011-12-16,1219.66,11866.39,2238.18,722.05
2011-12-19,1205.35,11766.26,2215.27,708.56
2011-12-20,1241.3,12103.58,2281.94,738.22
2011-12-21,1243.72,12107.74,2249.03,740.45
2011-12-22,1254,12169.65,2266.77,745.51
2011-12-23,1265.33,12294,2287.57,747.98
2011-12-27,1265.43,12291.35,2293.12,751.31
2011-12-28,1249.64,12151.41,2267.08,735.21
2011-12-29,1263.02,12287.04,2285.07,744.98
2011-12-30,1257.6,12217.56,2277.83,740.92
2012-01-03,1277.06,12397.38,2321.96,752.28
2012-01-04,1277.3,12418.42,2329.71,747.28
2012-01-05,1281.06,12415.7,2348.98,752.29
2012-01-06,1277.81,12359.92,2356.17,749.71
2012-01-09,1280.7,12392.69,2350.65,753.51
2012-01-10,1292.08,12462.47,2367.38,764.75
2012-01-11,1292.48,12449.45,2372.25,767.24
2012-01-12,1295.5,12471.02,2381.99,770.49
2012-01-13,1289.09,12422.06,2371.98,764.2
2012-01-17,1293.67,12482.07,2393.24,765.53
2012-01-18,1308.04,12578.95,2425.96,779.26
2012-01-19,1314.5,12623.98,2441.7,782.37
2012-01-20,1315.38,12720.48,2437.02,784.62
2012-01-23,1316,12708.82,2437.22,783.05
2012-01-24,1314.65,12675.75,2433.96,788.27
2012-01-25,1326.05,12756.96,2465.66,795.64
2012-01-26,1318.43,12734.63,2454.63,792.91
2012-01-27,1316.33,12660.46,2461.77,798.85
2012-01-30,1313.01,12653.72,2465.32,792.38
2012-01-31,1312.41,12632.91,2467.95,792.82
2012-02-01,1324.09,12716.46,2488.18,809.66
2012-02-02,1325.54,12705.41,2495.83,812.89
2012-02-03,1344.9,12862.23,2529.17,831.11
2012-02-06,1344.33,12845.13,2528.3,828.37
2012-02-07,1347.05,12878.2,2532.06,827.37
2012-02-08,1349.96,12883.95,2545.72,828.39
2012-02-09,1351.95,12890.46,2563.93,824.99
2012-02-10,1342.64,12801.23,2547.32,813.33
2012-02-13,1351.77,12874.04,2569.49,824.81
2012-02-14,1350.5,12878.28,2575.24,820.65
2012-02-15,1343.23,12780.95,2556.01,813.98
2012-02-16,1358.04,12904.08,2592.29,829.96
2012-02-17,1361.23,12949.87,2584.24,828.68
2012-02-21,1362.21,12965.69,2590.24,823.22
2012-02-22,1357.66,12938.67,2579.78,816.5
2012-02-23,1363.46,12984.69,2594.93,829.23
2012-02-24,1365.74,12982.95,2604.21,826.92
2012-02-27,1367.59,12981.51,2606.76,826.66
2012-02-28,1372.18,13005.12,2633.46,823.8
2012-02-29,1365.68,12952.07,2623.1,810.94
2012-03-01,1374.09,12980.3,2643.54,815.22
2012-03-02,1369.63,12977.57,2641.58,802.42
2012-03-05,1364.33,12962.81,2614.92,803.65
2012-03-06,1343.36,12759.15,2588.95,787.09
2012-03-07,1352.63,12837.33,2607.85,795.95
2012-03-08,1365.91,12907.94,2637.18,806.34
2012-03-09,1370.87,12922.02,2646.85,817
2012-03-12,1371.09,12959.71,2646.85,814.29
2012-03-13,1395.95,13177.68,2697.43,831.23
2012-03-14,1394.28,13194.1,2708.41,823.4
2012-03-15,1402.6,13252.76,2714.79,831.46
2012-03-16,1404.17,13232.62,2712.78,830.18
2012-03-19,1409.75,13239.13,2733.26,837.77
2012-03-20,1405.52,13170.19,2737.63,829.24
2012-03-21,1402.89,13124.62,2736.88,829.92
2012-03-22,1392.78,13046.14,2731.5,821.44
2012-03-23,1397.11,13080.73,2728.55,830.03
2012-03-26,1416.51,13241.63,2778.02,846.13
2012-03-27,1412.52,13197.73,2782.12,839.98
2012-03-28,1405.54,13126.21,2770.97,834.45
2012-03-29,1403.28,13145.82,2762.05,832.22
2012-03-30,1408.47,13212.04,2755.27,830.3
2012-04-02,1419.04,13264.49,2784.42,840.63
2012-04-03,1413.38,13199.55,2782.78,834.8
2012-04-04,1398.96,13074.75,2745,820.38
2012-04-05,1398.08,13060.14,2762.5,818.18
2012-04-09,1382.2,12929.59,2739.98,803.46
2012-04-10,1358.59,12715.93,2695.12,784.15
2012-04-11,1368.71,12805.39,2708.13,796.59
2012-04-12,1387.57,12986.58,2740.26,808.59
2012-04-13,1370.26,12849.59,2698.99,796.29
2012-04-16,1369.57,12921.41,2670.1,798.08
2012-04-17,1390.78,13115.54,2723.58,810.63
2012-04-18,1385.14,13032.75,2716.14,803.32
2012-04-19,1376.92,12964.1,2686.82,798.9
2012-04-20,1378.53,13029.26,2676.04,804.05
2012-04-23,1366.94,12927.17,2653.5,791.85
2012-04-24,1371.97,13001.56,2638.73,798.05
2012-04-25,1390.69,13090.72,2709.62,812.12
2012-04-26,1399.98,13204.62,2725.23,818.33
2012-04-27,1403.36,13228.31,2741.34,825.47
2012-04-30,1397.91,13213.63,2723.68,816.88
2012-05-01,1405.82,13279.32,2726.92,815.89
2012-05-02,1402.31,13268.57,2734.77,818.6
2012-05-03,1391.57,13206.59,2704.59,806.59
2012-05-04,1369.1,13038.27,2637.92,791.84
2012-05-07,1369.58,13008.53,2639.28,793.81
2012-05-08,1363.72,12932.09,2629.87,793.06
2012-05-09,1354.58,12835.06,2621.35,788.92
2012-05-10,1357.99,12855.04,2616.24,791.75
2012-05-11,1353.39,12820.6,2615.98,790.06
2012-05-14,1338.35,12695.35,2590.28,778.95
2012-05-15,1330.66,12632,2580.75,777.36
2012-05-16,1324.8,12598.55,2561.56,772.11
2012-05-17,1304.86,12442.49,2509.05,754.33
2012-05-18,1295.22,12369.38,2478.53,747.21
2012-05-21,1315.99,12504.48,2545.43,764.64
2012-05-22,1316.63,12502.81,2539.2,759.63
2012-05-23,1318.86,12496.15,2547.08,765.17
2012-05-24,1320.68,12529.75,2531.35,766.57
2012-05-25,1317.82,12454.83,2527.05,766.41
2012-05-29,1332.42,12580.69,2558.97,777.16
2012-05-30,1313.32,12419.86,2537.4,762
2012-05-31,1310.33,12393.45,2524.87,761.82
2012-06-01,1278.04,12118.57,2458.83,737.42
2012-06-04,1278.18,12101.46,2478.13,737.24
2012-06-05,1285.5,12127.95,2487.5,746.09
2012-06-06,1315.13,12414.79,2546.32,765.17
2012-06-07,1314.99,12460.96,2535.41,760.34
2012-06-08,1325.66,12554.2,2559.21,769.19
2012-06-11,1308.93,12411.23,2517.18,751.01
2012-06-12,1324.18,12573.8,2546.2,761.53
2012-06-13,1314.88,12496.38,2527.44,752.38
2012-06-14,1329.1,12651.91,2539.97,762.34
2012-06-15,1342.84,12767.17,2571.23,771.32
2012-06-18,1344.78,12741.82,2592.52,772.53
2012-06-19,1357.98,12837.33,2620.83,786.43
2012-06-20,1355.69,12824.39,2623.33,784.05
2012-06-21,1325.51,12573.57,2556.96,764.83
2012-06-22,1335.02,12640.78,2585.53,775.16
2012-06-25,1313.72,12502.66,2533.54,761.9
2012-06-26,1319.99,12534.67,2549.84,765.02
2012-06-27,1331.85,12627.01,2565.53,776.24
2012-06-28,1329.04,12602.26,2536.65,775.89
2012-06-29,1362.16,12880.09,2615.72,798.49
2012-07-02,1365.51,12871.39,2625.03,807.94
2012-07-03,1374.02,12943.82,2645.84,818.49
2012-07-05,1367.58,12896.67,2647.47,817.43
2012-07-06,1354.68,12772.47,2612.29,807.14
2012-07-09,1352.46,12736.29,2610.31,804.8
2012-07-10,1341.47,12653.12,2585.52,795.17
2012-07-11,1341.45,12604.53,2570.99,792.26
2012-07-12,1334.76,12573.27,2545.3,789.62
2012-07-13,1356.78,12777.09,2584.97,800.99
2012-07-16,1353.64,12727.21,2577.05,796.66
2012-07-17,1363.67,12805.54,2591.65,799.45
2012-07-18,1372.78,12908.7,2625.87,805.06
2012-07-19,1376.51,12943.36,2655.81,802.17
2012-07-20,1362.66,12822.57,2618.04,791.54
2012-07-23,1350.52,12721.46,2589.93,778.9
2012-07-24,1338.31,12617.32,2567.46,767.75
2012-07-25,1337.89,12676.05,2549.2,769.31
2012-07-26,1360.02,12887.93,2584.85,777.11
2012-07-27,1385.97,13075.66,2647.03,796
2012-07-30,1385.3,13073.01,2642.12,791.58
2012-07-31,1379.32,13008.68,2642.53,786.94
2012-08-01,1375.14,12971.06,2635.13,771.03
2012-08-02,1365,12878.88,2625.52,768.6
2012-08-03,1390.99,13096.17,2676,788.48
2012-08-06,1394.23,13117.51,2694.09,794.35
2012-08-07,1401.35,13168.6,2717.16,801.34
2012-08-08,1402.22,13175.64,2714.02,800.16
2012-08-09,1402.8,13165.19,2719.61,802.9
2012-08-10,1405.87,13207.95,2722.96,801.55
2012-08-13,1404.11,13169.43,2728.68,799.49
2012-08-14,1403.93,13172.14,2727.79,796.88
2012-08-15,1405.53,13164.78,2735.47,804.26
2012-08-16,1415.51,13250.11,2768.09,813.08
2012-08-17,1418.16,13275.2,2780.3,819.89
2012-08-20,1418.13,13271.64,2784.33,816.51
2012-08-21,1413.17,13203.58,2772.2,815.36
2012-08-22,1413.49,13172.76,2783.42,812.56
2012-08-23,1402.08,13057.46,2762.02,806
2012-08-24,1411.13,13157.97,2778.05,809.19
2012-08-27,1410.44,13124.67,2782.55,810.4
2012-08-28,1409.3,13102.99,2782.69,814.28
2012-08-29,1410.49,13107.48,2784,817.84
2012-08-30,1399.48,13000.71,2753.74,808.64
2012-08-31,1406.58,13090.84,2772.24,812.09
2012-09-04,1404.94,13035.94,2772.03,822.14
2012-09-05,1403.44,13047.48,2766.95,821.23
2012-09-06,1432.12,13292,2829.71,837.95
2012-09-07,1437.92,13306.64,2825.11,842.27
2012-09-10,1429.08,13254.29,2788.35,839.37
2012-09-11,1433.56,13323.36,2784.89,841.91
2012-09-12,1436.56,13333.35,2791.68,845.12
2012-09-13,1459.99,13539.86,2831.35,856.12
2012-09-14,1465.77,13593.37,2855.23,864.7
2012-09-17,1461.19,13553.1,2856.44,858.9
2012-09-18,1459.32,13564.64,2857.38,856.93
2012-09-19,1461.05,13577.96,2864.03,856.08
2012-09-20,1460.26,13596.93,2861.7,851.51
2012-09-21,1460.15,13579.47,2861.64,855.51
2012-09-24,1456.89,13558.92,2843.98,851.76
2012-09-25,1441.59,13457.55,2804.53,839.12
2012-09-26,1433.32,13413.51,2781.63,833.93
2012-09-27,1447.15,13485.97,2821.6,843.54
2012-09-28,1440.67,13437.13,2799.19,837.45
2012-10-01,1444.49,13515.11,2794.28,840.31
2012-10-02,1445.75,13482.36,2799.29,840.51
2012-10-03,1450.99,13494.61,2818.84,838.78
2012-10-04,1461.4,13575.36,2828.6,844.65
2012-10-05,1460.93,13610.15,2811.94,842.86
2012-10-08,1455.88,13583.65,2786.92,838.41
2012-10-09,1441.48,13473.53,2741.92,827.92
2012-10-10,1432.56,13344.97,2728.54,826.75
2012-10-11,1432.84,13326.39,2719.21,829.78
2012-10-12,1428.59,13328.85,2720.14,823.09
2012-10-15,1440.13,13424.23,2739.88,828.28
2012-10-16,1454.92,13551.78,2778.38,835.44
2012-10-17,1460.91,13557,2775.62,842.52
2012-10-18,1457.34,13548.94,2744.17,837.12
2012-10-19,1433.19,13343.51,2678.32,821
2012-10-22,1433.82,13345.89,2694.56,820.52
2012-10-23,1413.11,13102.53,2666.02,816.2
2012-10-24,1408.75,13077.34,2655.55,813.65
2012-10-25,1412.97,13103.68,2657.66,816.82
2012-10-26,1411.94,13107.21,2665.83,813.25
2012-10-31,1412.16,13096.46,2647.92,818.73
2012-11-01,1427.59,13232.62,2687.52,827.85
2012-11-02,1414.2,13093.16,2656.28,814.37
2012-11-05,1417.26,13112.44,2672.91,819.54
2012-11-06,1428.39,13245.68,2681.05,825.81
2012-11-07,1394.53,12932.73,2612.69,804.52
2012-11-08,1377.51,12811.32,2572.57,793.65
2012-11-09,1379.85,12815.39,2584.1,795.02
2012-11-12,1380.03,12815.08,2582.77,793.76
2012-11-13,1374.53,12756.18,2561.86,789.01
2012-11-14,1355.49,12570.95,2531.87,773.2
2012-11-15,1353.33,12542.38,2524.36,769.48
2012-11-16,1359.88,12588.31,2534.16,776.28
2012-11-19,1386.89,12795.96,2595.83,793.06
2012-11-20,1387.81,12788.51,2594.66,793.81
2012-11-21,1391.03,12836.89,2600.48,798.38
2012-11-23,1409.15,13009.68,2639.59,807.18
2012-11-26,1406.29,12967.37,2651.67,809.02
2012-11-27,1398.94,12878.13,2641.42,807.74
2012-11-28,1409.93,12985.11,2665.27,813.5
2012-11-29,1415.95,13021.82,2680.03,823.2
2012-11-30,1416.18,13025.58,2677.88,821.92
2012-12-03,1409.46,12965.6,2671.84,820.8
2012-12-04,1407.05,12951.78,2667.89,822.12
2012-12-05,1409.28,13034.49,2637.89,820.6
2012-12-06,1413.94,13074.04,2656.3,821.79
2012-12-07,1418.07,13155.13,2640.54,822.27
2012-12-10,1418.55,13169.88,2647.57,826.26
2012-12-11,1427.84,13248.44,2682.07,834.99
2012-12-12,1428.48,13245.45,2674.57,829.39
2012-12-13,1419.45,13170.72,2654.01,824.2
2012-12-14,1413.58,13135.01,2628.09,823.75
2012-12-17,1430.36,13235.39,2664.26,835
2012-12-18,1446.79,13350.96,2705.39,847.69
2012-12-19,1435.81,13251.97,2690.99,847.89
2012-12-20,1443.69,13311.72,2693.55,852.49
2012-12-21,1430.15,13190.84,2664.67,847.92
2012-12-24,1426.66,13139.08,2658.05,844.74
2012-12-26,1419.83,13114.59,2637.18,838.89
2012-12-27,1418.1,13096.31,2632.94,837.4
2012-12-28,1402.43,12938.11,2606.36,832.1
2012-12-31,1426.19,13104.14,2660.93,849.35
2013-01-02,1462.42,13412.55,2746.47,873.42
2013-01-03,1459.37,13391.36,2732.26,872.6
2013-01-04,1466.47,13435.21,2724.49,879.15
2013-01-07,1461.89,13384.29,2724.22,875.8
2013-01-08,1457.15,13328.85,2718.72,874.7
2013-01-09,1461.02,13390.51,2727.65,879.51
2013-01-10,1472.12,13471.22,2744.18,881.24
2013-01-11,1472.05,13488.43,2748.26,880.77
2013-01-14,1470.68,13507.32,2735.7,880.1
2013-01-15,1472.34,13534.89,2722.98,884.6
2013-01-16,1472.63,13511.23,2734.73,882.31
2013-01-17,1480.94,13596.02,2747.15,890.36
2013-01-18,1485.98,13649.7,2743.24,892.8
2013-01-22,1492.56,13712.21,2746.19,899.24
2013-01-23,1494.81,13779.33,2762.17,896.7
2013-01-24,1494.82,13825.33,2723.53,900.19
2013-01-25,1502.96,13895.98,2736.73,905.24
2013-01-28,1500.18,13881.93,2742.43,906.71
2013-01-29,1507.84,13954.42,2743.58,907.31
2013-01-30,1501.96,13910.42,2738.71,896.91
2013-01-31,1498.11,13860.58,2731.53,902.09
2013-02-01,1513.17,14009.79,2763.96,911.2
2013-02-04,1495.71,13880.08,2715.68,899.28
2013-02-05,1511.29,13979.3,2754.99,908.22
2013-02-06,1512.12,13986.52,2746.35,911.29
2013-02-07,1509.39,13944.05,2746.5,908.1
2013-02-08,1517.93,13992.97,2775.56,913.67
2013-02-11,1517.01,13971.24,2774.64,913.03
2013-02-12,1519.43,14018.7,2762.62,917.52
2013-02-13,1520.33,13982.91,2773.77,920.58
2013-02-14,1521.38,13973.39,2771.43,923.76
2013-02-15,1519.79,13981.76,2764.67,923.15
2013-02-19,1530.94,14035.67,2782.86,932
2013-02-20,1511.95,13927.54,2739.99,913.5
2013-02-21,1502.42,13880.62,2711.51,905.4
2013-02-22,1515.6,14000.57,2737.28,916.16
2013-02-25,1487.85,13784.17,2700.97,895.84
2013-02-26,1496.94,13900.13,2713.02,900.05
2013-02-27,1515.99,14075.37,2741.26,909.92
2013-02-28,1514.68,14054.49,2738.58,911.11
2013-03-01,1518.2,14089.66,2747.75,914.73
2013-03-04,1525.2,14127.82,2759.53,916.68
2013-03-05,1539.79,14253.77,2799.25,927.4
2013-03-06,1541.46,14296.24,2792.56,929.96
2013-03-07,1544.26,14329.49,2799.49,934.57
2013-03-08,1551.18,14397.07,2804.11,942.5
2013-03-11,1556.22,14447.29,2811.86,942.51
2013-03-12,1552.48,14450.06,2800.81,940.26
2013-03-13,1554.52,14455.28,2798.68,943.9
2013-03-14,1563.23,14539.14,2807.3,953.07
2013-03-15,1560.7,14514.11,2799.41,952.48
2013-03-18,1552.1,14452.06,2792.3,947.2
2013-03-19,1548.34,14455.82,2787.27,942.85
2013-03-20,1558.71,14511.73,2805.91,951.95
2013-03-21,1545.8,14421.49,2774.85,943.92
2013-03-22,1556.89,14512.03,2800.81,946.27
2013-03-25,1551.69,14447.75,2789.45,945.85
2013-03-26,1563.77,14559.65,2806.5,949.82
2013-03-27,1562.85,14526.16,2809.98,950.24
2013-03-28,1569.19,14578.54,2818.69,951.54
2013-04-01,1562.17,14572.85,2797.07,938.79
2013-04-02,1570.25,14662.01,2820.62,934.3
2013-04-03,1553.69,14550.35,2795.04,918.71
2013-04-04,1559.98,14606.11,2794.92,925.66
2013-04-05,1553.28,14565.25,2771.75,923.28
2013-04-08,1563.07,14613.48,2786.13,931.49
2013-04-09,1568.61,14673.46,2804.67,929.34
2013-04-10,1587.73,14802.24,2859.21,946.09
2013-04-11,1593.37,14865.14,2859.07,947.05
2013-04-12,1588.85,14865.06,2856.48,942.85
2013-04-15,1552.36,14599.2,2797.47,907.18
2013-04-16,1574.57,14756.78,2838.41,923.3
2013-04-17,1552.01,14618.59,2781.98,906.8
2013-04-18,1541.61,14537.14,2741.95,901.51
2013-04-19,1555.25,14547.51,2780.46,912.5
2013-04-22,1562.5,14567.17,2810.07,914.8
2013-04-23,1578.78,14719.46,2835.37,929.36
2013-04-24,1578.79,14676.3,2834.12,934.11
2013-04-25,1585.16,14700.8,2848.66,940.28
2013-04-26,1582.24,14712.55,2840.55,935.25
2013-04-29,1593.61,14818.75,2866.95,942.43
2013-04-30,1597.57,14839.8,2887.44,947.46
2013-05-01,1582.7,14700.95,2873.35,924.24
2013-05-02,1597.59,14831.58,2911.14,939.85
2013-05-03,1614.42,14973.96,2944.59,954.42
2013-05-06,1617.5,14968.89,2955.36,959.8
2013-05-07,1625.96,15056.2,2952.88,967.82
2013-05-08,1632.69,15105.12,2968.24,970.41
2013-05-09,1626.67,15082.62,2961.12,966.26
2013-05-10,1633.7,15118.49,2981.02,975.16
2013-05-13,1633.77,15091.68,2982.09,973.79
2013-05-14,1650.34,15215.25,2996.05,985.96
2013-05-15,1658.78,15275.69,3002.62,988.54
2013-05-16,1650.47,15233.22,2999.34,985.34
2013-05-17,1667.47,15354.4,3028.96,996.28
2013-05-20,1666.29,15335.28,3020.97,997.98
2013-05-21,1669.16,15387.58,3026.45,998.78
2013-05-22,1655.35,15307.17,2999.13,982.26
2013-05-23,1650.51,15294.5,2991.45,984.28
2013-05-24,1649.6,15303.1,2991.02,984.28
2013-05-28,1660.06,15409.39,3011.94,997.35
2013-05-29,1648.36,15302.8,2994.82,986.96
2013-05-30,1654.41,15324.53,3011.83,994.43
2013-05-31,1630.74,15115.57,2981.76,984.14
2013-06-03,1640.42,15254.03,2990.79,990.53
2013-06-04,1631.38,15177.54,2973.69,981.97
2013-06-05,1608.9,14960.59,2937.14,968.16
2013-06-06,1622.56,15040.62,2950.3,979.46
2013-06-07,1643.38,15248.12,2990.87,987.62
2013-06-10,1642.81,15238.59,2990.49,992.67
2013-06-11,1626.13,15122.02,2959.84,981.45
2013-06-12,1612.52,14995.23,2926.14,972.31
2013-06-13,1636.36,15176.08,2962.9,989.69
2013-06-14,1626.73,15070.18,2943.86,981.38
2013-06-17,1639.04,15179.85,2971.26,987.84
2013-06-18,1651.81,15318.23,2996.09,999.99
2013-06-19,1628.93,15112.19,2959.5,986.5
2013-06-20,1588.19,14758.32,2890.33,960.52
2013-06-21,1592.43,14799.4,2877.94,963.68
2013-06-24,1573.09,14659.56,2848.2,951.05
2013-06-25,1588.03,14760.31,2866.5,961.26
2013-06-26,1603.26,14910.14,2893.85,963.83
2013-06-27,1613.2,15024.49,2906.84,979.92
2013-06-28,1606.28,14909.6,2909.6,977.48
2013-07-01,1614.96,14974.96,2927.35,989.84
2013-07-02,1614.08,14932.41,2929.63,989.54
2013-07-03,1615.41,14988.55,2941.41,991.13
2013-07-05,1631.89,15135.84,2963.22,1005.39
2013-07-08,1640.46,15224.69,2966.13,1009.25
2013-07-09,1652.32,15300.34,2984.32,1018.05
2013-07-10,1652.62,15291.66,3000.66,1020.42
2013-07-11,1675.02,15460.92,3059.46,1033.18
2013-07-12,1680.19,15464.3,3079.07,1036.52
2013-07-15,1682.5,15484.26,3079.85,1043.3
2013-07-16,1676.26,15451.85,3077.47,1038.75
2013-07-17,1680.91,15470.52,3085.28,1042.53
2013-07-18,1689.37,15548.54,3077.82,1050.27
2013-07-19,1692.09,15543.74,3044.93,1050.48
2013-07-22,1695.53,15545.55,3055.23,1053.41
2013-07-23,1692.39,15567.74,3031.4,1052.2
2013-07-24,1685.94,15542.24,3041.16,1043.83
2013-07-25,1690.25,15555.61,3061.67,1054.18
2013-07-26,1691.65,15558.83,3076.23,1048.51
2013-07-29,1685.33,15521.97,3068.95,1040.66
2013-07-30,1685.96,15520.59,3085.33,1043.51
2013-07-31,1685.73,15499.54,3090.19,1045.26
2013-08-01,1706.87,15628.02,3126.3,1059.88
2013-08-02,1709.67,15658.36,3143.52,1059.86
2013-08-05,1707.14,15612.13,3143.187,1063.01
2013-08-06,1697.37,15518.74,3122.198,1052.14
2013-08-07,1690.91,15470.67,3118.694,1044.34
2013-08-08,1697.48,15498.32,3130.125,1049.47
2013-08-09,1691.42,15425.51,3118.572,1048.4
2013-08-12,1689.47,15419.68,3125.925,1053.67
2013-08-13,1694.16,15451.01,3141.064,1051.99
2013-08-14,1685.39,15337.66,3129.446,1047.8
2013-08-15,1661.32,15112.19,3076.231,1027.61
2013-08-16,1655.83,15081.47,3073.914,1024.3
2013-08-19,1646.06,15010.74,3069.76,1013.25
2013-08-20,1652.35,15002.99,3082.169,1028.57
2013-08-21,1642.8,14897.55,3071.467,1021.58
2013-08-22,1656.96,14963.74,3101.819,1036.2
2013-08-23,1663.5,15010.51,3124.267,1038.24
2013-08-26,1656.78,14946.46,3122.673,1038.47
2013-08-27,1630.48,14776.13,3059.578,1013.49
2013-08-28,1634.96,14824.51,3072.174,1016.5
2013-08-29,1638.17,14840.95,3093.36,1026.94
2013-08-30,1632.97,14810.31,3073.813,1010.9
2013-09-03,1639.77,14833.96,3091.758,1016.26
2013-09-04,1653.08,14930.87,3124.54,1025.58
2013-09-05,1655.08,14937.48,3129.938,1028.69
2013-09-06,1655.17,14922.5,3133.376,1029.55
2013-09-09,1671.71,15063.12,3169.928,1046.08
2013-09-10,1683.99,15191.06,3185.069,1055.72
2013-09-11,1689.13,15326.6,3179.863,1055.34
2013-09-12,1683.42,15300.64,3175.566,1048.48
2013-09-13,1687.99,15376.06,3178.275,1053.98
2013-09-16,1697.6,15494.78,3168.688,1056.25
2013-09-17,1704.76,15529.73,3190.831,1066.39
2013-09-18,1725.52,15676.94,3231.308,1076.97
2013-09-19,1722.34,15636.55,3237.611,1075.27
2013-09-20,1709.91,15451.09,3224.733,1072.83
2013-09-23,1701.84,15401.38,3219.342,1072.13
2013-09-24,1697.42,15334.59,3218.658,1074.68
2013-09-25,1692.77,15273.26,3208.549,1073.51
2013-09-26,1698.67,15328.3,3234.036,1078.41
2013-09-27,1691.75,15258.24,3230.305,1074.19
2013-09-30,1681.55,15129.67,3218.198,1073.79
2013-10-01,1695,15191.7,3253.045,1087.43
2013-10-02,1693.87,15133.14,3253.255,1082.55
2013-10-03,1678.66,14996.48,3213.833,1070.9
2013-10-04,1690.5,15072.58,3242.574,1078.25
2013-10-07,1676.12,14936.24,3215.694,1065.79
2013-10-08,1655.45,14776.53,3153.869,1047.26
2013-10-09,1656.4,14802.98,3142.535,1043.46
2013-10-10,1692.56,15126.07,3210.843,1069.5
2013-10-11,1703.2,15237.11,3233.826,1084.31
2013-10-14,1710.14,15301.26,3256.021,1090.3
2013-10-15,1698.06,15168.01,3244.663,1079.62
2013-10-16,1721.54,15373.83,3281.668,1092.42
2013-10-17,1733.15,15371.65,3301.278,1102.27
2013-10-18,1744.5,15399.65,3353.876,1114.77
2013-10-21,1744.66,15392.2,3361.179,1112.48
2013-10-22,1754.67,15467.66,3366.929,1115.63
2013-10-23,1746.38,15413.33,3346.05,1110.93
2013-10-24,1752.07,15509.21,3362.375,1118.85
2013-10-25,1759.77,15570.28,3383.827,1118.34
2013-10-28,1762.11,15568.93,3382.676,1117.97
2013-10-29,1771.95,15680.35,3391.747,1121.07
2013-10-30,1763.31,15618.76,3385.378,1105.5
2013-10-31,1756.54,15545.75,3377.731,1100.15
2013-11-01,1761.64,15615.55,3379.764,1095.67
2013-11-04,1767.93,15639.12,3384.746,1108.28
2013-11-05,1762.97,15618.22,3388.823,1103.59
2013-11-06,1770.49,15746.88,3385.379,1098.63
2013-11-07,1747.15,15593.98,3321.411,1079.09
2013-11-08,1770.61,15761.78,3366.841,1099.97
2013-11-11,1771.89,15783.1,3362.975,1101.5
2013-11-12,1767.69,15750.67,3365.225,1101.47
2013-11-13,1782,15821.63,3405.564,1112.18
2013-11-14,1790.62,15876.22,3415.137,1111.44
2013-11-15,1798.18,15961.7,3422.579,1116.2
2013-11-18,1791.53,15976.02,3388.871,1107.29
2013-11-19,1787.87,15967.03,3378.133,1101.38
2013-11-20,1781.37,15900.82,3367.167,1099.79
2013-11-21,1795.85,16009.99,3402.735,1119.62
2013-11-22,1804.76,16064.77,3422.016,1124.92
2013-11-25,1802.48,16072.54,3427.489,1124.73
2013-11-26,1802.75,16072.8,3445.764,1134.53
2013-11-27,1807.23,16097.33,3470.477,1141.33
2013-11-29,1805.81,16086.41,3487.82,1142.89
2013-12-02,1800.9,16008.77,3481.15,1129.12
2013-12-03,1795.15,15914.62,3479.336,1123.78
2013-12-04,1792.81,15889.77,3483.006,1121.38
2013-12-05,1785.03,15821.51,3477.727,1122.47
2013-12-06,1805.09,16020.2,3504.258,1131.38
2013-12-09,1808.37,16025.53,3516.172,1129.84
2013-12-10,1802.62,15973.13,3514.204,1119.69
2013-12-11,1782.22,15843.53,3468.994,1101.5
2013-12-12,1775.5,15739.43,3460.292,1103.27
2013-12-13,1775.32,15755.36,3456.401,1107.05
2013-12-16,1786.54,15884.57,3475.794,1119.85
2013-12-17,1781,15875.26,3469.319,1118.89
2013-12-18,1810.65,16167.97,3509.627,1133.72
2013-12-19,1809.6,16179.08,3498.626,1125.45
2013-12-20,1818.32,16221.14,3531.189,1146.47
2013-12-23,1827.99,16294.61,3569.396,1157.22
2013-12-24,1833.32,16357.55,3572.795,1161.8
2013-12-26,1842.02,16479.88,3584.576,1162.65
2013-12-27,1841.4,16478.41,3574.02,1161.09
2013-12-30,1841.07,16504.29,3570.08,1160.59
2013-12-31,1848.36,16576.66,3591.996,1163.64
2014-01-02,1831.98,16441.35,3563.566,1150.72
2014-01-03,1831.37,16469.99,3538.731,1156.09
2014-01-06,1826.77,16425.1,3526.958,1147.16
2014-01-07,1837.88,16530.94,3557.854,1157.63
2014-01-08,1837.49,16462.74,3567.536,1157.46
2014-01-09,1838.13,16444.76,3552.575,1158.35
2014-01-10,1842.37,16437.05,3565.081,1164.53
2014-01-13,1819.2,16257.94,3512.796,1148.09
2014-01-14,1838.88,16373.86,3580.646,1163.43
2014-01-15,1848.38,16481.94,3609.84,1171.35
2014-01-16,1845.89,16417.01,3611.287,1173.13
2014-01-17,1838.7,16458.56,3591.246,1168.43
2014-01-21,1843.8,16414.44,3617.703,1175.72
2014-01-22,1844.86,16373.34,3627.72,1181.29
2014-01-23,1828.46,16197.35,3613.755,1172.4
2014-01-24,1790.29,15879.11,3541.481,1144.13
2014-01-27,1781.56,15837.88,3509.02,1127.73
2014-01-28,1792.5,15928.56,3505.716,1138.24
2014-01-29,1774.2,15738.79,3467.819,1122.45
2014-01-30,1794.19,15848.61,3532.409,1139.36
2014-01-31,1782.59,15698.85,3521.922,1130.88
2014-02-03,1741.89,15372.8,3440.502,1094.58
2014-02-04,1755.2,15445.24,3470.204,1102.84
2014-02-05,1751.64,15440.23,3454.895,1093.59
2014-02-06,1773.43,15628.53,3497.595,1103.93
2014-02-07,1797.02,15794.08,3561.907,1116.55
2014-02-10,1799.84,15801.79,3582.111,1118.73
2014-02-11,1819.75,15994.77,3621.719,1129.16
2014-02-12,1819.26,15963.94,3627.358,1132.54
2014-02-13,1829.83,16027.59,3659.563,1147.79
2014-02-14,1838.63,16154.39,3663.878,1149.21
2014-02-18,1840.76,16130.4,3679.428,1161.48
2014-02-19,1828.75,16040.56,3652.845,1149.07
2014-02-20,1839.78,16133.23,3671.931,1162.12
2014-02-21,1836.25,16103.3,3662.604,1164.63
2014-02-24,1847.61,16207.14,3685.814,1174.55
2014-02-25,1845.12,16179.66,3679.143,1173.95
2014-02-26,1845.16,16198.41,3676.601,1181.72
2014-02-27,1854.29,16272.65,3699.8,1187.94
2014-02-28,1859.45,16321.71,3696.098,1183.03
2014-03-03,1845.73,16168.03,3668.368,1176.36
2014-03-04,1873.91,16395.88,3719.927,1208.65
2014-03-05,1873.81,16360.18,3727.185,1205.91
2014-03-06,1877.03,16421.89,3720.93,1204.54
2014-03-07,1878.04,16452.72,3703.404,1203.32
2014-03-10,1877.17,16418.68,3706.343,1200.54
2014-03-11,1867.63,16351.25,3691.5,1187.05
2014-03-12,1868.2,16340.08,3707.063,1191.37
2014-03-13,1846.34,16108.89,3651.494,1176.74
2014-03-14,1841.13,16065.67,3627.87,1181.41
2014-03-17,1858.83,16247.22,3662.51,1188.23
2014-03-18,1872.25,16336.19,3706.624,1205.04
2014-03-19,1860.77,16222.17,3682.735,1195.66
2014-03-20,1872.01,16331.05,3693.969,1198.97
2014-03-21,1866.52,16302.77,3653.069,1193.73
2014-03-24,1857.44,16276.69,3617.391,1178.23
2014-03-25,1865.62,16367.88,3629.73,1178.05
2014-03-26,1852.56,16268.99,3582.888,1155.49
2014-03-27,1849.04,16264.23,3563.134,1151.44
2014-03-28,1857.62,16323.06,3571.485,1151.81
2014-03-31,1872.34,16457.66,3595.736,1173.04
2014-04-01,1885.52,16532.61,3658.396,1188.7
2014-04-02,1890.9,16573,3665.991,1192.81
2014-04-03,1888.77,16572.55,3637.577,1181.12
2014-04-04,1865.09,16412.71,3539.376,1153.38
2014-04-07,1845.04,16245.87,3507.751,1135.78
2014-04-08,1851.96,16256.14,3538.226,1144.24
2014-04-09,1872.18,16437.18,3600.438,1159.96
2014-04-10,1833.08,16170.22,3487.763,1127.66
2014-04-11,1815.69,16026.75,3446.845,1111.44
2014-04-14,1830.61,16173.24,3474.632,1115.35
2014-04-15,1842.98,16262.56,3487.853,1119.49
2014-04-16,1862.31,16424.85,3533.086,1131.77
2014-04-17,1864.85,16408.54,3534.532,1137.9
2014-04-21,1871.89,16449.25,3559.947,1142.31
2014-04-22,1879.55,16514.37,3588.805,1155.61
2014-04-23,1875.39,16501.65,3557.036,1147.08
2014-04-24,1878.61,16501.65,3591.029,1144.35
2014-04-25,1863.4,16361.46,3533.095,1123.03
2014-04-28,1869.43,16448.74,3545.025,1117.06
2014-04-29,1878.33,16535.37,3573.99,1120.83
2014-04-30,1883.95,16580.84,3582.02,1126.86
2014-05-01,1883.68,16558.87,3594.362,1125.97
2014-05-02,1881.14,16512.89,3587.644,1128.8
2014-05-05,1884.66,16530.55,3605.092,1126.3
2014-05-06,1867.72,16401.02,3556.509,1108.01
2014-05-07,1878.21,16518.54,3546.473,1108.55
2014-05-08,1875.63,16550.97,3540.419,1097.43
2014-05-09,1878.48,16583.34,3555.698,1107.22
2014-05-12,1896.65,16695.47,3612.726,1133.65
2014-05-13,1897.45,16715.44,3611.131,1121.16
2014-05-14,1888.53,16613.97,3593.249,1103.14
2014-05-15,1870.85,16446.81,3565.174,1095.99
2014-05-16,1877.86,16491.31,3587.199,1102.91
2014-05-19,1885.08,16511.86,3615.617,1114.43
2014-05-20,1872.83,16374.31,3600.308,1097.9
2014-05-21,1888.03,16533.06,3635.614,1103.63
2014-05-22,1892.49,16543.08,3650.863,1113.87
2014-05-23,1900.53,16606.27,3677.334,1126.19
2014-05-27,1911.91,16675.5,3723.065,1142.2
2014-05-28,1909.78,16633.18,3712.261,1136.68
2014-05-29,1920.03,16698.74,3735.721,1140.07
2014-05-30,1923.57,16717.17,3736.821,1134.5
2014-06-02,1924.97,16743.63,3732.961,1128.9
2014-06-03,1924.24,16722.34,3730.071,1126.15
2014-06-04,1927.88,16737.53,3743.594,1131.22
2014-06-05,1940.46,16836.11,3776.95,1153.94
2014-06-06,1949.44,16924.28,3794.57,1165.21
2014-06-09,1951.27,16943.1,3795.743,1175.88
2014-06-10,1950.79,16945.92,3800.86,1172.71
2014-06-11,1943.89,16843.88,3797.85,1166.71
2014-06-12,1930.11,16734.19,3763.803,1159.4
2014-06-13,1936.16,16775.74,3775.564,1162.68
2014-06-16,1937.78,16781.01,3779.933,1166.82
2014-06-17,1941.99,16808.49,3781.319,1176.62
2014-06-18,1956.98,16906.62,3804.606,1183.13
2014-06-19,1959.48,16921.46,3800.797,1184.03
2014-06-20,1962.87,16947.08,3802.638,1188.43
2014-06-23,1962.61,16937.26,3805.313,1184.95
2014-06-24,1949.98,16818.13,3799.53,1173.24
2014-06-25,1959.53,16867.51,3827.329,1182.68
2014-06-26,1957.22,16846.13,3826.912,1180.71
2014-06-27,1960.96,16851.84,3844.438,1189.5
2014-06-30,1960.23,16826.6,3849.479,1192.96
2014-07-01,1973.32,16956.07,3894.329,1205.95
2014-07-02,1974.62,16976.24,3899.27,1199.5
2014-07-03,1985.44,17068.26,3923.01,1208.15
2014-07-07,1977.65,17024.21,3910.708,1186.74
2014-07-08,1963.71,16906.62,3864.065,1172.15
2014-07-09,1972.83,16985.61,3892.913,1173.81
2014-07-10,1964.68,16915.07,3880.038,1161.86
2014-07-11,1967.57,16943.81,3904.579,1159.93
2014-07-14,1977.1,17055.42,3929.464,1165.62
2014-07-15,1973.28,17060.68,3914.455,1153.81
2014-07-16,1981.57,17138.2,3932.334,1151.55
2014-07-17,1958.12,16976.81,3878.008,1133.6
2014-07-18,1978.22,17100.18,3939.894,1151.61
2014-07-21,1973.63,17051.73,3934.136,1146.66
2014-07-22,1983.53,17113.54,3961.623,1156.15
2014-07-23,1987.01,17086.63,3986.192,1158.11
2014-07-24,1987.98,17083.8,3983.188,1156.26
2014-07-25,1978.34,16960.57,3965.165,1144.72
2014-07-28,1978.91,16982.59,3967.244,1139.5
2014-07-29,1969.95,16912.11,3959.033,1141.64
2014-07-30,1970.07,16880.36,3976.066,1146.57
2014-07-31,1930.67,16563.3,3892.496,1120.07
2014-08-01,1925.15,16493.37,3879.67,1114.86
2014-08-04,1938.99,16569.28,3908.77,1124.82
2014-08-05,1920.21,16429.47,3874.941,1121.56
2014-08-06,1920.24,16443.34,3874.267,1125.55
2014-08-07,1909.57,16368.27,3857.938,1119.76
2014-08-08,1931.59,16553.93,3888.092,1131.35
2014-08-11,1936.92,16569.98,3910.461,1141.93
2014-08-12,1933.75,16560.54,3905.225,1133.03
2014-08-13,1946.72,16651.8,3949.203,1141.78
2014-08-14,1955.18,16713.58,3969.114,1143.34
2014-08-15,1955.06,16662.91,3987.511,1141.65
2014-08-18,1971.74,16838.74,4020.496,1158.4
2014-08-19,1981.6,16919.59,4040.13,1162.47
2014-08-20,1986.51,16979.13,4040.705,1157.51
2014-08-21,1992.37,17039.49,4047.026,1160.03
2014-08-22,1988.4,17001.22,4052.752,1160.34
2014-08-25,1997.92,17076.87,4067.476,1165.22
2014-08-26,2000.02,17106.7,4071.67,1175.17
2014-08-27,2000.12,17122.01,4073.177,1172.71
2014-08-28,1996.74,17079.57,4066.273,1165.95
2014-08-29,2003.37,17098.45,4082.559,1174.35
2014-09-02,2002.28,17067.56,4095.81,1179.47
2014-09-03,2000.72,17078.28,4070.957,1172.2
2014-09-04,1997.65,17069.58,4066.131,1167.21
2014-09-05,2007.71,17137.36,4089.918,1170.13
2014-09-08,2001.54,17111.42,4095.465,1172.31
2014-09-09,1988.44,17013.87,4061.88,1158.5
2014-09-10,1995.69,17068.71,4094.97,1164.99
2014-09-11,1997.45,17049,4092.646,1172.34
2014-09-12,1985.54,16987.51,4069.233,1160.61
2014-09-15,1984.13,17031.14,4029.886,1146.52
2014-09-16,1998.98,17131.97,4067.274,1150.97
2014-09-17,2001.57,17156.85,4073.567,1153.89
2014-09-18,2011.36,17265.99,4103.083,1159.27
2014-09-19,2010.4,17279.74,4100.093,1146.92
2014-09-22,1994.29,17172.68,4061.234,1129.36
2014-09-23,1982.77,17055.87,4051.573,1118.72
2014-09-24,1998.3,17210.06,4094.313,1128.31
2014-09-25,1965.99,16945.8,4007.821,1110.24
2014-09-26,1982.85,17113.15,4053.719,1119.33
2014-09-29,1977.8,17071.22,4047.176,1117.91
2014-09-30,1972.29,17042.9,4049.445,1101.68
2014-10-01,1946.16,16804.71,3984.743,1085.41
2014-10-02,1946.17,16801.05,3985.867,1096.38
2014-10-03,1967.9,17009.69,4027.307,1104.74
2014-10-06,1964.82,16991.91,4016.266,1094.65
2014-10-07,1935.1,16719.39,3958.589,1076.31
2014-10-08,1968.89,16994.22,4041.123,1097.12
2014-10-09,1928.21,16659.25,3969.321,1067.99
2014-10-10,1906.13,16544.1,3870.855,1053.32
2014-10-13,1874.74,16321.07,3807.995,1049.3
2014-10-14,1877.7,16315.19,3810.452,1061.6
2014-10-15,1862.49,16141.74,3785.974,1072.45
2014-10-16,1862.76,16117.24,3765.281,1085.85
2014-10-17,1886.76,16380.41,3815.47,1082.33
2014-10-20,1904.01,16399.67,3870.077,1094.97
2014-10-21,1941.28,16614.81,3971.392,1112.85
2014-10-22,1927.11,16461.32,3949.587,1096.87
2014-10-23,1950.82,16677.9,4012.268,1116.49
2014-10-24,1964.58,16805.41,4042.017,1118.82
2014-10-27,1961.63,16817.94,4046.015,1117.48
2014-10-28,1985.05,17005.75,4106.625,1149.45
2014-10-29,1982.3,16974.31,4090.553,1146.37
2014-10-30,1994.65,17195.42,4100.637,1155.77
2014-10-31,2018.05,17390.52,4158.21,1173.51
2014-11-03,2017.81,17366.24,4169.284,1170.2
2014-11-04,2012.1,17383.84,4156.228,1165.42
2014-11-05,2023.57,17484.53,4153.269,1167.07
2014-11-06,2031.21,17554.47,4164.081,1171.86
2014-11-07,2031.92,17573.93,4160.504,1173.32
2014-11-10,2038.26,17613.74,4175.946,1179.57
2014-11-11,2039.68,17614.9,4187.163,1179.96
2014-11-12,2038.25,17612.2,4195.401,1186.47
2014-11-13,2039.33,17652.79,4213.485,1175.42
2014-11-14,2039.82,17634.74,4224.986,1173.81
2014-11-17,2041.32,17647.75,4213.789,1164.23
2014-11-18,2051.8,17687.82,4242.186,1170.28
2014-11-19,2048.72,17685.73,4222.662,1157.69
2014-11-20,2052.75,17719,4242.09,1170.75
2014-11-21,2063.5,17810.06,4251.324,1172.42
2014-11-24,2069.41,17817.9,4284.318,1186.94
2014-11-25,2067.03,17814.94,4288.229,1186.33
2014-11-26,2072.83,17827.75,4317.988,1190.62
2014-11-28,2067.56,17828.24,4337.785,1173.23
2014-12-01,2053.44,17776.8,4287.813,1154.05
2014-12-02,2066.55,17879.55,4305.962,1168.45
2014-12-03,2074.33,17912.62,4312.933,1179.01
2014-12-04,2071.92,17900.1,4311.931,1173.01
2014-12-05,2075.37,17958.79,4311.573,1182.43
2014-12-08,2060.31,17852.48,4278.337,1167.21
2014-12-09,2059.82,17801.2,4294.667,1188.06
2014-12-10,2026.14,17533.15,4224.872,1161.86
2014-12-11,2035.33,17596.34,4246.477,1166.96
2014-12-12,2002.33,17280.83,4199.285,1152.45
2014-12-15,1989.63,17180.84,4157.415,1140.29
2014-12-16,1972.74,17068.87,4089.601,1139.38
2014-12-17,2012.89,17356.87,4165.099,1174.83
2014-12-18,2061.23,17778.15,4267.774,1192.16
2014-12-19,2070.65,17804.8,4281.783,1195.94
2014-12-22,2078.54,17959.44,4293.673,1201.86
2014-12-23,2082.17,18024.17,4279.302,1202.44
2014-12-24,2081.88,18030.21,4283.098,1206.79
2014-12-26,2088.77,18053.71,4314.095,1215.21
2014-12-29,2090.57,18038.23,4312.644,1219.11
2014-12-30,2080.35,17983.07,4282.348,1213.05
2014-12-31,2058.9,17823.07,4236.279,1204.7
2015-01-02,2058.2,17832.99,4230.237,1198.8
2015-01-05,2020.58,17501.65,4160.964,1181.35
2015-01-06,2002.61,17371.64,4110.83,1161.31
2015-01-07,2025.9,17584.52,4160,1175.97
2015-01-08,2062.14,17907.87,4240.549,1196.12
2015-01-09,2044.81,17737.37,4213.276,1185.68
2015-01-12,2028.26,17640.84,4169.97,1180.09
2015-01-13,2023.03,17613.68,4166.203,1180.64
2015-01-14,2011.27,17427.09,4145.841,1177.06
2015-01-15,1992.67,17320.71,4089.648,1154.71
2015-01-16,2019.42,17511.57,4142.14,1176.65
2015-01-20,2022.55,17515.23,4171.214,1170.25
2015-01-21,2032.12,17554.28,4192.093,1166.25
2015-01-22,2063.15,17813.98,4270.363,1190.37
2015-01-23,2051.82,17672.6,4278.142,1188.93
2015-01-26,2057.09,17678.7,4275.715,1200.74
2015-01-27,2029.55,17387.21,4165.501,1194.66
2015-01-28,2002.16,17191.37,4140.375,1175.12
2015-01-29,2021.25,17416.85,4181.351,1190.18
2015-01-30,1994.99,17164.95,4148.43,1165.39
2015-02-02,2020.85,17361.04,4188.586,1175.51
2015-02-03,2050.03,17666.4,4229.149,1196.99
2015-02-04,2041.51,17673.02,4221.199,1191.44
2015-02-05,2062.52,17884.88,4256.181,1208.71
2015-02-06,2055.47,17824.29,4228.682,1205.46
2015-02-09,2046.74,17729.21,4216.086,1195.83
2015-02-10,2068.59,17868.76,4281.155,1203.18
2015-02-11,2068.53,17862.14,4297.282,1201.55
2015-02-12,2088.48,17972.38,4347.972,1216.27
2015-02-13,2096.99,18019.35,4384.028,1223.13
2015-02-17,2100.34,18047.58,4385.342,1225.01
2015-02-18,2099.68,18029.85,4390.912,1227.95
2015-02-19,2097.45,17985.77,4411.863,1227.91
2015-02-20,2110.3,18140.44,4443.053,1231.79
2015-02-23,2109.66,18116.84,4449.491,1231.83
2015-02-24,2115.48,18209.19,4451.029,1233.98
2015-02-25,2113.86,18224.57,4440.591,1235.1
2015-02-26,2110.74,18214.42,4462.272,1239.11
2015-02-27,2104.5,18132.7,4440.672,1233.37
2015-03-02,2117.39,18288.63,4483.049,1242.62
2015-03-03,2107.78,18203.37,4458.778,1234.76
2015-03-04,2098.53,18096.9,4445.359,1230.73
2015-03-05,2101.04,18135.72,4452.057,1234.31
2015-03-06,2071.26,17856.78,4399.231,1217.52
2015-03-09,2079.43,17995.72,4412.989,1223.59
2015-03-10,2044.16,17662.94,4329.082,1208.47
2015-03-11,2040.24,17635.39,4305.381,1215.78
2015-03-12,2065.95,17895.22,4336.228,1236.64
2015-03-13,2053.4,17749.31,4314.9,1232.14
2015-03-16,2081.19,17977.42,4370.468,1239.78
2015-03-17,2074.28,17849.08,4375.625,1242.23
2015-03-18,2099.5,18076.19,4422.502,1252.14
2015-03-19,2089.27,17959.03,4426.825,1254.86
2015-03-20,2108.1,18127.65,4458.538,1266.37
2015-03-23,2104.42,18116.04,4445.544,1264.71
2015-03-24,2091.5,18011.14,4430.985,1263.46
2015-03-25,2061.05,17718.54,4329.287,1233.85
2015-03-26,2056.15,17678.23,4315.258,1231.99
2015-03-27,2061.02,17712.66,4332.861,1240.41
2015-03-30,2086.24,17976.31,4382.819,1257.8
2015-03-31,2067.89,17776.12,4333.688,1252.77
2015-04-01,2059.69,17698.18,4311.257,1251.71
2015-04-02,2066.96,17763.24,4316.006,1255.66
2015-04-06,2080.62,17880.85,4350.979,1260.54
2015-04-07,2076.33,17875.42,4344.08,1253.36
2015-04-08,2081.9,17902.51,4375.96,1262.71
2015-04-09,2091.18,17958.73,4403.953,1259.11
2015-04-10,2102.06,18057.65,4422.022,1264.77
2015-04-13,2092.43,17977.04,4409.208,1265.59
2015-04-14,2095.84,18036.7,4397.645,1265.35
2015-04-15,2106.63,18112.61,4424.529,1275.35
2015-04-16,2104.99,18105.77,4418.831,1272.9
2015-04-17,2081.18,17826.3,4351.799,1251.86
2015-04-20,2100.4,18034.93,4417.396,1264.92
2015-04-21,2097.29,17949.59,4435.976,1264.15
2015-04-22,2107.96,18038.27,4460.813,1265.48
2015-04-23,2112.93,18058.69,4477.067,1271.54
2015-04-24,2117.69,18080.14,4536.778,1267.54
2015-04-27,2108.92,18037.97,4525.035,1252.7
2015-04-28,2114.76,18110.14,4515.265,1259.36
2015-04-29,2106.85,18035.53,4488.152,1246.95
2015-04-30,2085.51,17840.52,4414.252,1220.13
2015-05-01,2108.29,18024.06,4479.056,1228.11
2015-05-04,2114.49,18070.4,4482.609,1233.22
2015-05-05,2089.46,17928.2,4409.394,1215.42
2015-05-06,2080.15,17841.98,4379.748,1219.36
2015-05-07,2088,17924.06,4401.552,1225.54
2015-05-08,2116.1,18191.11,4458.65,1234.93
2015-05-11,2105.33,18105.17,4438.635,1235.83
2015-05-12,2099.12,18068.23,4420.647,1233.13
2015-05-13,2098.48,18060.49,4426.56,1232.28
2015-05-14,2121.1,18252.24,4495.037,1245.11
2015-05-15,2122.73,18272.56,4494.291,1243.95
2015-05-18,2129.2,18298.88,4512.948,1257.52
2015-05-19,2127.83,18312.39,4503.718,1255.66
2015-05-20,2125.85,18285.4,4505.3,1257.74
2015-05-21,2130.82,18285.74,4529.467,1256.74
2015-05-22,2126.06,18232.02,4527.157,1252.22
2015-05-26,2104.2,18041.54,4472.96,1238.76
2015-05-27,2123.48,18162.99,4546.06,1254.36
2015-05-28,2120.79,18126.12,4535.657,1253.1
2015-05-29,2107.39,18010.68,4508.253,1246.53
2015-06-01,2111.73,18040.37,4521.847,1249.62
2015-06-02,2109.6,18011.94,4508.886,1251.8
2015-06-03,2114.07,18076.27,4519.863,1264.58
2015-06-04,2095.84,17905.58,4487.031,1251.29
2015-06-05,2092.83,17849.46,4477.185,1261.01
2015-06-08,2079.28,17766.55,4431.515,1253.7
2015-06-09,2080.15,17764.04,4427.608,1249.66
2015-06-10,2105.2,18000.4,4485.463,1266.93
2015-06-11,2108.86,18039.37,4488.47,1268.92
2015-06-12,2094.11,17898.84,4453.794,1265.02
2015-06-15,2084.43,17791.17,4432.916,1261.04
2015-06-16,2096.29,17904.48,4455.897,1269.53
2015-06-17,2100.44,17935.74,4468.982,1268.33
2015-06-18,2121.24,18115.84,4531.848,1284.68
2015-06-19,2109.99,18015.95,4513.424,1284.66
2015-06-22,2122.85,18119.78,4544.04,1292.39
2015-06-23,2124.2,18144.07,4548.74,1295.8
2015-06-24,2108.58,17966.07,4524.597,1283.92
2015-06-25,2102.31,17890.36,4514.008,1283.28
2015-06-26,2101.49,17946.68,4484.281,1279.79
2015-06-29,2057.64,17596.35,4379.865,1246.75
2015-06-30,2063.11,17619.51,4396.761,1253.95
2015-07-01,2077.42,17757.91,4429.226,1256.4
2015-07-02,2076.78,17730.11,4433.394,1248.26
2015-07-06,2068.76,17683.58,4418.662,1246.96
2015-07-07,2081.34,17776.91,4429.061,1248.05
2015-07-08,2046.68,17515.42,4351.578,1228.96
2015-07-09,2051.31,17548.62,4352.033,1234.15
2015-07-10,2076.62,17760.41,4420.152,1252.02
2015-07-13,2099.6,17977.68,4494.469,1265.35
2015-07-14,2108.95,18053.58,4523.466,1273.33
2015-07-15,2107.4,18050.17,4528.357,1264.52
2015-07-16,2124.29,18120.25,4594.896,1272.83
2015-07-17,2126.64,18086.45,4661.597,1267.09
2015-07-20,2128.28,18100.41,4679.675,1260.22
2015-07-21,2119.21,17919.29,4674.405,1254.57
2015-07-22,2114.15,17851.04,4623.241,1258.35
2015-07-23,2102.15,17731.92,4602.83,1244.97
2015-07-24,2079.65,17568.53,4557.375,1225.99
2015-07-27,2067.64,17440.59,4519.093,1214.61
2015-07-28,2093.25,17630.27,4560.233,1224.6
2015-07-29,2108.57,17751.39,4581.604,1229.6
2015-07-30,2108.63,17745.98,4598.593,1232.07
2015-07-31,2103.84,17689.86,4588.907,1238.68
2015-08-03,2098.04,17598.2,4580.463,1231.79
2015-08-04,2093.32,17550.69,4567.465,1228.85
2015-08-05,2099.84,17540.47,4602.238,1231.75
2015-08-06,2083.56,17419.75,4528.507,1215.85
2015-08-07,2077.57,17373.38,4520.08,1206.9
2015-08-10,2104.18,17615.17,4573.113,1222.67
2015-08-11,2084.07,17402.84,4513.992,1211.14
2015-08-12,2086.05,17402.51,4528.189,1208.98
2015-08-13,2083.39,17408.25,4519.316,1204.74
2015-08-14,2091.54,17477.4,4530.739,1212.69
2015-08-17,2102.44,17545.18,4566.37,1225.09
2015-08-18,2096.92,17511.34,4542.07,1214.89
2015-08-19,2079.61,17348.73,4510.899,1202.98
2015-08-20,2035.73,16990.69,4385.126,1172.52
2015-08-21,1970.89,16459.75,4197.271,1156.79
2015-08-24,1893.21,15871.35,4038.602,1111.69
2015-08-25,1867.61,15666.44,4016.324,1104.1
2015-08-26,1940.51,16285.51,4219.6,1132.19
2015-08-27,1987.66,16654.77,4324.821,1153.61
2015-08-28,1988.87,16643.01,4329.121,1162.91
2015-08-31,1972.18,16528.03,4274.584,1159.45
2015-09-01,1913.85,16058.35,4142.634,1128.05
2015-09-02,1948.86,16351.38,4256.23,1146.03
2015-09-03,1951.13,16374.76,4234.654,1145.15
2015-09-04,1921.22,16102.38,4184.721,1136.1677
2015-09-08,1969.41,16492.68,4303.526,1161.7629
2015-09-09,1942.04,16253.57,4253.448,1148.2252
2015-09-10,1952.29,16330.4,4296.298,1153.0298
2015-09-11,1961.05,16433.09,4323.23,1157.7915
2015-09-14,1953.03,16370.96,4308.76,1153.4988
2015-09-15,1978.09,16599.85,4360.279,1165.9952
2015-09-16,1995.31,16739.95,4383.67,1175.201
2015-09-17,1990.2,16674.74,4384.961,1180.6932
2015-09-18,1958.03,16384.58,4323.858,1163.3458
2015-09-21,1966.97,16510.19,4336.13,1161.087
2015-09-22,1942.74,16330.47,4274.098,1143.0331
2015-09-23,1938.76,16279.89,4273.531,1140.0524
2015-09-24,1932.24,16201.32,4261.104,1137.5365
2015-09-25,1931.34,16314.67,4224.74,1122.7892
2015-09-28,1881.77,16001.89,4103.47,1090.5702
2015-09-29,1884.09,16049.13,4083.372,1083.9071
2015-09-30,1920.03,16284.7,4181.06,1100.6877
2015-10-01,1923.82,16272.01,4192.963,1097.5525
2015-10-02,1951.36,16472.37,4267.45,1114.1199
2015-10-05,1987.05,16776.43,4331.432,1141.637
2015-10-06,1979.92,16790.19,4306.699,1133.6912
2015-10-07,1995.83,16912.29,4333.464,1152.6038
2015-10-08,2013.43,17050.75,4350.149,1163.2439
2015-10-09,2014.89,17084.49,4370.009,1165.3557
2015-10-12,2017.46,17131.86,4382.563,1164.4049
2015-10-13,2003.69,17081.89,4352.938,1147.8413
2015-10-14,1994.24,16924.75,4346.922,1136.9717
2015-10-15,2023.86,17141.75,4418.221,1162.7708
2015-10-16,2033.11,17215.97,4438.622,1162.3091
2015-10-19,2033.66,17230.54,4462.066,1164.296
2015-10-20,2030.77,17217.11,4438.181,1163.27
2015-10-21,2018.94,17168.61,4413.525,1144.9485
2015-10-22,2052.51,17489.16,4503.216,1154.5239
2015-10-23,2075.15,17646.7,4624.09,1166.058
2015-10-26,2071.18,17623.05,4630.846,1159.5007
2015-10-27,2065.89,17581.43,4639.234,1145.2906
2015-10-28,2090.35,17779.52,4678.575,1178.7157
2015-10-29,2089.41,17755.8,4670.765,1165.6255
2015-10-30,2079.36,17663.54,4648.831,1161.8634
2015-11-02,2104.05,17828.76,4703.915,1186.0907
2015-11-03,2109.79,17918.15,4719.053,1191.5782
2015-11-04,2102.31,17867.58,4717.553,1190.3848
2015-11-05,2099.93,17863.43,4702.896,1190.6886
2015-11-06,2099.2,17910.33,4707.232,1199.7469
2015-11-09,2078.58,17730.48,4655.515,1184.4324
2015-11-10,2081.72,17758.21,4641.729,1187.697
2015-11-11,2075,17702.22,4636.937,1178.0712
2015-11-12,2045.97,17448.07,4588.931,1154.8087
2015-11-13,2023.04,17245.24,4502.137,1146.5491
2015-11-16,2053.19,17483.01,4565.468,1156.0831
2015-11-17,2050.44,17489.5,4565.817,1153.21
2015-11-18,2083.58,17737.16,4653.444,1171.7498
2015-11-19,2081.24,17732.75,4655.355,1166.7283
2015-11-20,2089.17,17823.81,4686.358,1175.1514
2015-11-23,2086.59,17792.68,4674.793,1180.3588
2015-11-24,2089.14,17812.19,4669.409,1188.8138
2015-11-25,2088.87,17813.39,4672.884,1198.015
2015-11-27,2090.11,17798.49,4680.465,1202.375
2015-11-30,2080.41,17719.92,4664.51,1198.1107
2015-12-01,2102.63,17888.35,4716.158,1204.1592
2015-12-02,2079.51,17729.68,4686.223,1191.6862
2015-12-03,2049.62,17477.67,4606.755,1170.5664
2015-12-04,2091.69,17847.63,4716.12,1183.3971
2015-12-07,2077.07,17730.51,4693.621,1164.2959
2015-12-08,2063.59,17568,4694.767,1159.3972
2015-12-09,2047.62,17492.3,4622.138,1145.8716
2015-12-10,2052.23,17574.75,4643.048,1149.0233
2015-12-11,2012.37,17265.21,4537.563,1123.6079
2015-12-14,2021.94,17368.5,4570.157,1115.8582
2015-12-15,2043.41,17524.91,4597.327,1131.552
2015-12-16,2073.07,17749.09,4664.565,1148.9736
2015-12-17,2041.89,17495.84,4598.138,1135.3607
2015-12-18,2005.55,17128.55,4514.825,1121.0201
2015-12-21,2021.15,17251.62,4560.552,1127.7421
2015-12-22,2038.97,17417.27,4589.256,1137.686
2015-12-23,2064.29,17602.61,4624.587,1152.8173
2015-12-24,2060.99,17552.17,4622.772,1154.7574
2015-12-28,2056.5,17528.27,4621.35,1148.2129
2015-12-29,2078.36,17720.98,4691.077,1160.5219
2015-12-30,2063.36,17603.87,4652.008,1149.6429
2015-12-31,2043.94,17425.03,4593.27,1135.8893
2016-01-04,2012.66,17148.94,4497.857,1108.6244
2016-01-05,2016.71,17158.66,4484.18,1110.4391
2016-01-06,1990.26,16906.51,4443.985,1094.3662
2016-01-07,1943.09,16514.1,4305.724,1064.5656
2016-01-08,1922.03,16346.45,4270.782,1046.202
2016-01-11,1923.67,16398.57,4283.547,1041.8956
2016-01-12,1938.68,16516.22,4333.717,1044.6971
2016-01-13,1890.28,16151.41,4183.116,1010.1873
2016-01-14,1921.84,16379.05,4272.967,1025.6665
2016-01-15,1880.33,15988.08,4141.082,1007.7248
2016-01-19,1881.33,16016.02,4147.075,994.8691
2016-01-20,1859.33,15766.74,4136.281,999.3148
2016-01-21,1868.99,15882.68,4142.599,997.342
2016-01-22,1906.9,16093.51,4259.773,1020.6602
2016-01-25,1877.08,15885.22,4196.532,997.3726
2016-01-26,1903.63,16167.23,4233.85,1017.9739
2016-01-27,1882.95,15944.46,4128.861,1002.7469
2016-01-28,1893.36,16069.64,4186.061,1003.2731
2016-01-29,1940.24,16466.3,4279.169,1035.381
2016-02-01,1939.38,16449.18,4286.556,1032.3882
2016-02-02,1903.03,16153.54,4193.1,1008.8351
2016-02-03,1912.53,16336.66,4171.968,1010.2976
2016-02-04,1915.45,16416.58,4167.772,1014.789
2016-02-05,1880.05,16204.97,4024.473,985.6183
2016-02-08,1853.44,16027.05,3960.671,969.3376
2016-02-09,1852.21,16014.38,3947.804,963.8954
2016-02-10,1851.86,15914.74,3966.275,963.4806
2016-02-11,1829.08,15660.18,3962.224,953.7152
2016-02-12,1864.78,15973.84,4019.191,971.9899
2016-02-16,1895.58,16196.41,4104.33,995.8016
2016-02-17,1926.82,16453.83,4199.103,1011.1327
2016-02-18,1917.83,16413.43,4151.492,1004.7064
2016-02-19,1917.78,16391.99,4164.088,1010.011
2016-02-22,1945.5,16620.66,4231.268,1021.7363
2016-02-23,1921.27,16431.78,4162.54,1012.1509
2016-02-24,1929.8,16484.99,4200.659,1022.0773
2016-02-25,1951.7,16697.29,4241.059,1031.5764
2016-02-26,1948.05,16639.97,4235.616,1037.1835
2016-02-29,1932.23,16516.5,4201.118,1033.9014
2016-03-01,1978.35,16865.08,4333.614,1054.4941
2016-03-02,1986.45,16899.32,4334.386,1065.6727
2016-03-03,1993.4,16943.9,4325.862,1076.0483
2016-03-04,1999.99,17006.77,4329,1081.9347
2016-03-07,2001.76,17073.95,4303.334,1094.1455
2016-03-08,1979.26,16964.1,4265.51,1067.8783
2016-03-09,1989.26,17000.36,4293.232,1072.765
2016-03-10,1989.57,16995.13,4286.966,1063.989
2016-03-11,2022.19,17213.31,4361.83,1087.5571
2016-03-14,2019.64,17229.13,4367.329,1084.2499
2016-03-15,2015.93,17251.53,4367.082,1066.6663
2016-03-16,2027.22,17325.76,4404.202,1074.5112
2016-03-17,2040.59,17481.49,4400.263,1091.2531
2016-03-18,2049.58,17602.3,4410.828,1101.6729
2016-03-21,2051.6,17623.87,4426.977,1098.5776
2016-03-22,2049.8,17582.57,4437.619,1097.3389
2016-03-23,2036.71,17502.59,4402.559,1075.6992
2016-03-24,2035.94,17515.73,4405.532,1079.5372
2016-03-28,2037.05,17535.39,4398.066,1080.2308
2016-03-29,2055.01,17633.11,4467.719,1109.0824
2016-03-30,2063.95,17716.66,4490.876,1110.4424
2016-03-31,2059.74,17685.09,4483.655,1114.0284
2016-04-01,2072.78,17792.75,4532.082,1117.6843
2016-04-04,2066.13,17737,4511.704,1108.5405
2016-04-05,2045.17,17603.32,4470.748,1095.8541
2016-04-06,2066.66,17716.05,4543.781,1108.8129
2016-04-07,2041.91,17541.96,4475.285,1092.785
2016-04-08,2047.6,17576.96,4474.925,1097.3137
2016-04-11,2041.99,17556.41,4458.705,1094.342
2016-04-12,2061.72,17721.25,4496.045,1105.7131
2016-04-13,2082.42,17908.28,4554.722,1129.9258
2016-04-14,2082.78,17926.43,4554.625,1128.5894
2016-04-15,2080.73,17897.46,4543.161,1130.9232
2016-04-18,2094.34,18004.16,4565.421,1139.2783
2016-04-19,2100.8,18053.6,4537.09,1140.2333
2016-04-20,2102.4,18096.27,4540.438,1142.2941
2016-04-21,2091.48,17982.52,4540.799,1135.7704
2016-04-22,2091.58,18003.75,4474.192,1146.6903
2016-04-25,2087.79,17977.24,4474.131,1138.0975
2016-04-26,2091.7,17990.32,4452.966,1150.7281
2016-04-27,2095.15,18041.55,4416.635,1154.1489
2016-04-28,2075.81,17830.76,4363.993,1140.3978
2016-04-29,2065.3,17773.64,4341.299,1130.845
2016-05-02,2081.43,17891.16,4381.304,1140.92
2016-05-03,2063.37,17750.91,4341.392,1121.7565
2016-05-04,2051.12,17651.26,4312.014,1113.1346
2016-05-05,2050.63,17660.71,4309.485,1107.9481
2016-05-06,2057.14,17740.63,4330.168,1114.7196
2016-05-09,2058.69,17705.91,4341.231,1118.2539
2016-05-10,2084.39,17928.35,4402.038,1128.8328
2016-05-11,2064.46,17711.12,4361.033,1114.741
2016-05-12,2064.11,17720.5,4342.809,1108.5989
2016-05-13,2046.61,17535.32,4326.531,1102.4387
2016-05-16,2066.66,17710.71,4380.484,1116.2118
2016-05-17,2047.21,17529.98,4322.557,1097.6759
2016-05-18,2047.63,17526.62,4338.232,1102.948
2016-05-19,2040.04,17435.4,4315.579,1094.7777
2016-05-20,2052.32,17500.94,4362.903,1112.2755
2016-05-23,2048.04,17492.93,4355.099,1111.3672
2016-05-24,2076.06,17706.05,4444.297,1135.3069
2016-05-25,2090.54,17851.51,4476.434,1141.024
2016-05-26,2090.1,17828.29,4487.961,1139.7537
2016-05-27,2099.06,17873.22,4512.541,1150.4498
2016-05-31,2096.96,17787.2,4523.893,1154.7924
2016-06-01,2099.33,17789.67,4520.068,1163.0411
2016-06-02,2105.26,17838.56,4531.349,1170.584
2016-06-03,2099.13,17807.06,4509.793,1164.1351
2016-06-06,2109.41,17920.33,4523.633,1176.8716
2016-06-07,2112.13,17938.28,4513.087,1179.9734
2016-06-08,2119.12,18005.05,4520.629,1188.9542
2016-06-09,2115.48,17985.19,4512.689,1181.2019
2016-06-10,2096.07,17865.34,4461.05,1163.9307
2016-06-13,2079.06,17732.48,4422.759,1150.6991
2016-06-14,2075.32,17674.82,4424.911,1147.8228
2016-06-15,2071.5,17640.17,4409.51,1149.3021
2016-06-16,2077.99,17733.1,4424.233,1148.1907
2016-06-17,2071.22,17675.16,4374.381,1144.6985
2016-06-20,2083.25,17804.87,4400.158,1157.7014
2016-06-21,2088.9,17829.73,4413.4,1153.8712
2016-06-22,2085.45,17780.83,4404.726,1148.9711
2016-06-23,2113.32,18011.07,4467.482,1172.222
2016-06-24,2037.41,17400.75,4285.701,1127.5377
2016-06-27,2000.54,17140.24,4201.055,1089.646
2016-06-28,2036.09,17409.72,4290.468,1107.2976
2016-06-29,2070.77,17694.68,4364.738,1131.6173
2016-06-30,2098.86,17929.99,4417.699,1151.923
2016-07-01,2102.95,17949.37,4437.445,1156.7699
2016-07-05,2088.55,17840.62,4410.747,1139.4529
2016-07-06,2099.73,17918.62,4444.702,1147.3325
2016-07-07,2097.9,17895.88,4459.584,1149.7557
2016-07-08,2129.9,18146.74,4528.364,1177.3602
2016-07-11,2137.16,18226.93,4554.71,1190.0332
2016-07-12,2152.14,18347.67,4577.612,1205.8879
2016-07-13,2152.43,18372.12,4565.771,1201.1606
2016-07-14,2163.75,18506.41,4596.488,1202.1707
2016-07-15,2161.74,18516.55,4589.828,1205.309
2016-07-18,2166.89,18533.05,4619.68,1207.906
2016-07-19,2163.78,18559.01,4603.284,1200.4453
2016-07-20,2173.02,18595.03,4657.2,1209.7445
2016-07-21,2165.17,18517.23,4647.016,1203.8596
2016-07-22,2175.03,18570.85,4666.071,1212.8894
2016-07-25,2168.48,18493.06,4665.928,1209.8215
2016-07-26,2169.18,18473.75,4672.112,1216.8588
2016-07-27,2166.58,18472.17,4702.885,1218.9266
2016-07-28,2170.06,18456.35,4721.409,1217.3254
2016-07-29,2173.6,18432.24,4730.231,1219.9418
2016-08-01,2170.84,18404.51,4756.039,1219.1246
2016-08-02,2157.03,18313.77,4719.212,1202.3492
2016-08-03,2163.79,18355,4734.329,1212.7255
2016-08-04,2164.25,18352.05,4743.812,1213.7588
2016-08-05,2182.87,18543.53,4791.21,1231.2991
2016-08-08,2180.89,18529.29,4784.743,1230.4218
2016-08-09,2181.74,18533.05,4795.749,1231.745
2016-08-10,2175.49,18495.66,4783.393,1223.2745
2016-08-11,2185.79,18613.52,4803.314,1229.1157
2016-08-12,2184.05,18576.47,4807.076,1229.8198
2016-08-15,2190.15,18636.05,4827.116,1241.864
2016-08-16,2178.15,18552.02,4797.187,1231.1289
2016-08-17,2182.22,18573.94,4805.453,1227.6815
2016-08-18,2187.02,18597.7,4808.684,1236.8494
2016-08-19,2183.87,18552.57,4806.138,1236.7692
2016-08-22,2182.64,18529.42,4808.558,1239.7435
2016-08-23,2186.9,18547.3,4818.48,1248.5812
2016-08-24,2175.44,18481.48,4783.485,1237.25
2016-08-25,2172.47,18448.41,4775.425,1240.0048
2016-08-26,2169.04,18395.4,4783.694,1238.0315
2016-08-29,2180.38,18502.99,4791.086,1244.9434
2016-08-30,2176.12,18454.3,4775.995,1246.0299
2016-08-31,2170.95,18400.88,4771.055,1239.9071
2016-09-01,2170.86,18419.3,4783.938,1239.8036
2016-09-02,2179.98,18491.96,4798.741,1251.8311
2016-09-06,2186.48,18538.12,4829.512,1253.3705
2016-09-07,2186.16,18526.14,4831.861,1261.0083
2016-09-08,2181.3,18479.91,4803.998,1258.3586
2016-09-09,2127.81,18085.45,4681.535,1219.2102
2016-09-12,2159.04,18325.07,4764.652,1235.8713
2016-09-13,2127.02,18066.75,4722.845,1212.3197
2016-09-14,2125.77,18034.77,4746.063,1211.5908
2016-09-15,2147.26,18212.48,4819.897,1227.0227
2016-09-16,2139.16,18123.8,4818.054,1224.7787
2016-09-19,2139.12,18120.17,4796.071,1232.5261
2016-09-20,2139.76,18129.96,4805.22,1228.3297
2016-09-21,2163.12,18293.7,4853.748,1245.0396
2016-09-22,2177.18,18392.46,4891.363,1263.4382
2016-09-23,2164.69,18261.45,4858.909,1254.6229
2016-09-26,2146.1,18094.83,4817.167,1240.9381
2016-09-27,2159.93,18228.3,4866.706,1246.3806
2016-09-28,2171.37,18339.24,4875.268,1255.6658
2016-09-29,2151.13,18143.45,4838.3,1237.751
2016-09-30,2168.27,18308.15,4875.697,1251.6461
2016-10-03,2161.2,18253.85,4866.625,1245.7839
2016-10-04,2150.49,18168.45,4859.467,1239.7777
2016-10-05,2159.73,18281.03,4877.749,1248.3711
2016-10-06,2160.77,18268.5,4873.924,1246.2393
2016-10-07,2153.74,18240.49,4864.523,1236.559
2016-10-10,2163.66,18329.04,4893.767,1250.7644
2016-10-11,2136.73,18128.66,4821.914,1227.6233
2016-10-12,2139.18,18144.2,4819.635,1227.2258
2016-10-13,2132.55,18098.94,4803.102,1215.7498
2016-10-14,2132.98,18138.38,4808.485,1212.4077
2016-10-17,2126.5,18086.4,4796.17,1210.1364
2016-10-18,2139.6,18161.94,4839.721,1217.2998
2016-10-19,2144.29,18202.62,4836.61,1222.642
2016-10-20,2141.34,18162.35,4832.71,1219.7872
2016-10-21,2141.16,18145.71,4851.861,1218.0957
2016-10-24,2151.33,18223.03,4909.969,1226.4485
2016-10-25,2143.16,18169.27,4891.455,1216.104
2016-10-26,2139.43,18199.33,4860.593,1204.7493
2016-10-27,2133.04,18169.68,4836.447,1189.9468
2016-10-28,2126.41,18161.19,4805.593,1187.6134
2016-10-31,2126.15,18142.42,4801.271,1191.3882
2016-11-01,2111.72,18037.1,4766.937,1177.9431
2016-11-02,2097.94,17959.64,4726.907,1162.5247
2016-11-03,2088.66,17930.67,4679.103,1156.8853
2016-11-04,2085.18,17888.28,4660.456,1163.4387
2016-11-07,2131.52,18259.6,4773.729,1192.2517
2016-11-08,2139.56,18332.74,4804.92,1195.1442
2016-11-09,2163.26,18589.69,4825.184,1232.1625
2016-11-10,2167.48,18807.88,4747.028,1251.6079
2016-11-11,2164.45,18847.66,4751.951,1282.3936
2016-11-14,2164.2,18868.69,4702.045,1298.5955
2016-11-15,2180.39,18923.06,4764.474,1302.144
2016-11-16,2176.94,18868.14,4792.268,1302.2001
2016-11-17,2187.12,18903.82,4826.588,1309.4845
2016-11-18,2181.9,18867.93,4808.042,1315.642
2016-11-21,2198.18,18956.69,4858.998,1322.2343
2016-11-22,2202.94,19023.87,4873.842,1334.3413
2016-11-23,2204.72,19083.18,4853.862,1342.0936
2016-11-25,2213.35,19152.14,4870.017,1347.2025
2016-11-28,2201.72,19097.9,4857.021,1329.8278
2016-11-29,2204.66,19121.6,4873.209,1328.2195
2016-11-30,2198.81,19123.58,4810.814,1322.3395
2016-12-01,2191.08,19191.93,4734.096,1313.8035
2016-12-02,2191.95,19170.42,4739.372,1314.2532
2016-12-05,2204.71,19216.24,4778.141,1337.7863
2016-12-06,2212.23,19251.78,4788.671,1352.6677
2016-12-07,2241.35,19549.62,4851.939,1364.5061
2016-12-08,2246.19,19614.81,4859.186,1386.3678
2016-12-09,2259.53,19756.85,4895.904,1388.0734
2016-12-12,2256.96,19796.43,4874.298,1373.1421
2016-12-13,2271.72,19911.21,4935.838,1373.5341
2016-12-14,2253.28,19792.53,4921.218,1356.0236
2016-12-15,2262.03,19852.24,4933.407,1366.4137
2016-12-16,2258.07,19843.41,4914.864,1364.1895
2016-12-19,2262.53,19883.06,4934.847,1371.6838
2016-12-20,2270.76,19974.62,4953.803,1383.9557
2016-12-21,2265.18,19941.96,4948.905,1375.1927
2016-12-22,2260.96,19918.88,4934.391,1362.6589
2016-12-23,2263.79,19933.81,4940.023,1371.51
2016-12-27,2268.88,19945.04,4965.807,1377.7073
2016-12-28,2249.92,19833.68,4926.286,1360.8254
2016-12-29,2249.26,19819.78,4918.283,1363.1769
2016-12-30,2238.83,19762.6,4863.62,1357.1298
2017-01-03,2257.83,19881.76,4911.334,1365.4917
2017-01-04,2270.75,19942.16,4937.205,1387.9539
2017-01-05,2269,19899.29,4964.953,1371.9359
2017-01-06,2276.98,19963.8,5007.077,1367.2814
2017-01-09,2268.9,19887.38,5024.899,1357.4913
2017-01-10,2268.9,19855.53,5035.168,1370.9043
2017-01-11,2275.32,19954.28,5050.21,1373.2996
2017-01-12,2270.44,19891,5041.427,1361.0663
2017-01-13,2274.64,19885.73,5059.51,1372.0471
2017-01-17,2267.89,19826.77,5044.652,1352.3236
2017-01-18,2271.89,19804.72,5055.851,1358.5559
2017-01-19,2263.69,19732.4,5051.168,1345.7441
2017-01-20,2271.31,19827.25,5063.197,1351.8483
2017-01-23,2265.2,19799.85,5065.7,1347.8356
2017-01-24,2280.07,19912.71,5101.064,1369.2102
2017-01-25,2298.37,20068.51,5151.471,1382.4368
2017-01-26,2296.68,20100.91,5156.922,1375.5951
2017-01-27,2294.69,20093.78,5168.06,1370.7042
2017-01-30,2280.9,19971.13,5129.329,1352.3325
2017-01-31,2278.87,19864.09,5116.768,1361.8237
2017-02-01,2279.55,19890.94,5152.687,1361.2279
2017-02-02,2280.85,19884.91,5147.702,1357.432
2017-02-03,2297.42,20071.46,5161.598,1377.8373
2017-02-06,2292.56,20052.42,5167.963,1366.66
2017-02-07,2293.08,20090.29,5185.877,1361.0608
2017-02-08,2294.67,20054.34,5196.577,1358.7371
2017-02-09,2307.87,20172.4,5212.156,1378.5264
2017-02-10,2316.1,20269.37,5226.686,1388.8436
2017-02-13,2328.25,20412.16,5256.816,1392.3784
2017-02-14,2337.58,20504.41,5271.072,1396.6509
2017-02-15,2349.25,20611.86,5302.393,1404.207
2017-02-16,2347.22,20619.77,5300.639,1399.1334
2017-02-17,2351.16,20624.05,5324.721,1399.8619
2017-02-21,2365.38,20743,5350.725,1410.3439
2017-02-22,2362.82,20775.6,5352.134,1403.8551
2017-02-23,2363.81,20810.32,5332.373,1394.6228
2017-02-24,2367.34,20821.76,5343.314,1394.5249
2017-02-27,2369.75,20837.44,5347.549,1407.9697
2017-02-28,2363.64,20812.24,5330.305,1386.684
2017-03-01,2395.96,21115.55,5390.989,1413.6355
2017-03-02,2381.92,21002.97,5363.259,1395.6683
2017-03-03,2383.12,21005.71,5373.478,1394.1267
2017-03-06,2375.31,20954.34,5360.313,1384.2454
2017-03-07,2368.39,20924.76,5351.281,1374.8756
2017-03-08,2362.98,20855.73,5359.805,1366.0394
2017-03-09,2364.87,20858.19,5363.982,1360.1194
2017-03-10,2372.6,20902.98,5385.899,1365.2648
2017-03-13,2373.47,20881.48,5394.573,1370.2847
2017-03-14,2365.45,20837.37,5382.167,1362.3787
2017-03-15,2385.26,20950.1,5416.252,1382.8298
2017-03-16,2381.38,20934.55,5412.08,1386.0286
2017-03-17,2378.25,20914.62,5408.764,1391.5236
2017-03-20,2373.47,20905.86,5413.308,1384.0959
2017-03-21,2344.02,20668.01,5332.533,1346.5464
2017-03-22,2348.45,20661.3,5367.555,1345.5983
2017-03-23,2345.96,20656.58,5355.143,1353.4253
2017-03-24,2343.98,20596.72,5363.995,1354.6421
2017-03-27,2341.59,20550.98,5374.273,1357.3212
2017-03-28,2358.57,20701.5,5407.208,1367.2609
2017-03-29,2361.13,20659.32,5430.268,1371.6448
2017-03-30,2368.06,20728.49,5439.742,1382.3451
2017-03-31,2362.72,20663.22,5436.232,1385.9197
2017-04-03,2358.84,20650.21,5432.2,1369.6678
2017-04-04,2360.16,20689.24,5440.407,1368.175
2017-04-05,2352.95,20648.15,5418.524,1352.1426
2017-04-06,2357.49,20662.95,5420.88,1364.4258
2017-04-07,2355.54,20656.1,5418.369,1364.563
2017-04-10,2357.16,20658.02,5421.679,1367.0852
2017-04-11,2353.78,20651.3,5398.399,1376.9464
2017-04-12,2344.93,20591.86,5377.03,1359.1989
2017-04-13,2328.95,20453.25,5353.586,1345.2435
2017-04-17,2349.01,20636.92,5399.196,1361.1797
2017-04-18,2342.19,20523.28,5391.656,1361.8944
2017-04-19,2338.17,20404.49,5399.636,1367.1333
2017-04-20,2355.84,20578.71,5443.532,1384.1499
2017-04-21,2348.69,20547.76,5442.049,1379.854
2017-04-24,2374.15,20763.89,5508.033,1397.9421
2017-04-25,2388.61,20996.12,5548.194,1411.0768
2017-04-26,2387.45,20975.09,5541.086,1419.4309
2017-04-27,2388.77,20981.33,5571.283,1417.1271
2017-04-28,2384.2,20940.51,5583.53,1400.4282
2017-05-01,2388.33,20913.46,5629.632,1407.3619
2017-05-02,2391.17,20949.89,5644.068,1399.3619
2017-05-03,2388.13,20957.9,5625.158,1390.9221
2017-05-04,2389.52,20951.47,5626.316,1388.8462
2017-05-05,2399.29,21006.94,5646.094,1396.995
2017-05-08,2399.38,21012.28,5659.069,1391.6394
2017-05-09,2396.92,20975.78,5678.309,1391.8638
2017-05-10,2399.63,20943.11,5681.68,1399.5895
2017-05-11,2394.44,20919.42,5674.218,1390.1956
2017-05-12,2390.9,20896.61,5686.81,1382.7698
2017-05-15,2402.32,20981.94,5704.479,1393.9229
2017-05-16,2400.67,20979.75,5724.437,1394.6829
2017-05-17,2357.03,20606.93,5580.548,1355.8894
2017-05-18,2365.72,20663.02,5626.31,1361.0774
2017-05-19,2381.73,20804.84,5651.564,1367.3301
2017-05-22,2394.02,20894.83,5699.404,1377.1393
2017-05-23,2398.42,20937.91,5703.346,1380.9817
2017-05-24,2404.39,21012.42,5730.301,1382.5087
2017-05-25,2415.07,21082.95,5778.374,1383.3877
2017-05-26,2415.82,21080.28,5788.359,1382.244
2017-05-30,2412.91,21029.47,5794.632,1371.1932
2017-05-31,2411.8,21008.65,5788.802,1370.208
2017-06-01,2430.06,21144.18,5816.511,1396.0597
2017-06-02,2439.07,21206.29,5881.458,1405.3866
2017-06-05,2436.1,21184.04,5878.117,1396.4508
2017-06-06,2429.33,21136.23,5856.769,1394.8987
2017-06-07,2433.14,21173.69,5877.59,1396.6737
2017-06-08,2433.79,21182.53,5885.296,1415.6122
2017-06-09,2431.77,21271.97,5741.944,1421.707
2017-06-12,2429.39,21235.67,5708.18,1419.2112
2017-06-13,2440.35,21328.47,5751.817,1425.985
2017-06-14,2437.92,21374.56,5727.066,1417.5728
2017-06-15,2432.46,21359.9,5700.885,1410.0837
2017-06-16,2433.15,21384.28,5681.479,1406.728
2017-06-19,2453.46,21528.99,5772.223,1418.0813
2017-06-20,2437.03,21467.14,5726.311,1402.9678
2017-06-21,2435.61,21410.03,5782.394,1399.2545
2017-06-22,2434.5,21397.29,5779.87,1404.5378
2017-06-23,2438.3,21394.76,5803.105,1414.778
2017-06-26,2439.07,21409.55,5777.588,1416.6395
2017-06-27,2419.38,21310.66,5671.598,1403.522
2017-06-28,2440.69,21454.61,5753.032,1425.2688
2017-06-29,2419.7,21287.03,5653.021,1416.1992
2017-06-30,2423.41,21349.63,5646.918,1415.3586
2017-07-03,2429.01,21479.27,5596.956,1426.6821
2017-07-05,2432.54,21478.17,5648.816,1420.1471
2017-07-06,2409.75,21320.04,5597.905,1400.8148
2017-07-07,2425.18,21414.34,5656.47,1415.8353
2017-07-10,2427.43,21408.52,5694.152,1408.4746
2017-07-11,2425.53,21409.07,5709.799,1413.0542
2017-07-12,2443.25,21532.14,5778.95,1424.3207
2017-07-13,2447.83,21553.09,5793.356,1425.6606
2017-07-14,2459.27,21637.74,5838.083,1428.8173
2017-07-17,2459.14,21629.72,5839.736,1431.6024
2017-07-18,2460.61,21574.73,5880.095,1427.6144
2017-07-19,2473.83,21640.75,5916.162,1441.7706
2017-07-20,2473.45,21611.78,5921.223,1442.3544
2017-07-21,2472.54,21580.07,5921.525,1435.8387
2017-07-24,2469.91,21513.17,5941.369,1438.0547
2017-07-25,2477.13,21613.43,5930.646,1450.3866
2017-07-26,2477.83,21711.01,5950.734,1442.2792
2017-07-27,2475.42,21796.55,5917.028,1433.6237
2017-07-28,2472.1,21830.31,5908.916,1429.2596
2017-07-31,2470.3,21891.12,5880.327,1425.1443
2017-08-01,2476.35,21963.92,5895.171,1428.3296
2017-08-02,2477.57,22016.24,5914.23,1412.9034
2017-08-03,2472.16,22026.1,5891.197,1405.2288
2017-08-04,2476.83,22092.81,5899.905,1412.321
2017-08-07,2480.91,22118.42,5934.728,1414.1665
2017-08-08,2474.92,22085.34,5926.352,1410.1509
2017-08-09,2474.02,22048.7,5919.391,1396.9485
2017-08-10,2438.21,21844.01,5788.192,1372.5438
2017-08-11,2441.32,21858.32,5831.533,1374.2314
2017-08-14,2465.84,21993.71,5908.167,1394.309
2017-08-15,2464.61,21998.99,5907.73,1383.2373
2017-08-16,2468.11,22024.87,5917.42,1383.5339
2017-08-17,2430.01,21750.73,5796.318,1358.9397
2017-08-18,2425.55,21674.51,5790.909,1357.7926
2017-08-21,2428.37,21703.75,5786.537,1356.9047
2017-08-22,2452.51,21899.89,5873.333,1371.537
2017-08-23,2444.04,21812.09,5851.783,1369.7388
2017-08-24,2438.97,21783.4,5834.44,1373.8754
2017-08-25,2443.05,21813.67,5822.533,1377.4526
2017-08-28,2444.24,21808.4,5838.081,1382.2295
2017-08-29,2446.3,21865.37,5862.137,1383.6814
2017-08-30,2457.59,21892.43,5932.9,1391.3245
2017-08-31,2471.65,21948.1,5988.604,1405.2766
2017-09-01,2476.55,21987.56,5987.9,1413.5709
2017-09-05,2457.85,21753.31,5932.731,1399.6554
2017-09-06,2465.54,21807.64,5951.126,1402.1963
2017-09-07,2465.1,21784.78,5964.312,1398.674
2017-09-08,2461.43,21797.79,5913.368,1399.4291
2017-09-11,2488.11,22057.37,5980.525,1414.8276
2017-09-12,2496.48,22118.86,5995.635,1423.4634
2017-09-13,2498.37,22158.18,6004.38,1426.8943
2017-09-14,2495.62,22203.48,5968.818,1425.0232
2017-09-15,2500.23,22268.34,5987.999,1431.7117
2017-09-18,2503.87,22331.35,5981.118,1441.0825
2017-09-19,2506.65,22370.8,5991.078,1440.4043
2017-09-20,2508.24,22412.59,5973.605,1445.4203
2017-09-21,2500.6,22359.23,5934.913,1444.184
2017-09-22,2502.22,22349.59,5932.321,1450.7806
2017-09-25,2496.66,22296.09,5867.348,1451.958
2017-09-26,2496.84,22284.32,5881.336,1456.8633
2017-09-27,2507.04,22340.71,5937.791,1484.8125
2017-09-28,2510.06,22381.2,5933.069,1488.7861
2017-09-29,2519.36,22405.09,5979.298,1490.8615
2017-10-02,2529.12,22557.6,5981.918,1509.472
2017-10-03,2534.58,22641.67,5995.06,1511.9668
2017-10-04,2537.74,22661.64,5998.836,1507.7646
2017-10-05,2552.07,22775.39,6057.143,1512.088
2017-10-06,2549.33,22773.67,6064.572,1510.2168
2017-10-09,2544.73,22761.07,6058.531,1503.5612
2017-10-10,2550.64,22830.68,6063.522,1508.0055
2017-10-11,2555.24,22872.89,6081.25,1506.9246
2017-10-12,2550.93,22841.01,6069.988,1505.1636
2017-10-13,2553.17,22871.72,6092.453,1502.6577
2017-10-16,2557.64,22956.96,6114.526,1502.6812
2017-10-17,2559.36,22997.44,6122.611,1497.4987
2017-10-18,2561.26,23157.6,6114.352,1505.1443
2017-10-19,2562.1,23163.04,6092.616,1502.0443
2017-10-20,2575.21,23328.63,6108.816,1509.2469
2017-10-23,2564.98,23273.96,6067.832,1497.4924
2017-10-24,2569.13,23441.76,6080.218,1500.4199
2017-10-25,2557.15,23329.46,6055.041,1493.4777
2017-10-26,2560.4,23400.86,6037.872,1497.4592
2017-10-27,2581.07,23434.19,6213.468,1508.316
2017-10-30,2572.83,23348.74,6227.591,1490.8993
2017-10-31,2575.26,23377.24,6248.557,1502.7731
2017-11-01,2579.36,23435.01,6248.646,1492.7784
2017-11-02,2579.85,23516.26,6236.391,1496.547
2017-11-03,2587.84,23539.19,6295.581,1494.91
2017-11-06,2591.13,23548.42,6313.607,1497.9618
2017-11-07,2590.64,23557.23,6320.777,1479.0906
2017-11-08,2594.38,23563.36,6345.811,1481.7339
2017-11-09,2584.62,23461.94,6312.207,1475.0189
2017-11-10,2582.3,23422.21,6309.066,1475.2747
2017-11-13,2584.84,23439.7,6316.177,1475.0681
2017-11-14,2578.87,23409.47,6293.642,1471.2574
2017-11-15,2564.62,23271.28,6258.359,1464.0948
2017-11-16,2585.64,23458.36,6339.141,1486.8809
2017-11-17,2578.85,23358.24,6314.51,1492.8217
2017-11-20,2582.14,23430.33,6308.609,1503.3956
2017-11-21,2599.03,23590.83,6378.628,1518.89
2017-11-22,2597.08,23526.18,6386.119,1516.7616
2017-11-24,2602.42,23557.99,6409.287,1519.1633
2017-11-27,2601.42,23580.78,6405.966,1513.3088
2017-11-28,2627.04,23836.71,6422.557,1536.4327
2017-11-29,2626.07,23940.68,6311.375,1542.2971
2017-11-30,2647.58,24272.35,6365.564,1544.1406
2017-12-01,2642.22,24231.59,6337.874,1537.0215
2017-12-04,2639.44,24290.05,6263.701,1532.4137
2017-12-05,2629.57,24180.64,6265.111,1516.7606
2017-12-06,2629.27,24140.91,6293.054,1508.8828
2017-12-07,2636.98,24211.48,6316.278,1520.4685
2017-12-08,2651.5,24329.16,6344.569,1521.7245
2017-12-11,2659.99,24386.03,6393.888,1519.8401
2017-12-12,2664.11,24504.8,6383.652,1516.1167
2017-12-13,2662.85,24585.43,6394.667,1524.4459
2017-12-14,2652.01,24508.66,6389.907,1506.9501
2017-12-15,2675.81,24651.74,6466.32,1530.4247
2017-12-18,2690.16,24792.2,6513.268,1548.9246
2017-12-19,2681.47,24754.75,6480.668,1536.7496
2017-12-20,2679.25,24726.65,6472.482,1540.0759
2017-12-21,2684.57,24782.29,6472.688,1547.1069
2017-12-22,2683.34,24754.06,6465.166,1542.9254
2017-12-26,2680.5,24746.21,6433.162,1544.2264
2017-12-27,2682.62,24774.3,6435.152,1543.9369
2017-12-28,2687.54,24837.51,6441.421,1548.9258
2017-12-29,2673.61,24719.22,6396.422,1535.5112
2018-01-02,2695.81,24824.01,6511.342,1550.0112
2018-01-03,2713.06,24922.68,6575.803,1552.5762
2018-01-04,2723.99,25075.13,6584.578,1555.7242
2018-01-05,2743.15,25295.87,6653.291,1560.0104
2018-01-08,2747.71,25283,6676.631,1561.8081
2018-01-09,2751.29,25385.8,6677.936,1560.0994
2018-01-10,2748.23,25369.13,6662.658,1559.8009
2018-01-11,2767.56,25574.73,6708.492,1586.7872
2018-01-12,2786.24,25803.19,6758.541,1591.9718
2018-01-16,2776.42,25792.86,6737.137,1572.9698
2018-01-17,2802.56,26115.65,6810.283,1586.6584
2018-01-18,2798.03,26017.81,6811.378,1576.7291
2018-01-19,2810.3,26071.72,6834.329,1597.6279
2018-01-22,2832.97,26214.6,6906.278,1605.1653
2018-01-23,2839.13,26210.81,6963.463,1610.7058
2018-01-24,2837.54,26252.12,6919.352,1599.6115
2018-01-25,2839.25,26392.79,6916.304,1601.6694
2018-01-26,2872.87,26616.71,7022.971,1608.0585
2018-01-29,2853.53,26439.48,6988.315,1598.1086
2018-01-30,2822.43,26076.89,6930.727,1582.8168
2018-01-31,2823.81,26149.39,6949.987,1574.9823
2018-02-01,2821.98,26186.71,6901.504,1579.866
2018-02-02,2762.13,25520.96,6760.29,1547.2729
2018-02-05,2648.94,24345.75,6495.919,1491.0891
2018-02-06,2695.14,24912.77,6665.979,1507.1685
2018-02-07,2681.66,24893.35,6582.023,1507.9694
2018-02-08,2581,23860.46,6306.1,1463.7933
2018-02-09,2619.55,24190.9,6412.68,1477.8363
2018-02-12,2656,24601.27,6523.851,1490.9814
2018-02-13,2662.94,24640.45,6553.864,1494.9496
2018-02-14,2698.63,24893.49,6675.032,1522.0962
2018-02-15,2731.2,25200.37,6794.922,1537.1971
2018-02-16,2732.22,25219.38,6770.663,1543.5505
2018-02-20,2716.26,24964.75,6779.695,1529.9921
2018-02-21,2701.33,24797.78,6759.26,1531.8362
2018-02-22,2703.96,24962.48,6761.855,1529.9872
2018-02-23,2747.3,25309.99,6896.601,1549.1858
2018-02-26,2779.6,25709.27,6989.097,1559.3319
2018-02-27,2744.28,25410.03,6900.35,1536.4744
2018-02-28,2713.83,25029.2,6854.417,1512.446
2018-03-01,2677.67,24608.98,6750.542,1507.3879
2018-03-02,2691.25,24538.06,6811.04,1533.1716
2018-03-05,2720.94,24874.76,6881.283,1546.0483
2018-03-06,2728.12,24884.12,6913.022,1562.2042
2018-03-07,2726.8,24801.36,6929.385,1574.5332
2018-03-08,2738.97,24895.21,6966.428,1571.9653
2018-03-09,2786.57,25335.74,7101.18,1597.1417
2018-03-12,2783.02,25178.61,7131.121,1601.0564
2018-03-13,2765.31,25007.03,7046.511,1592.052
2018-03-14,2749.48,24758.12,7040.981,1584.3112
2018-03-15,2747.33,24873.66,7030.97,1576.6182
2018-03-16,2752.01,24946.51,7019.949,1586.0481
2018-03-19,2712.92,24610.91,6864.882,1570.5618
2018-03-20,2716.94,24727.27,6885.92,1570.4054
2018-03-21,2711.93,24682.31,6853.452,1579.3027
2018-03-22,2643.69,23957.89,6682.255,1543.8718
2018-03-23,2588.26,23533.2,6508.089,1510.0826
2018-03-26,2658.55,24202.6,6753.832,1543.7167
2018-03-27,2612.62,23857.71,6529.841,1513.5658
2018-03-28,2605,23848.42,6460.81,1513.0308
2018-03-29,2640.87,24103.11,6581.126,1529.4266
2018-04-02,2581.88,23644.19,6390.837,1492.5305
2018-04-03,2614.45,24033.36,6458.831,1512.1547
2018-04-04,2644.69,24264.3,6560.06,1531.6647
2018-04-05,2662.84,24505.22,6594.838,1542.9272
2018-04-06,2604.47,23932.76,6433.213,1513.2968
2018-04-09,2613.16,23979.1,6472.344,1514.463
2018-04-10,2656.87,24408,6615.872,1543.4332
2018-04-11,2642.19,24189.45,6583.444,1546.8049
2018-04-12,2663.99,24483.05,6656.255,1557.3264
2018-04-13,2656.3,24360.14,6628.342,1549.5088
2018-04-16,2677.84,24573.04,6675.179,1563.0332
2018-04-17,2706.39,24786.63,6816.369,1579.8021
2018-04-18,2708.64,24748.07,6833.213,1583.5619
2018-04-19,2693.13,24664.89,6774.887,1573.8182
2018-04-20,2670.14,24462.94,6667.751,1564.1235
2018-04-23,2670.29,24448.69,6648.803,1562.1202
2018-04-24,2634.56,24024.13,6509.049,1553.281
2018-04-25,2639.4,24083.83,6513.941,1550.4668
2018-04-26,2666.94,24322.34,6649.654,1557.8945
2018-04-27,2669.91,24311.19,6656.353,1556.2358
2018-04-30,2648.05,24163.15,6605.57,1541.8838
2018-05-01,2654.8,24099.05,6681.961,1550.3419
2018-05-02,2635.67,23924.98,6644.478,1554.9142
2018-05-03,2629.73,23930.15,6643.479,1546.558
2018-05-04,2663.42,24262.51,6769.116,1565.6034
2018-05-07,2672.63,24357.32,6821.874,1578.9476
2018-05-08,2671.92,24360.21,6815.483,1586.3923
2018-05-09,2697.79,24542.54,6893.214,1596.0532
2018-05-10,2723.07,24739.53,6963.548,1603.7128
2018-05-11,2727.72,24831.17,6952.563,1606.7925
2018-05-14,2730.13,24899.41,6964.373,1600.3438
2018-05-15,2711.45,24706.41,6888.536,1600.3402
2018-05-16,2722.46,24768.93,6929.965,1616.3673
2018-05-17,2720.13,24713.98,6901.633,1625.29
2018-05-18,2712.97,24715.09,6866.254,1626.6288
2018-05-21,2733.01,25013.29,6905.532,1637.442
2018-05-22,2724.44,24834.41,6893.62,1625.2373
2018-05-23,2733.29,24886.81,6953.631,1627.6091
2018-05-24,2727.76,24811.76,6949.699,1628.2216
2018-05-25,2721.33,24753.09,6960.919,1626.9279
2018-05-29,2689.86,24361.45,6926.544,1623.6488
2018-05-30,2724.01,24667.78,6976.367,1647.9885
2018-05-31,2705.27,24415.84,6967.729,1633.6095
2018-06-01,2734.62,24635.21,7083.925,1647.9834
2018-06-04,2746.87,24813.69,7143.57,1653.3705
2018-06-05,2748.8,24799.98,7166.752,1664.6254
2018-06-06,2772.35,25146.39,7210.082,1675.949
2018-06-07,2770.37,25241.41,7152.83,1667.7745
2018-06-08,2779.03,25316.53,7152.621,1672.49
2018-06-11,2782,25322.31,7168.479,1674.6783
2018-06-12,2786.85,25320.73,7209.183,1682.2991
2018-06-13,2775.63,25201.2,7205.256,1676.5372
2018-06-14,2782.49,25175.31,7279.592,1684.7246
2018-06-15,2779.66,25090.48,7255.756,1683.908
2018-06-18,2773.75,24987.47,7251.408,1692.46
2018-06-19,2762.59,24700.21,7228.043,1693.4462
2018-06-20,2767.32,24657.8,7280.705,1706.9855
2018-06-21,2749.76,24461.7,7217.488,1688.9503
2018-06-22,2754.88,24580.89,7197.512,1685.5765
2018-06-25,2717.07,24252.8,7038.171,1657.5095
2018-06-26,2723.06,24283.11,7068.195,1668.5267
2018-06-27,2699.63,24117.59,6969.674,1640.4542
2018-06-28,2716.31,24216.05,7031.604,1645.0167
2018-06-29,2718.37,24271.41,7040.802,1643.07
2018-07-02,2726.71,24307.18,7097.819,1655.0864
2018-07-03,2713.22,24174.82,7014.554,1660.4198
2018-07-05,2736.61,24356.74,7101.047,1679.4823
2018-07-06,2759.82,24456.48,7207.334,1694.0543
2018-07-09,2784.17,24776.59,7276.001,1704.603
2018-07-10,2793.84,24919.66,7282.599,1695.6176
2018-07-11,2774.02,24700.45,7243.98,1683.6619
2018-07-12,2798.29,24924.89,7366.25,1690.2769
2018-07-13,2801.31,25019.41,7375.817,1687.0791
2018-07-16,2798.43,25064.36,7357.899,1678.5438
2018-07-17,2809.55,25119.89,7403.891,1687.2637
2018-07-18,2815.62,25199.29,7390.126,1691.8688
2018-07-19,2804.49,25064.5,7352.357,1701.3107
2018-07-20,2801.83,25058.12,7350.227,1696.8085
2018-07-23,2806.98,25044.29,7371.78,1698.4144
2018-07-24,2820.4,25241.94,7406.248,1680.1954
2018-07-25,2846.07,25414.1,7508.586,1685.2032
2018-07-26,2837.44,25527.07,7400.748,1695.3599
2018-07-27,2818.82,25451.06,7296.781,1663.34
2018-07-30,2802.6,25306.83,7193.103,1653.1316
2018-07-31,2816.29,25415.19,7231.983,1670.8048
2018-08-01,2813.36,25333.82,7272.887,1669.2631
2018-08-02,2827.22,25326.16,7372.148,1682.0988
2018-08-03,2840.35,25462.58,7395.489,1673.3721
2018-08-06,2850.4,25502.18,7438.995,1684.3105
2018-08-07,2858.45,25628.91,7462.653,1688.2996
2018-08-08,2857.7,25583.75,7469.545,1686.8821
2018-08-09,2853.58,25509.23,7466.962,1690.8875
2018-08-10,2833.28,25313.14,7408.304,1686.804
2018-08-13,2821.93,25187.7,7401.169,1675.3153
2018-08-14,2839.96,25299.92,7447.168,1692.5785
2018-08-15,2818.37,25162.41,7354.661,1670.666
2018-08-16,2840.69,25558.73,7374.295,1685.7522
2018-08-17,2850.13,25669.32,7377.544,1692.9471
2018-08-20,2857.05,25758.69,7371.418,1698.6926
2018-08-21,2862.96,25822.29,7397.226,1718.0454
2018-08-22,2861.82,25733.6,7424.596,1722.5425
2018-08-23,2856.98,25656.98,7413.838,1717.0511
2018-08-24,2874.69,25790.35,7485.404,1725.6709
2018-08-27,2896.74,26049.64,7559.133,1728.4058
2018-08-28,2897.52,26064.02,7570.246,1728.4215
2018-08-29,2914.04,26124.57,7660.18,1734.7494
2018-08-30,2901.13,25986.92,7642.67,1732.3535
2018-08-31,2901.52,25964.82,7654.554,1740.7531
2018-09-04,2896.72,25952.48,7622.322,1733.3771
2018-09-05,2888.6,25974.99,7523.26,1727.6451
2018-09-06,2878.05,25995.87,7453.167,1714.4678
2018-09-07,2871.68,25916.54,7430.261,1713.1798
2018-09-10,2877.13,25857.07,7447.676,1717.4673
2018-09-11,2887.89,25971.06,7507.872,1718.4039
2018-09-12,2888.92,25998.92,7488.065,1715.6964
2018-09-13,2904.18,26145.99,7561.687,1714.3199
2018-09-14,2904.98,26154.67,7545.496,1721.7195
2018-09-17,2888.8,26062.12,7434.729,1703.5481
2018-09-18,2904.31,26246.96,7494.399,1710.9711
2018-09-19,2907.95,26405.76,7490.323,1702.9336
2018-09-20,2930.75,26656.98,7569.035,1720.1841
2018-09-21,2929.67,26743.5,7531.072,1712.3158
2018-09-24,2919.37,26562.05,7548.751,1705.318
2018-09-25,2915.56,26492.21,7563.194,1708.8051
2018-09-26,2905.97,26385.28,7563.086,1691.6078
2018-09-27,2914,26439.93,7629.572,1690.5265
2018-09-28,2913.98,26458.31,7627.65,1696.5709
2018-10-01,2924.59,26651.21,7645.453,1672.9921
2018-10-02,2923.43,26773.94,7628.278,1656.0416
2018-10-03,2925.51,26828.39,7637.426,1671.2944
2018-10-04,2901.61,26627.48,7490.004,1646.911
2018-10-05,2885.57,26447.05,7399.007,1632.1121
2018-10-08,2884.43,26486.78,7352.823,1629.515
2018-10-09,2880.34,26430.57,7371.615,1621.8654
2018-10-10,2785.68,25598.74,7044.496,1575.4117
2018-10-11,2728.37,25052.83,6964.026,1545.38
2018-10-12,2767.13,25339.99,7157.209,1546.6793
2018-10-15,2750.79,25250.55,7068.671,1553.0948
2018-10-16,2809.92,25798.42,7276.426,1596.8372
2018-10-17,2809.21,25706.68,7278.631,1589.6041
2018-10-18,2768.78,25379.45,7116.088,1560.7524
2018-10-19,2767.78,25444.34,7107.233,1542.0417
2018-10-22,2755.88,25317.41,7141.213,1539.5015
2018-10-23,2740.69,25191.43,7118.674,1526.5874
2018-10-24,2656.1,24583.42,6789.154,1468.6984
2018-10-25,2705.57,24984.55,7016.389,1500.3961
2018-10-26,2658.69,24688.31,6852.404,1483.8208
2018-10-29,2641.25,24442.92,6713.902,1477.306
2018-10-30,2682.63,24874.64,6810.121,1506.6372
2018-10-31,2711.74,25115.76,6967.096,1511.4127
2018-11-01,2740.37,25380.74,7069.171,1544.9802
2018-11-02,2723.06,25270.83,6965.294,1547.9813
2018-11-05,2738.31,25461.7,6937.089,1547.5116
2018-11-06,2755.45,25635.01,6988.848,1556.0975
2018-11-07,2813.89,26180.3,7203.133,1582.1591
2018-11-08,2806.83,26191.22,7158.591,1578.2091
2018-11-09,2781.01,25989.3,7039.149,1549.4926
2018-11-12,2726.22,25387.18,6829.098,1518.7943
2018-11-13,2722.18,25286.49,6830.906,1514.8022
2018-11-14,2701.58,25080.5,6769.873,1502.5055
2018-11-15,2730.2,25289.27,6890.447,1524.1224
2018-11-16,2736.27,25413.22,6867.015,1527.5331
2018-11-19,2690.73,25017.44,6642.917,1496.541
2018-11-20,2641.89,24465.64,6526.963,1469.009
2018-11-21,2649.93,24464.69,6575.663,1488.2789
2018-11-23,2632.56,24285.95,6527.347,1488.681
2018-11-26,2673.45,24640.24,6678.339,1505.9583
2018-11-27,2682.17,24748.73,6701.036,1492.8553
2018-11-28,2743.79,25366.43,6913.326,1530.3838
2018-11-29,2737.76,25338.84,6892.4,1525.3872
2018-11-30,2760.17,25538.46,6949.014,1533.2664
2018-12-03,2790.37,25826.43,7062.133,1548.9565
2018-12-04,2700.06,25027.07,6795.213,1480.7515
2018-12-06,2695.95,24947.67,6838.85,1477.4117
2018-12-07,2633.08,24388.95,6613.275,1448.0889
2018-12-10,2637.72,24423.26,6682.742,1443.095
2018-12-11,2636.78,24370.24,6704.237,1440.1344
2018-12-12,2651.07,24527.27,6763.957,1455.3231
2018-12-13,2650.54,24597.38,6767.974,1432.7001
2018-12-14,2599.95,24100.51,6594.963,1410.8126
2018-12-17,2545.94,23592.98,6448.386,1378.1438
2018-12-18,2546.16,23675.64,6491.516,1377.1759
2018-12-19,2506.96,23323.66,6342.968,1349.229
2018-12-20,2467.42,22859.6,6243.195,1326.0023
2018-12-21,2416.62,22445.37,6046.557,1292.0857
2018-12-24,2351.1,21792.2,5899.355,1266.9249
2018-12-26,2467.7,22878.45,6262.767,1329.8105
2018-12-27,2488.83,23138.82,6288.302,1331.8169
2018-12-28,2485.74,23062.4,6285.266,1337.9229
2018-12-31,2506.85,23327.46,6329.965,1348.5588
2019-01-02,2510.03,23346.24,6360.869,1355.9061
2019-01-03,2447.89,22686.22,6147.128,1330.8314
2019-01-04,2531.94,23433.16,6422.674,1380.7471
2019-01-07,2549.69,23531.35,6488.254,1405.3651
2019-01-08,2574.41,23787.45,6551.847,1426.5521
2019-01-09,2584.96,23879.12,6600.694,1438.8068
2019-01-10,2596.64,24001.92,6620.942,1445.4324
2019-01-11,2596.26,23995.95,6601.395,1447.3849
2019-01-14,2582.61,23909.84,6541.038,1432.8136
2019-01-15,2610.3,24065.59,6669.638,1445.2177
2019-01-16,2616.1,24207.16,6668.562,1454.6969
2019-01-17,2635.96,24370.1,6718.453,1467.2488
2019-01-18,2670.71,24706.35,6784.608,1482.5011
2019-01-22,2632.9,24404.48,6646.813,1457.4542
2019-01-23,2638.7,24575.62,6658.763,1454.2554
2019-01-24,2642.33,24553.24,6702.547,1464.4065
2019-01-25,2664.76,24737.2,6787.371,1482.8534
2019-01-28,2643.85,24528.22,6697.087,1473.5358
2019-01-29,2640,24579.96,6632.792,1471.4476
2019-01-30,2681.05,25014.86,6807.909,1486.9418
2019-01-31,2704.1,24999.67,6906.839,1499.4189
2019-02-01,2706.53,25063.89,6875.518,1502.0544
2019-02-04,2724.87,25239.37,6959.957,1517.5358
2019-02-05,2737.7,25411.52,7023.521,1520.2255
2019-02-06,2731.61,25390.3,6997.622,1518.0205
2019-02-07,2706.05,25169.53,6904.981,1505.6254
2019-02-08,2707.88,25106.33,6913.13,1506.3943
2019-02-11,2709.8,25053.11,6909.185,1518.9822
2019-02-12,2744.73,25425.76,7014.669,1538.2302
2019-02-13,2753.03,25543.27,7015.876,1542.9432
2019-02-14,2745.73,25439.39,7022.419,1545.1052
2019-02-15,2775.6,25883.25,7055.179,1569.2471
2019-02-19,2779.76,25891.32,7066.612,1574.4677
2019-02-20,2784.7,25954.44,7062.339,1581.6608
2019-02-21,2774.88,25850.63,7035.164,1575.5474
2019-02-22,2792.67,26031.81,7090.625,1590.0615
2019-02-25,2796.11,26091.95,7115.426,1588.8054
2019-02-26,2793.9,26057.98,7123.216,1577.483
2019-02-27,2792.38,25985.16,7117.005,1581.0518
2019-02-28,2784.49,25916,7097.525,1575.5492
2019-03-01,2803.69,26026.32,7151.572,1589.64
2019-03-04,2792.81,25819.65,7150.833,1575.4368
2019-03-05,2789.65,25806.63,7156.785,1568.2834
2019-03-06,2771.45,25673.46,7112.468,1536.8203
2019-03-07,2748.93,25473.23,7026.883,1523.6287
2019-03-08,2743.07,25450.24,7015.69,1521.8843
2019-03-11,2783.3,25650.88,7164.02,1548.8766
2019-03-12,2791.52,25554.66,7201.281,1549.8348
2019-03-13,2810.92,25702.89,7256.982,1555.8805
2019-03-14,2808.48,25709.94,7243.014,1549.635
2019-03-15,2822.48,25848.87,7306.987,1553.5381
2019-03-18,2832.94,25914.1,7326.281,1563.9323
2019-03-19,2832.57,25887.38,7349.278,1554.9851
2019-03-20,2824.23,25745.67,7380.754,1543.1589
2019-03-21,2854.88,25962.51,7493.269,1562.4119
2019-03-22,2800.71,25502.32,7326.057,1505.9227
2019-03-25,2798.36,25516.83,7316.958,1512.8638
2019-03-26,2818.46,25657.73,7351.15,1528.1656
2019-03-27,2805.37,25625.59,7308.193,1522.2313
2019-03-28,2815.44,25717.46,7320.472,1535.1036
2019-03-29,2834.4,25928.68,7378.771,1539.7385
2019-04-01,2867.19,26258.42,7478.416,1556.0643
2019-04-02,2867.24,26179.13,7499.639,1553.3247
2019-04-03,2873.4,26218.13,7544.972,1560.91
2019-04-04,2879.39,26384.63,7540.568,1567.4939
2019-04-05,2892.74,26424.99,7578.84,1582.5581
2019-04-08,2895.77,26341.02,7599.742,1579.0049
2019-04-09,2878.2,26150.58,7568.486,1559.6835
2019-04-10,2888.21,26157.16,7611.488,1581.5511
2019-04-11,2888.32,26143.05,7594.89,1579.1407
2019-04-12,2907.41,26412.3,7628.15,1584.8025
2019-04-15,2905.58,26384.77,7629.12,1579.1683
2019-04-16,2907.06,26452.66,7654.731,1582.7853
2019-04-17,2900.45,26449.54,7680.718,1567.5969
2019-04-18,2905.03,26559.54,7689.715,1565.7476
2019-04-22,2907.97,26511.05,7713.495,1560.0447
2019-04-23,2933.68,26656.39,7810.706,1585.0931
2019-04-24,2927.25,26597.05,7784.413,1588.1323
2019-04-25,2926.17,26462.08,7816.919,1575.6116
2019-04-26,2939.88,26543.33,7826.679,1591.8157
2019-04-29,2943.03,26554.39,7839.038,1598.3563
2019-04-30,2945.83,26592.91,7781.456,1591.2108
2019-05-01,2923.73,26430.14,7751.847,1576.3794
2019-05-02,2917.52,26307.79,7724.056,1582.6508
2019-05-03,2945.64,26504.95,7845.729,1614.0219
2019-05-06,2932.47,26438.48,7794.093,1614.9756
2019-05-07,2884.05,25965.09,7640.149,1582.3116
2019-05-08,2879.42,25967.33,7617.55,1574.9747
2019-05-09,2870.72,25828.36,7582.746,1570.0568
2019-05-10,2881.4,25942.37,7586.531,1572.9928
2019-05-13,2811.87,25324.99,7324.132,1523.0011
2019-05-14,2834.41,25532.05,7401.884,1543.0585
2019-05-15,2850.96,25648.02,7503.246,1548.2713
2019-05-16,2876.32,25862.68,7580.142,1557.2391
2019-05-17,2859.53,25764,7503.68,1535.7632
2019-05-20,2840.23,25679.9,7376.703,1524.9631
2019-05-21,2864.36,25877.33,7451.02,1545.2478
2019-05-22,2856.27,25776.61,7420.656,1531.6251
2019-05-23,2822.24,25490.47,7307.933,1501.3799
2019-05-24,2826.06,25585.69,7300.961,1514.1086
2019-05-28,2802.39,25347.77,7278.376,1504.0194
2019-05-29,2783.02,25126.41,7216.859,1489.9517
2019-05-30,2788.86,25169.88,7245.403,1485.5309
2019-05-31,2752.06,24815.04,7127.956,1465.4869
2019-06-03,2744.45,24819.78,6978.017,1469.983
2019-06-04,2803.27,25332.18,7166.747,1508.5613
2019-06-05,2826.15,25539.57,7220.903,1506.7928
2019-06-06,2843.49,25720.66,7275.927,1503.5383
2019-06-07,2873.34,25983.94,7417.291,1514.3907
2019-06-10,2886.73,26062.68,7501.929,1523.561
2019-06-11,2885.72,26048.51,7513.849,1519.1078
2019-06-12,2879.84,26004.83,7472.294,1519.7916
2019-06-13,2891.64,26106.77,7510.683,1535.8037
2019-06-14,2886.98,26089.61,7479.111,1522.4988
2019-06-17,2889.67,26112.53,7526.519,1532.7521
2019-06-18,2917.75,26465.54,7635.4,1550.229
2019-06-19,2926.46,26504,7667.738,1555.5795
2019-06-20,2954.18,26753.17,7738.055,1563.4948
2019-06-21,2950.46,26719.13,7728.782,1549.6279
2019-06-24,2945.35,26727.54,7723.021,1530.0835
2019-06-25,2917.38,26548.22,7591.536,1521.0353
2019-06-26,2913.78,26536.82,7627.051,1517.7753
2019-06-27,2924.92,26526.58,7657.048,1546.5503
2019-06-28,2941.76,26599.96,7671.075,1566.5719
2019-07-01,2964.33,26717.43,7768.138,1569.6635
2019-07-02,2973.01,26786.68,7799.824,1560.5377
2019-07-03,2995.82,26966,7857.69,1572.1221
2019-07-05,2990.41,26922.12,7841.301,1575.6245
2019-07-08,2975.95,26806.14,7785.787,1561.3866
2019-07-09,2979.63,26783.49,7826.858,1562.5885
2019-07-10,2993.07,26860.2,7903.401,1565.0463
2019-07-11,2999.91,27088.08,7896.776,1557.9208
2019-07-12,3013.77,27332.03,7943.241,1569.9984
2019-07-15,3014.3,27359.16,7966.926,1561.8203
2019-07-16,3004.04,27335.63,7927.077,1561.9951
2019-07-17,2984.42,27219.85,7888.762,1550.7777
2019-07-18,2995.11,27222.97,7904.132,1555.6239
2019-07-19,2976.61,27154.2,7834.897,1547.8959
2019-07-22,2985.03,27171.9,7905.119,1544.7833
2019-07-23,3005.47,27349.19,7954.564,1554.9618
2019-07-24,3019.56,27269.97,8010.605,1580.4175
2019-07-25,3003.67,27140.98,7929.867,1561.4491
2019-07-26,3025.86,27192.45,8016.953,1578.9674
2019-07-29,3020.97,27221.35,7989.082,1569.025
2019-07-30,3013.18,27198.02,7952.473,1585.5989
2019-07-31,2980.38,26864.27,7848.78,1574.605
2019-08-01,2953.56,26583.42,7801.146,1550.7642
2019-08-02,2932.05,26485.01,7692.801,1533.6591
2019-08-05,2844.74,25717.74,7415.691,1487.4137
2019-08-06,2881.77,26029.52,7521.322,1502.0858
2019-08-07,2883.98,26007.07,7551.9,1500.6858
2019-08-08,2938.09,26378.19,7724.83,1532.1321
2019-08-09,2918.65,26287.44,7646.268,1513.0426
2019-08-12,2883.75,25907.37,7561.682,1493.4647
2019-08-13,2926.32,26279.91,7728.151,1510.5751
2019-08-14,2840.6,25479.42,7490.13,1467.5221
2019-08-15,2847.6,25579.39,7484.888,1461.6478
2019-08-16,2888.68,25886.01,7604.109,1493.6398
2019-08-19,2923.65,26135.79,7719.323,1508.8499
2019-08-20,2900.51,25962.44,7664.471,1498.0061
2019-08-21,2924.43,26202.73,7733.216,1509.8502
2019-08-22,2922.95,26252.24,7707.427,1506.0022
2019-08-23,2847.11,25628.9,7464.995,1459.4852
2019-08-26,2878.38,25898.83,7575.019,1476.0024
2019-08-27,2869.16,25777.9,7566.027,1456.0393
2019-08-28,2887.94,26036.1,7587.896,1472.7126
