persnr,east,age,wage,minijob,experience,univ,apprent,novoc,female,limited
1,0,56,17.2612197928654,0,18.125,1,0,0,1,0
2,0,56,16.3760290342569,0,20.8754997253418,0,1,0,1,0
3,0,27,8.15113156885309,0,0.75,1,0,0,0,0
4,1,38,43.1530494821634,0,12.875,1,0,0,1,0
5,0,27,12.7860887354558,0,4.79199981689453,0,0,1,0,0
6,0,37,35.2875314900631,0,15.25,1,0,0,0,0
7,0,55,15.5350978135788,0,27.9169998168945,0,1,0,1,0
8,1,49,27.2769893023058,0,18.7084999978542,1,0,0,1,0
9,1,31,20.1380897583429,0,4.25,1,0,0,0,1
10,0,39,15.5350978135788,0,3.41649997234345,1,0,0,1,1
11,0,52,25.43758706317,0,28.5830001831055,1,0,0,1,0
12,1,35,34.5224395857307,0,5.70799994468689,1,0,0,0,0
13,0,40,29.5063586202827,0,14.5,1,0,0,0,0
15,0,46,16.1104718066743,0,26.25,0,1,0,0,0
16,0,46,14.4665461121157,0,26.791500210762,0,0,1,1,0
17,0,37,19.1791331031837,0,14.5,1,0,0,1,0
18,0,37,11.5074798619102,0,7.70850002765656,0,0,1,1,0
19,0,25,18.4119677790564,0,7.16699981689453,0,0,1,0,0
20,0,53,31.9964074209212,0,24.6669998168945,1,0,0,0,0
21,0,44,13.8089758342923,0,16.1669998168945,0,1,0,0,0
22,0,46,9.16570771001151,0,24.0830001831055,0,0,1,0,0
23,0,32,11.1534035584669,0,1.25,1,0,0,1,1
24,0,43,20.7134637514384,0,17.3330001831055,0,1,0,0,0
25,0,45,38.3582662063675,0,25,1,0,0,0,0
26,0,56,13.8089758342923,0,26.2084999084473,0,0,1,1,0
27,0,42,23.5519754507096,0,12.2915000915527,0,1,0,1,0
28,1,45,21.2445782066035,0,21.625,1,0,0,1,0
29,0,34,69.6739547372459,0,15,0,1,0,0,0
30,0,61,18.4119677790564,0,40.75,0,1,0,0,0
31,1,21,14.9597238204833,0,2.83299994468689,0,1,0,0,0
32,0,47,12.6965861143076,0,11.8334999084473,0,1,0,1,1
33,0,38,34.2827004219409,0,17,1,0,0,0,0
34,0,29,18.6996547756041,0,3.83350005745888,1,0,0,1,0
35,0,34,25.2039381153305,0,10.5004998445511,1,0,0,1,0
36,0,46,15.7816866677626,0,14.7915000915527,0,1,0,1,0
37,1,51,15.6501726121979,0,31.041500210762,1,0,0,1,0
38,1,55,23.0149597238205,0,29.1669998168945,0,1,0,0,0
39,0,53,10.3567318757192,0,20,0,1,0,1,0
40,0,52,22.2477943996931,0,30.25,1,0,0,0,0
41,0,24,15.8227848101266,0,1.66650003194809,0,1,0,0,1
42,0,19,9.20598388952819,0,0.5,0,1,0,0,0
43,1,44,17.5640482102841,0,24.3330001831055,1,0,0,1,0
44,0,30,4.14269275028769,0,9.5,0,0,1,0,1
45,0,58,14.9597238204833,0,19.0415000915527,0,1,0,1,0
46,0,50,14.0966628308401,0,11.7914999723434,0,1,0,1,0
47,0,20,10.0690448791715,1,1.33350002765656,0,1,0,1,1
48,1,64,27.6179516685846,0,39,1,0,0,1,0
49,0,58,51.7836593785961,0,24.0830001831055,1,0,0,0,0
50,0,54,6.90448791714615,0,25.9584999084473,0,0,1,0,0
51,1,43,9.47295742232451,0,12.9995002746582,0,1,0,1,0
52,0,40,51.7836593785961,0,14.4169998168945,0,1,0,0,0
53,1,53,8.63060989643268,0,6.79150009155273,1,0,0,1,0
54,0,24,12.2746451860376,0,2,0,1,0,1,0
55,1,22,8.63060989643268,0,1.33350002765656,0,1,0,1,0
56,0,52,27.6966870571134,0,28.5,1,0,0,1,0
57,0,24,11.5074798619102,1,0.458499997854233,1,0,0,0,1
58,1,29,17.3556401404503,0,9,0,1,0,1,0
59,1,31,12.6582278481013,0,3.91700005531311,0,1,0,0,0
60,1,58,29.5906625020549,0,33.25,1,0,0,0,0
61,0,41,8.63060989643268,0,18.4169998168945,0,0,1,0,0
62,0,42,8.40046029919448,0,13.9165000915527,0,0,1,1,0
63,0,49,19.0855763563389,0,17.2504997253418,1,0,0,0,0
64,0,41,16.2063674721903,0,10.2084999084473,0,1,0,1,0
65,1,51,17.2612197928654,0,13.4165000915527,0,1,0,1,0
66,1,53,35.0978135788262,0,33.0830001831055,0,1,0,1,0
67,0,53,31.7825634281331,0,22.25,1,0,0,0,0
68,0,55,36.454484888862,0,30.6669998168945,1,0,0,1,0
69,1,63,36.536248561565,0,40.8330001831055,1,0,0,0,0
70,0,24,14.7531793101413,0,3.58299994468689,0,1,0,1,0
71,0,48,23.0149597238205,0,9.83349990844727,1,0,0,1,0
72,0,49,23.6725300016439,0,22.9169998168945,0,1,0,0,0
73,0,29,83.3749484334629,0,9.5,1,0,0,0,0
74,1,22,12.6582278481013,0,0.916499972343445,0,1,0,1,0
75,1,39,18.4119677790564,0,9.95849978923798,1,0,0,1,0
76,0,36,27.2545575676822,0,9.58300018310547,1,0,0,0,0
77,0,53,26.6489007328448,0,27.6669998168945,0,1,0,0,0
78,1,36,21.1979892193083,0,7.50049984455109,1,0,0,0,0
79,0,22,6.25534802749993,0,0.916999995708466,0,1,0,0,1
80,0,48,23.0149597238205,0,15.4169998168945,1,0,0,1,0
81,1,59,31.9965477560414,0,33.5830001831055,1,0,0,0,0
82,0,33,17.3532796317607,0,9.37549981474876,0,0,1,1,0
83,1,54,35.7192174913694,0,19.3330001831055,1,0,0,0,0
84,0,28,17.2612197928654,0,1.58299994468689,1,0,0,0,0
85,1,50,11.5074798619102,0,9.5,0,1,0,1,0
86,0,30,13.3486766398159,0,9.79199981689453,0,1,0,1,0
87,0,44,10.7403145377829,0,12.3334999084473,0,1,0,1,0
88,0,52,13.4253931722286,0,23.5,1,0,0,1,0
89,1,53,16.4135956664515,0,31.5830001831055,0,1,0,0,0
90,0,51,30.2876869965478,0,31,1,0,0,1,0
91,0,37,19.5627157652474,0,4.16649997234345,1,0,0,0,1
92,0,40,14.3843498273878,0,10.2915000915527,0,1,0,1,0
93,0,41,13.8089758342923,0,21,0,0,1,0,0
94,0,35,18.4119677790564,0,9.25,0,1,0,1,0
95,0,48,21.4806290755658,0,3.33349990844727,1,0,0,1,0
96,0,51,28.916231447877,0,25.0830001831055,1,0,0,0,0
97,0,36,9.78135788262371,0,10.4169998168945,0,1,0,1,0
98,1,63,28.5523590333717,0,38,1,0,0,0,0
99,0,56,49.9381201554596,0,32.6669998168945,1,0,0,0,0
100,0,26,7.5780964944287,0,2.5,0,1,0,1,0
101,1,24,14.9597238204833,0,2,1,0,0,0,1
102,0,39,16.5235608273583,0,19.333499789238,0,1,0,1,0
103,0,31,21.5466052934407,0,6.00049981474876,1,0,0,1,0
104,0,23,4.6029919447641,0,2.41700005531311,1,0,0,0,0
105,0,22,9.39979407667616,0,0.666999995708466,0,1,0,1,1
106,1,63,29.1522823168393,0,36.4165001809597,1,0,0,1,0
107,0,45,19.5627157652474,0,25.25,0,1,0,0,0
108,0,46,9.20598388952819,0,8.91649997234345,0,1,0,1,0
109,0,49,28.4548592949053,0,23.25,1,0,0,0,0
110,0,54,14.0646976090014,0,6.70849990844727,0,1,0,1,0
111,0,44,16.3981588032221,0,18.5,0,1,0,1,0
112,0,54,255.721774709117,0,23.4169998168945,1,0,0,0,0
113,0,35,6.3593967657925,0,9.58350002765656,0,1,0,1,1
114,1,23,10.9321058688147,0,2,0,1,0,1,1
115,0,56,4.14269275028769,0,23,0,1,0,0,0
116,0,38,19.1791331031837,0,12.7085000276566,1,0,0,0,0
117,0,42,11.5074798619102,0,8.87450018525124,1,0,0,1,0
118,0,64,16.1652693298263,0,38.3334998190403,1,0,0,0,0
119,0,21,13.8089758342923,0,1.5,1,0,0,1,0
120,0,43,25.43758706317,0,20.0414999723434,0,1,0,0,0
121,1,19,7.6716532412735,0,0,0,0,1,0,1
122,0,49,16.6858457997699,0,17.5834999084473,0,1,0,1,0
123,0,57,18.4119677790564,1,6.66650009155273,0,1,0,1,0
124,0,39,10.5202592211253,0,14.9169998168945,0,1,0,0,1
125,0,35,10.0690448791715,0,4.33299994468689,0,1,0,0,1
126,0,57,25.43758706317,0,35.5830001831055,0,1,0,0,0
127,0,54,38.8377445339471,0,29.8330001831055,1,0,0,0,0
128,1,58,6.47295742232451,0,18.4165000915527,0,1,0,0,0
129,0,53,37.5507237599176,0,24.2914999984205,1,0,0,0,0
130,0,38,31.6455696202532,0,16,1,0,0,0,0
131,0,39,27.6516320974487,0,13.75,1,0,0,0,0
132,0,50,15.2013808975834,0,19.625,1,0,0,1,0
133,0,28,10.1189106252397,0,1.58350002765656,0,1,0,1,0
134,0,55,14.9597238204833,0,34.25,0,1,0,0,0
135,0,27,8.05523590333717,1,4.58350002765656,0,1,0,0,1
136,0,57,26.5557227582544,0,34.1669998168945,1,0,0,1,0
137,0,61,29.8384690789754,0,38.5,0,1,0,0,0
138,0,46,17.0487740107993,0,22.25,0,1,0,0,0
139,0,56,27.5324675324675,0,29.0834999084473,0,1,0,1,0
140,0,56,34.5224395857307,0,28,1,0,0,1,0
141,1,33,13.8089758342923,0,5.58300018310547,0,1,0,0,1
142,1,53,12.6858457997699,0,25.75,0,1,0,0,0
143,0,60,21.8036460541457,0,30.9164999723434,0,1,0,1,0
144,1,24,8.3084004602992,0,3.25,0,1,0,0,0
145,1,48,22.4248325514148,0,27.4169998168945,0,1,0,1,0
146,0,52,39.7531122502354,0,29.6254998147488,1,0,0,0,0
147,0,49,6.15650172612198,0,23.3330001831055,0,0,1,0,1
148,0,36,9.73709834469328,0,9.79150009155273,0,1,0,1,0
149,0,59,13.8089758342923,0,21.4169998168945,0,1,0,1,0
150,0,25,13.3486766398159,0,2.37550002336502,1,0,0,0,1
151,0,43,18.3064825469889,0,9.66650009155273,1,0,0,1,0
152,0,47,36.3394100902429,0,16.3330001831055,1,0,0,1,0
153,1,59,9.97314921365554,1,25.1664999723434,0,1,0,0,0
154,0,36,13.9240506329114,0,11.4169998168945,0,1,0,1,0
155,0,43,12.6582278481013,0,16,0,1,0,1,0
156,0,63,17.2612197928654,0,44.5,0,1,0,0,0
157,0,50,20.1380897583429,0,20.75,1,0,0,0,0
158,0,43,35.8010484592763,0,16,1,0,0,0,0
159,1,59,43.8380185215628,0,31.833499789238,1,0,0,0,0
160,0,45,14.8920327624721,0,16.125,0,1,0,1,0
161,0,49,23.9416146811217,0,12.7084999978542,1,0,0,1,0
162,0,44,41.3089020683958,0,21.8335000276566,0,1,0,0,0
163,0,44,63.9304436772791,0,14.9169998168945,0,1,0,0,0
164,0,32,17.109978628966,0,8.16699981689453,0,1,0,1,1
165,1,42,39.1254315304948,0,17.6669998168945,1,0,0,0,0
166,1,39,12.5086306098964,0,14.9169998168945,0,1,0,1,0
167,0,60,27.6179516685846,0,43.25,0,1,0,0,0
168,0,57,17.7543975012329,0,20.4584999084473,1,0,0,1,0
169,0,57,37.6608431844335,0,30.9169998168945,1,0,0,1,0
170,0,63,33.3026467203682,0,43,1,0,0,0,0
171,0,52,32.7963176064442,0,17.4169998168945,1,0,0,1,0
172,0,23,12.0976070343159,0,2.58299994468689,0,1,0,0,0
173,0,54,28.6131931701552,0,16.3330001831055,0,1,0,0,0
174,1,50,9.4361334867664,0,18.4165000915527,0,1,0,1,0
175,0,55,57.5373993095512,0,30,1,0,0,0,0
176,0,47,17.4913693901036,0,16.7915000915527,0,1,0,1,0
177,0,57,19.0695380568798,0,28.25,0,1,0,1,0
178,0,43,20.7134637514384,0,22,0,1,0,0,0
179,1,38,22.2477943996931,0,13.0419998168945,1,0,0,1,0
180,0,22,6.22025938481635,0,0.291500002145767,0,1,0,0,0
181,0,58,17.644802454929,0,22.75,0,1,0,1,0
182,0,34,17.2612197928654,0,12.1669998168945,0,1,0,0,0
183,0,44,33.9470655926352,0,15.4584999084473,1,0,0,0,0
184,1,32,14.3843498273878,0,5.04150000214577,1,0,0,0,1
185,0,43,21.8347053790092,0,15.75,0,1,0,0,0
186,0,40,20.7518220176448,0,15.5,1,0,0,1,0
187,0,42,33.3716915995397,0,17.25,1,0,0,0,0
188,1,21,8.17031070195627,0,0.791999995708466,0,0,1,1,1
189,0,21,11.5074798619102,1,1.29149997234345,0,1,0,0,1
190,0,47,21.5189873417722,0,10,0,1,0,1,0
191,0,58,11.5074798619102,0,13.875,0,1,0,1,1
192,0,52,5.75373993095512,1,7.91699981689453,0,0,1,0,0
193,0,57,41.4269275028769,0,35.25,1,0,0,1,0
194,0,22,6.1373225930188,1,0.958000004291534,0,1,0,0,0
195,0,48,11.836265000822,0,12,1,0,0,1,0
197,0,28,39.1254315304948,0,4,0,1,0,0,0
198,1,31,16.1104718066743,0,12.1669998168945,0,1,0,0,0
199,0,51,19.3810187147962,0,30.6669998168945,0,1,0,0,0
200,0,38,7.47986191024166,0,8.16650009155273,0,0,1,0,1
201,1,36,10.2288709883647,0,12.8330001831055,1,0,0,0,0
202,0,59,17.2612197928654,0,23.6665000915527,0,0,1,1,0
203,1,50,20.0643238617922,0,14.8330001831055,1,0,0,1,0
204,1,37,36.8299921264612,0,15.5004998445511,1,0,0,0,0
205,0,52,27.6121979286536,0,23.5830001831055,1,0,0,1,0
206,0,46,11.0471806674338,0,11.4165000915527,1,0,0,1,0
207,0,18,11.5304948216341,0,0,0,0,1,0,1
208,0,54,22.7342894832861,0,22.5414999984205,0,1,0,1,0
209,0,56,31.6031736418146,0,36.75,1,0,0,0,0
210,0,25,16.5235608273583,0,2,0,1,0,1,0
211,0,38,21.3710340292619,0,10.0834999084473,0,1,0,1,0
212,0,25,20.8668968162639,1,1.04149997234345,0,1,0,1,0
213,1,41,20.7134637514384,0,10.7084999084473,1,0,0,1,1
214,0,30,22.1625538081234,0,2.29150000214577,1,0,0,0,1
215,0,27,15.343306482547,0,2.54200005531311,1,0,0,0,0
216,0,47,19.5627157652474,0,17.6669998168945,0,1,0,1,0
217,0,54,38.3582662063675,0,21.5830001831055,1,0,0,0,0
218,0,61,32.6352128883775,0,9.875,1,0,0,1,0
219,0,43,51.7836593785961,0,17.4169998168945,1,0,0,0,0
220,1,50,21.9496958737465,0,19.7084999084473,0,1,0,1,0
221,0,53,12.938139520418,0,27.0830001831055,1,0,0,1,0
222,0,52,11.7632016366194,0,11.25,0,1,0,1,0
223,0,24,6.90448791714615,0,1.16699999570847,0,1,0,0,1
224,1,30,17.7543975012329,0,7.33349978923798,0,1,0,1,0
225,0,46,13.1645569620253,0,24.2084999978542,0,0,1,0,1
226,0,30,23.0149597238205,0,11.1669998168945,0,1,0,0,0
227,0,51,10.8797991421697,0,23.8330001831055,1,0,0,0,0
228,0,54,17.2612197928654,0,16.5830001831055,1,0,0,1,0
229,0,38,46.029919447641,0,9.08300018310547,1,0,0,0,0
230,0,19,5.17836593785961,0,0.208499997854233,0,0,1,1,1
231,0,61,34.5224395857307,0,35.9584999978542,1,0,0,0,0
232,0,60,12.6121979286536,0,20.9169998168945,0,1,0,1,0
233,0,62,9.04159132007233,0,37.1669998168945,1,0,0,0,0
234,0,54,30.686612965094,0,8.79199981689453,1,0,0,1,0
235,0,58,14.3843498273878,0,38.5830001831055,0,1,0,0,0
236,0,34,15.343306482547,0,5.95849990844727,0,0,1,1,0
237,0,34,28.7686996547756,0,4.70849990844727,1,0,0,1,0
238,0,56,9.99333777481679,0,16.5,0,0,1,1,0
239,0,56,24.4902776548346,0,33.3330001831055,1,0,0,0,0
240,1,57,54.7975231519535,0,31.1669998168945,1,0,0,0,0
241,0,22,11.7146144994246,0,0.749500006437302,0,0,1,0,0
242,0,37,10.3567318757192,0,7.25,0,1,0,1,0
243,0,61,17.7790563866513,0,36.3330001831055,0,1,0,0,0
244,1,50,6.1373225930188,1,13.2080001831055,0,1,0,1,0
245,0,60,0.605656834837381,1,23.7084999084473,0,0,1,1,0
246,1,56,28.7686996547756,0,27.0830001831055,0,1,0,0,1
247,0,28,13.1514055564689,0,5.4165001809597,0,1,0,0,0
248,0,28,24.0476822755304,0,3.20850002765656,1,0,0,1,1
249,0,59,17.4355755483489,0,34.875,0,1,0,1,0
250,0,51,14.4227080935942,0,6.25049990415573,0,1,0,1,0
251,0,34,14.3843498273878,0,15.25,0,1,0,0,0
252,0,43,10.3567318757192,0,15.1664999723434,0,1,0,1,0
253,0,60,80.5523590333717,0,42.9169998168945,0,1,0,1,0
254,0,20,4.89067894131185,0,0,0,1,0,1,1
255,1,47,8.52405915697055,0,11.8334999084473,0,1,0,1,0
256,1,48,6.32911392405063,0,13.75,1,0,0,0,0
257,0,24,17.2612197928654,0,2.08299994468689,1,0,0,0,1
258,0,48,28.7686996547756,0,21.9580001831055,1,0,0,1,0
259,0,28,25.8918296892981,0,2,1,0,0,0,0
260,0,47,11.9042895123209,0,26.5,1,0,0,0,0
261,1,50,11.5074798619102,0,23.4169998168945,0,1,0,0,0
262,1,41,8.36907626320745,0,16,1,0,0,0,0
263,0,50,12.945914844649,0,9.41650009155273,1,0,0,1,0
264,0,40,19.3810187147962,0,13.9165000915527,0,1,0,1,1
265,0,44,17.5455222365126,0,12.625,0,1,0,1,0
266,1,48,16.1104718066743,0,22.8330001831055,0,1,0,0,0
267,0,50,37.8468226569492,0,19.3330001831055,0,1,0,0,0
268,1,34,46.029919447641,0,10.8334999084473,1,0,0,0,0
269,0,40,33.713203905119,0,11.7085000276566,1,0,0,1,0
270,1,60,12.0828538550058,0,39.2084998190403,0,1,0,0,0
271,0,24,12.0828538550058,1,0.375,0,1,0,0,0
272,0,62,6.90448791714615,0,31.5,0,0,1,0,0
273,0,51,11.6588940706196,0,27.4169998168945,0,1,0,1,0
274,0,50,71.921749136939,0,23.5,1,0,0,0,0
275,0,62,13.8711784281405,0,39.5004998445511,0,1,0,0,0
276,1,31,23.590333716916,0,9.33300018310547,0,1,0,0,0
277,0,53,31.6455696202532,0,33.1669998168945,0,1,0,0,0
278,1,21,11.1198594876143,0,0,0,1,0,1,1
279,0,44,63.2911392405063,0,23.25,0,1,0,1,0
280,0,28,18.4119677790564,0,5.58349999785423,0,1,0,0,0
281,0,42,13.1856540084388,0,21.1669998168945,0,1,0,0,0
282,0,57,31.0701956271577,0,34.4169998168945,0,1,0,0,0
283,0,38,18.0831826401447,0,9.83349990844727,0,1,0,1,0
284,0,43,18.1242807825086,0,16.6669998168945,1,0,0,0,0
285,0,35,46.882325363338,0,16.0830001831055,0,1,0,0,0
286,1,49,35.1125667581364,0,21.3330001831055,1,0,0,0,0
287,0,52,10.126582278481,0,3.75,0,1,0,1,0
288,0,38,21.8036460541457,0,9.33300018310547,0,1,0,1,0
289,0,54,29.4591484464902,0,25.75,1,0,0,0,0
290,1,20,2.07134637514384,1,0,0,0,1,1,1
291,0,32,28.1933256616801,0,8.04149999842048,1,0,0,0,0
293,0,20,13.8089758342923,1,1.375,0,1,0,1,0
294,0,61,8.43881856540084,0,30.2085000276566,1,0,0,1,1
295,1,58,15.5601140741482,0,20.0834999084473,0,1,0,1,0
296,0,23,25.891829689298,0,0.916499972343445,1,0,0,1,1
297,0,50,15.4529015288509,0,24.25,1,0,0,0,0
298,1,53,7.84600899675698,0,14.0415000915527,0,1,0,1,1
299,0,39,19.1791331031837,0,16.75,1,0,0,1,0
300,0,61,26.5557227582544,0,33.9995001554489,1,0,0,0,0
301,1,63,37.2266973532796,0,39.5830001831055,1,0,0,1,0
302,0,48,13.8089758342923,0,10,0,1,0,0,0
303,0,60,28.7686996547756,0,38.25,0,1,0,1,0
304,0,63,34.5224395857307,0,37.4169998168945,0,1,0,0,0
305,1,60,33.2612197928654,0,40.5,0,1,0,0,0
306,0,63,7.6716532412735,1,9.5,0,1,0,1,0
307,0,51,34.5224395857307,0,16.7495002746582,1,0,0,1,0
308,0,45,23.7924921469225,0,23,0,1,0,0,0
309,1,48,16.1104718066743,0,12.2080001831055,1,0,0,1,0
310,0,52,28.7686996547756,0,21.5830001831055,1,0,0,1,0
311,0,48,9.20598388952819,0,27,0,1,0,0,0
312,0,26,12.6582278481013,0,7.16699981689453,0,1,0,1,1
313,0,61,17.7038151721696,0,34.3330001831055,1,0,0,0,0
314,0,58,18.4119677790564,0,36.4169998168945,0,1,0,1,0
315,0,53,13.0418105101649,0,14.9584999084473,0,1,0,1,1
316,0,58,57.5373993095512,0,35.5834999084473,1,0,0,0,0
317,1,42,11.5074798619102,0,16.6665000915527,0,1,0,1,0
318,1,56,70.8152606886784,0,35,0,1,0,0,0
319,0,30,15.0482428963442,0,11.3330001831055,1,0,0,0,0
320,0,54,14.3843498273878,0,8,0,0,1,1,0
321,0,39,12.0828538550058,0,5.70849990844727,0,1,0,1,0
322,0,41,16.0104067643969,0,11.9164999723434,0,1,0,1,0
323,0,21,9.20598388952819,1,0.541499972343445,0,1,0,1,0
324,0,38,19.3325661680092,0,18,1,0,0,1,0
325,0,56,12.4280782508631,0,15.4165000915527,0,1,0,1,0
326,0,58,26.112648897459,0,36.9169998168945,0,1,0,0,0
327,0,21,1.15074798619102,1,1.625,0,0,1,1,0
328,0,36,18.2336018411968,0,9.08300018310547,1,0,0,0,0
329,0,25,13.0034522439586,0,2.66700005531311,0,1,0,0,0
330,1,64,23.0897583429229,0,35.9165000915527,0,1,0,1,0
331,1,51,17.2612197928654,0,20.4995002746582,0,1,0,1,0
332,0,31,16.1680092059839,0,11.4584999978542,0,1,0,0,0
333,0,29,17.2612197928654,0,5.66649997234345,0,1,0,1,0
334,0,38,40.2761795166859,0,13.8330001831055,1,0,0,0,0
335,0,62,7.89084333388131,1,28.0834999084473,0,1,0,1,1
336,1,59,54.6605293440737,0,37.1669998168945,0,1,0,0,0
337,0,42,13.4915281139637,0,15.875,0,1,0,1,0
338,0,36,19.2598873478287,0,16,0,1,0,0,0
339,0,55,11.2124162757074,0,27.75,1,0,0,0,0
340,0,18,3.92938336748155,0,0,0,0,1,0,1
341,0,59,15.5350978135788,0,32.0830001831055,0,1,0,0,0
342,0,48,10.4948216340621,0,13.2915000915527,0,1,0,1,0
343,0,63,10.3567318757192,0,19.0834999084473,1,0,0,1,0
344,1,37,15.9826109193198,0,13.6669998168945,0,0,1,0,0
345,1,44,24.741081703107,0,18.8334999978542,1,0,0,0,0
346,0,37,12.6582278481013,0,17.4169998168945,0,0,1,0,1
347,0,31,16.6858457997699,0,12.75,0,0,1,0,1
348,0,49,32.6483642939339,0,24.583499789238,1,0,0,0,0
349,0,46,21.3758455190996,0,15.4995002746582,1,0,0,1,0
350,0,53,36.8124280782509,0,30,0,0,1,0,0
351,0,50,9.97314921365554,0,22.4995002746582,0,0,1,0,0
352,0,52,19.5627157652474,0,32.25,0,1,0,0,0
353,0,44,10.175034825268,0,6.25,0,1,0,1,0
354,0,48,20.9226906580186,0,28,0,1,0,0,0
355,0,60,3.00195126832441,1,28.0415000915527,0,1,0,1,0
356,0,30,16.9735327963176,0,3.41700005531311,1,0,0,0,0
357,0,31,8.63060989643268,0,0.666499972343445,0,0,1,1,0
358,0,31,18.4464902186421,0,8.66699981689453,0,1,0,0,0
359,0,58,34.5224395857307,0,18.25,1,0,0,1,0
360,0,24,14.9597238204833,0,3.16700005531311,0,0,1,0,1
361,0,45,59.9539700805524,0,13,1,0,0,1,0
362,0,53,19.1791331031837,0,30.9169998168945,0,1,0,0,0
363,0,27,11.6033755274262,0,9,0,0,1,0,1
364,0,43,16.1104718066743,0,22.9169998168945,0,1,0,0,0
365,0,51,14.3843498273878,0,23.25,1,0,0,0,0
366,0,53,14.9184149184149,0,9.33349990844727,0,1,0,1,0
367,1,36,32.2209436133487,0,9.04199981689453,1,0,0,0,0
368,0,33,12.718793531585,0,10.375,0,1,0,0,0
369,0,34,13.0034522439586,0,3.25,1,0,0,0,0
370,1,40,8.43881856540084,0,13.9169998168945,0,1,0,1,0
371,0,47,15.5350978135788,0,19,0,1,0,0,0
372,0,55,13.8089758342923,0,35,0,1,0,0,0
373,0,38,5.29344073647871,1,8.5,0,1,0,1,0
374,0,56,37.3993095512083,0,34.6665000021458,0,1,0,0,0
375,1,60,16.6858457997699,0,37.0830001831055,0,1,0,0,0
376,0,32,18.4119677790564,0,4.16699981689453,1,0,0,0,0
377,0,28,2.99194476409666,0,0,0,0,1,1,1
378,0,47,17.4167262774858,0,28.4169998168945,0,1,0,0,0
379,0,25,22.5431530494822,0,8.75,0,0,1,0,0
380,0,32,34.8293057153817,0,9.375,0,1,0,1,0
381,0,59,38.3582662063675,0,20.0834999084473,1,0,0,1,0
382,0,34,9.20598388952819,0,0.25,0,0,1,1,1
383,0,47,8.05523590333717,0,13.7919998168945,0,0,1,1,1
384,0,52,41.3981588032221,0,19.5,0,1,0,1,0
385,0,49,11.9677790563867,0,17.3334999084473,0,1,0,1,0
386,1,54,15.1414208709345,0,35,0,1,0,0,0
387,0,46,44.259537930424,0,17.25,1,0,0,0,0
388,0,23,10.2416570771001,1,0.291500002145767,0,1,0,0,0
389,0,34,14.3843498273878,0,6.62549981474876,0,1,0,0,0
390,0,60,18.7012987012987,0,34,1,0,0,0,0
391,0,52,41.4269275028769,0,16.7495002746582,1,0,0,1,0
392,0,58,12.3705408515535,0,37.25,0,1,0,0,0
393,0,27,8.63060989643268,1,0.583500027656555,0,1,0,1,1
394,0,23,21.1979892193083,0,0.916999995708466,0,1,0,0,0
395,1,49,8.27100115074799,0,17.375,0,1,0,1,0
396,0,63,70.6959523690399,0,37.1669998168945,1,0,0,1,0
397,0,29,21.2445782066035,0,4.04199999570847,1,0,0,1,0
398,0,51,19.1791331031837,0,17.791500210762,0,1,0,0,0
399,0,61,23.6725300016439,0,20.25,0,1,0,1,0
400,0,60,15.4660529344074,0,18.125,0,1,0,1,0
401,0,54,86.9454034010996,0,29,1,0,0,0,0
402,1,51,21.8642117376295,0,25,0,1,0,0,0
403,0,53,11.1106702114995,0,25.1669998168945,1,0,0,1,0
404,0,49,35.9977575167449,0,24.7504998147488,1,0,0,0,0
405,0,54,30.2828417418691,0,29.1669998168945,1,0,0,1,0
406,0,42,12.0828538550058,0,19.3330001831055,0,0,1,0,1
407,1,60,10.3567318757192,0,27.2915000915527,0,1,0,1,0
408,0,46,15.1241163899392,0,14.5,0,1,0,1,0
409,0,42,14.6126728405209,0,15.4169998168945,1,0,0,0,0
410,0,38,9.20598388952819,0,4.4164999127388,1,0,0,1,0
411,0,22,10.0115074798619,0,2.25,0,0,1,0,0
412,0,30,34.193654446819,0,3.16700005531311,1,0,0,1,0
413,0,63,25.8046518115563,0,44.5,0,1,0,0,0
414,1,58,36.3636363636364,0,31.75,1,0,0,1,0
415,1,36,9.20598388952819,0,11.9169998168945,0,1,0,0,0
416,1,38,26.3028111129377,0,13.125,0,1,0,1,0
417,0,20,6.64876614243703,0,0.208499997854233,0,0,1,1,1
418,0,47,17.2612197928654,0,26,0,1,0,1,0
419,0,38,14.3843498273878,0,13.2084999978542,0,1,0,1,0
420,0,49,22.1780520974997,0,28.4169998168945,1,0,0,0,0
421,0,46,9.20598388952819,0,13.875,0,0,1,0,0
422,0,33,29.5063586202827,0,7.25,1,0,0,0,0
423,1,32,18.1242807825086,0,3.6664999127388,1,0,0,1,0
424,0,59,12.945914844649,0,22.0834999084473,0,1,0,1,0
425,0,21,21.0422488903502,0,0.916999995708466,0,1,0,0,0
426,0,27,18.660778154449,0,2.83299994468689,0,1,0,0,0
427,1,38,41.3089020683958,0,15.25,1,0,0,0,0
428,0,56,16.4392569455861,0,26.3334999084473,1,0,0,0,0
429,1,62,33.9470655926352,0,40.1669998168945,1,0,0,0,0
430,0,27,17.2612197928654,0,11.75,0,0,1,0,0
431,0,54,69.0448791714615,0,31.4169998168945,1,0,0,1,0
432,0,57,19.4348548778929,0,23.4169998168945,0,1,0,1,0
433,1,47,13.2336018411968,0,28.9580001831055,0,1,0,0,0
434,1,44,9.86355416735164,0,21.75,1,0,0,0,0
435,0,60,13.1514055564689,0,30.375,0,1,0,1,0
436,1,49,15.2474108170311,0,14.75,0,1,0,1,0
437,1,33,18.8262370540852,0,5.75,0,1,0,0,0
438,0,20,4.31530494821634,0,1.20850002765656,0,1,0,1,1
439,0,40,4.6029919447641,1,0.916499972343445,0,1,0,1,1
440,0,38,9.20598388952819,0,5.875,0,0,1,1,0
441,0,30,34.2779056386651,0,7.91699981689453,1,0,0,0,1
442,0,19,4.72101737924523,0,0,0,0,1,1,1
443,0,35,6.35212888377445,1,1,0,1,0,1,0
444,1,19,5.17836593785961,0,0.166500002145767,0,0,1,1,0
445,0,52,25.8918296892981,0,31.1669998168945,0,1,0,1,0
446,0,42,12.945914844649,0,12.1665000915527,0,1,0,1,0
447,0,43,27.0986397568676,0,19.1669998168945,0,1,0,1,0
448,1,59,25.0413988604788,0,36.4169998168945,1,0,0,0,0
449,0,53,25.3754684134431,0,28.5,1,0,0,0,0
450,1,40,18.0963340457011,0,9.12549984455109,0,1,0,0,0
451,0,31,9.20598388952819,0,0.791499972343445,0,0,1,1,1
452,1,62,11.5074798619102,0,40.1669998168945,1,0,0,0,0
453,0,64,21.8036460541457,0,44.25,0,1,0,1,0
454,0,56,12.0828538550058,0,14.625,0,1,0,1,0
455,0,41,14.3843498273878,0,7.66650021076202,0,1,0,1,0
456,0,59,11.5074798619102,0,16.2915000915527,0,1,0,1,0
457,0,42,20.7134637514384,0,16.1669998168945,0,1,0,0,0
458,0,43,19.3689055780995,0,19.0419998168945,0,1,0,0,0
459,0,62,9.5512082853855,0,26.2915000915527,0,0,1,1,1
460,0,47,6.90448791714615,0,27.3330001831055,0,0,1,0,1
461,0,45,17.2612197928654,0,5.75,0,1,0,1,0
462,0,35,23.0149597238205,0,4.91649997234345,1,0,0,1,0
463,0,44,7.6716532412735,0,2.66700005531311,0,1,0,1,0
464,0,52,12.5536143948112,0,32.5830001831055,0,1,0,0,0
465,1,62,46.029919447641,0,41,0,1,0,1,0
466,0,36,18.4119677790564,0,15.25,0,1,0,0,1
467,0,38,16.8776371308017,0,10,0,1,0,1,0
468,0,35,12.215632468797,0,4.54199999570847,0,1,0,1,0
469,0,46,19.7928653624856,0,14.0834999084473,1,0,0,1,0
470,0,58,17.2612197928654,0,38,0,1,0,0,0
471,0,51,11.0759493670886,0,35.5830001831055,0,0,1,0,0
472,0,60,31.1012969240817,0,39.1669998168945,0,1,0,0,0
473,0,53,26.8507863444572,0,12.2915000915527,0,1,0,1,0
474,1,31,16.6219153560926,0,1.91649997234345,1,0,0,1,0
475,1,60,26.4672036823936,0,36.5,1,0,0,0,0
476,0,47,25.8918296892981,0,28.4169998168945,0,1,0,0,0
477,0,48,25.3164556962025,0,15.3334999084473,0,1,0,1,0
478,1,60,19.3810187147962,0,39.75,0,1,0,0,0
479,0,50,30.686612965094,0,22.25,1,0,0,0,0
480,0,48,17.9005242296382,0,21.375,0,1,0,1,0
481,0,64,24.8561565017261,0,37.3330001831055,1,0,0,0,0
482,0,44,13.8089758342923,0,15.5835000276566,1,0,0,1,1
483,1,62,15.1414208709345,0,42.0834999978542,0,1,0,1,0
484,0,32,27.2545575676822,0,8.33300018310547,0,1,0,0,0
485,0,25,14.0966628308401,0,3.33299994468689,0,1,0,1,0
486,0,59,16.3981588032221,0,30.0830001831055,1,0,0,0,0
487,0,57,17.5034825268003,0,32.5834999084473,0,0,1,1,0
488,0,51,14.3843498273878,1,11.6665000915527,0,1,0,1,0
489,0,23,10.2288709883647,1,0.333499997854233,1,0,0,0,1
490,1,62,27.4822224189313,0,39.1669998168945,1,0,0,0,0
491,1,39,19.690576652602,0,14,1,0,0,0,0
492,0,20,4.02761795166859,0,0.5,0,1,0,1,1
493,0,58,11.4959723820483,0,36.25,0,1,0,0,0
494,1,59,12.6582278481013,0,27.25,0,1,0,0,0
495,0,58,19.1791331031837,0,25.375,0,1,0,1,0
496,0,35,14.3843498273878,0,11,0,1,0,0,0
497,1,28,4.30955120828539,0,0.458000004291534,0,1,0,0,1
498,0,51,23.0149597238205,0,16.6665000915527,0,1,0,1,0
499,0,51,17.2612197928654,0,21,1,0,0,1,0
500,0,32,28.1293952180028,0,14.3330001831055,0,1,0,0,0
501,1,42,11.6872842347526,0,8.04150009155273,0,1,0,1,0
502,0,53,4.6029919447641,1,24.9165000915527,0,1,0,1,0
503,0,22,9.20598388952819,0,0.5,0,0,1,0,1
504,0,54,18.0387522159674,0,35.3330001831055,0,0,1,0,1
505,0,20,9.52243958573073,0,0.416999995708466,0,0,1,0,1
506,0,18,2.76179516685846,1,0.0414999984204769,0,0,1,0,0
507,0,27,10.3567318757192,0,2.95850002765656,0,1,0,1,0
508,0,44,39.4542166694066,0,21.25,0,1,0,0,0
509,1,61,20.1380897583429,0,37.25,0,1,0,0,0
510,0,20,4.31530494821634,1,0.416500002145767,0,1,0,1,0
511,0,23,2.30149597238205,1,1.16649997234345,0,1,0,1,1
512,0,54,14.9597238204833,0,8.125,0,1,0,1,0
513,0,22,6.26006904487917,0,0.25,0,1,0,0,1
514,0,39,20.7134637514384,0,16.3330001831055,1,0,0,0,0
515,1,60,42.3014959723821,0,35,1,0,0,0,0
517,1,49,9.97314921365554,0,15.4584999084473,0,1,0,1,0
518,0,53,26.7471153547103,0,34.3754998445511,0,1,0,0,0
519,0,45,11.5074798619102,0,21.1669998168945,0,1,0,0,0
520,1,58,18.3514020955726,0,38.4169998168945,0,1,0,1,0
521,0,27,4.48791714614499,0,0,1,0,0,1,1
522,0,59,4.29612581511316,1,20.4584999084473,1,0,0,1,0
523,1,39,9.86355416735164,0,8.08349978923798,0,1,0,1,0
524,0,36,44.2301495972382,0,12,1,0,0,0,0
525,0,63,42.4891564132071,0,35.3330001831055,1,0,0,0,0
526,0,57,20.7134637514384,0,14.9165000915527,0,1,0,1,0
527,1,41,129.344073647871,0,23.25,0,0,1,1,0
528,0,54,9.6662830840046,0,8.5,1,0,0,1,0
529,0,35,20.8951608018897,0,8.41699981689453,1,0,0,0,0
530,0,60,24.1488674955795,0,40.6669998168945,1,0,0,0,0
531,0,27,10.644418872267,0,8.83300018310547,0,0,1,0,1
532,0,35,13.8089758342923,0,7.79200005531311,0,0,1,1,0
533,1,59,27.6179516685846,0,40.5830001831055,0,1,0,0,0
534,0,44,18.4119677790564,0,21.7495002746582,0,1,0,1,0
535,0,31,12.945914844649,0,2.83350002765656,0,1,0,0,1
536,1,36,15.6501726121979,0,4.875,1,0,0,1,0
537,1,32,16.6858457997699,0,8.87549984455109,0,1,0,0,0
538,0,30,24.1657077100115,0,2.45850005745888,1,0,0,1,0
539,0,61,25.72260204427,0,34.3330001831055,0,1,0,1,0
540,0,60,23.9309551208285,0,40.75,0,1,0,0,0
541,0,41,26.4672036823936,0,12.2919998168945,1,0,0,1,1
542,0,26,18.0387522159674,0,5.75,0,1,0,0,0
543,0,58,33.311125916056,0,28.7084999084473,0,1,0,1,0
544,0,52,15.343306482547,0,26.25,0,1,0,0,0
545,0,50,18.539828666411,0,31.5415001809597,0,1,0,0,0
546,0,55,12.0828538550058,0,26.9580001831055,0,0,1,1,0
547,0,59,46.1147114045182,0,36,0,1,0,0,0
548,0,47,18.681571592964,0,23.4169998168945,0,1,0,0,0
549,0,55,42.833397263777,0,33.1669998168945,0,1,0,0,0
550,0,24,10.3567318757192,0,6.5,0,1,0,1,0
551,0,39,26.0836210203299,0,15.125,0,1,0,1,0
552,1,49,13.5788262370541,0,27.2919998168945,0,1,0,0,0
553,0,59,12.8883774453395,0,33.125,0,1,0,1,0
554,0,47,20.4577419767293,0,22.5834999084473,0,1,0,1,0
555,0,57,13.5212888377445,0,39.3330001831055,0,1,0,0,0
556,1,56,26.6973532796318,0,28.3330001831055,1,0,0,0,0
557,0,59,11.5074798619102,0,30.8745002746582,1,0,0,0,0
558,0,39,48.9911775987725,0,16,1,0,0,1,0
559,0,55,33.7646299362879,0,32.4165000915527,0,1,0,1,0
560,0,44,34.5224395857307,0,17.1665001809597,1,0,0,0,0
561,0,60,20.6341018213563,0,19.9580001831055,1,0,0,1,0
562,0,36,20.0643238617922,0,11,1,0,0,1,0
563,0,52,18.4119677790564,0,11.3745002746582,1,0,0,1,0
564,0,51,26.6973532796318,0,23.5,1,0,0,1,0
565,0,39,23.6369856623021,0,9.66649997234344,1,0,0,1,0
566,0,52,19.9866755496336,0,32.25,0,1,0,0,0
567,0,30,10.3567318757192,0,0.875,0,0,1,1,0
568,0,58,18.4119677790564,0,40,0,1,0,0,0
569,0,56,29.5906625020549,0,36.75,0,1,0,0,0
570,1,44,16.5235608273583,0,21.6669998168945,0,1,0,1,0
571,1,38,13.8089758342923,0,15.4169998168945,0,1,0,0,0
572,0,45,34.5224395857307,0,20.4164999723434,1,0,0,0,0
573,0,58,24.4155844155844,0,40.875,1,0,0,0,0
574,0,55,25.3754684134431,0,27.8330001831055,0,1,0,0,0
575,0,43,27.6179516685846,0,8.50049996376038,0,1,0,1,0
576,0,47,16.1104718066743,0,11,0,1,0,1,0
577,0,37,26.7548906789413,0,7.70849990844727,1,0,0,1,1
578,0,46,18.4119677790564,0,14,1,0,0,0,0
579,0,40,16.1104718066743,0,18.5830001831055,0,1,0,1,0
580,0,34,35.1280964205681,0,12.5830001831055,1,0,0,0,0
581,1,42,9.1013704362381,0,7.79149997234345,0,1,0,0,0
582,0,31,2.61795166858458,0,5,0,1,0,0,1
583,0,48,69.0448791714615,0,22.7084998190403,1,0,0,0,0
584,0,19,4.40161104718067,0,0,0,1,0,1,1
585,0,34,23.0149597238205,0,9.66699981689453,0,1,0,0,0
586,0,37,6.47295742232451,0,9.16650009155273,0,1,0,1,0
587,0,52,16.7947003390041,0,27.75,0,1,0,0,0
588,0,35,9.97314921365554,0,10.0830001831055,0,1,0,1,0
589,0,21,5.75373993095512,0,1.04149997234345,0,1,0,0,1
590,0,55,36.2518494164064,0,34.4169998168945,0,1,0,1,0
591,0,52,16.6858457997699,0,27.1669998168945,0,1,0,0,0
592,0,45,14.1630521377357,0,25.5,0,1,0,0,0
593,0,51,7.11371482372633,0,32.25,0,1,0,0,0
594,0,52,23.8411377651884,0,31.75,1,0,0,0,0
595,1,55,18.8840695169809,0,36.25,0,1,0,1,0
596,0,40,6.08252506986684,1,6.08349990844727,1,0,0,1,0
597,0,31,25.8918296892981,0,7,0,1,0,1,0
598,0,52,36.0567702339854,0,15.9165000915527,1,0,0,1,0
599,0,49,23.0149597238205,0,18.5,0,1,0,1,0
600,0,38,26.0836210203299,0,1.79149997234345,1,0,0,1,0
601,0,44,21.6772151898734,0,8,1,0,0,1,0
602,0,48,12.0828538550058,0,25.2080001831055,0,0,1,0,0
603,0,48,14.3843498273878,0,21.4995002746582,0,1,0,1,0
604,0,63,49.3177708367582,0,19.3330001831055,1,0,0,1,0
605,0,53,51.7836593785961,0,16.5,0,1,0,1,0
606,0,47,10.3567318757192,0,17.6669998168945,0,1,0,0,0
607,0,38,12.2746451860376,0,9.75,0,1,0,1,0
608,1,42,21.9190092607814,0,22.5,1,0,0,1,0
609,0,21,8.43881856540084,1,1,0,0,1,0,1
610,0,50,7.94016110471807,0,15.1665000915527,0,1,0,1,0
611,0,38,17.2612197928654,0,5.5,1,0,0,0,1
612,0,32,18.7955504411201,0,7.37450015544891,0,1,0,1,0
613,0,57,9.97314921365554,0,15.7915000915527,0,1,0,1,1
614,0,55,53.7015726889145,0,24.5414999723434,0,1,0,0,0
615,0,49,11.5074798619102,0,22.5834999084473,0,1,0,1,0
616,1,52,30.9816765512968,0,20.9169998168945,1,0,0,1,0
617,0,48,12.3705408515535,0,17.2080001831055,0,1,0,1,0
618,0,51,20.7134637514384,0,17.125,0,1,0,1,0
619,1,56,11.5074798619102,0,17.8330001831055,0,1,0,0,0
620,0,50,25.3164556962025,0,26.25,1,0,0,0,0
621,0,37,9.78135788262371,0,16.0835000276566,0,1,0,1,0
622,0,33,9.48216340621404,0,7.58300018310547,0,1,0,0,0
623,0,51,15.9530010296166,0,18.0834999084473,0,1,0,1,0
624,1,55,27.6179516685846,0,37.25,1,0,0,0,0
625,1,37,32.7788820308958,0,13.6669998168945,1,0,0,0,0
626,0,25,17.2612197928654,0,1.91700005531311,0,1,0,1,0
627,1,62,11.5995397008055,0,41.9169998168945,0,1,0,0,0
628,0,60,16.6858457997699,0,18.0415000915527,0,1,0,1,0
629,1,45,18.9873417721519,0,25.25,0,1,0,0,0
630,0,22,4.93177708367582,0,0.833499997854233,0,1,0,0,1
631,1,39,22.2439585730725,0,13,1,0,0,0,0
632,0,35,13.6363636363636,0,5.66699981689453,1,0,0,0,0
633,0,38,9.58956655159187,0,20.5834999084473,0,0,1,1,0
634,0,64,9.20598388952819,1,23.5834999084473,0,0,1,1,0
635,1,45,10.0115074798619,0,22.75,0,1,0,1,0
636,1,28,5.91813250041098,1,1.04149997234345,0,1,0,0,1
637,0,53,8.11277330264672,1,4.83349990844727,1,0,0,1,0
638,1,53,25.9655955858488,0,27.9995001852512,1,0,0,0,0
639,0,50,31.6455696202532,0,26.1669998168945,0,1,0,0,0
640,0,45,16.6299523261549,0,12.5004997253418,1,0,0,1,0
641,0,36,34.5224395857307,0,8,1,0,0,0,1
642,0,34,22.2439585730725,0,8.79150021076202,1,0,0,1,0
643,0,58,27.6179516685846,0,23.4169998168945,1,0,0,1,0
644,0,58,8.05523590333717,1,9.95849990844727,0,1,0,1,0
645,1,52,0.981971614883007,1,14.5,0,1,0,0,1
646,0,56,24.2935685973661,0,37.6669998168945,0,1,0,0,0
647,0,32,17.0310701956272,0,6.16700005531311,0,1,0,1,0
648,0,48,18.7188339087073,0,19.5,1,0,0,1,0
649,0,57,5.17836593785961,1,16.4584999084473,0,1,0,1,0
650,1,41,12.6582278481013,0,13.75,0,1,0,1,1
651,0,37,12.6582278481013,0,15.1669998168945,0,1,0,0,0
652,0,29,22.054085155351,0,11.6669998168945,0,1,0,0,1
653,0,30,23.590333716916,0,7,1,0,0,0,0
654,0,25,8.63060989643268,0,2.91700005531311,0,1,0,1,0
655,0,57,11.5074798619102,0,26.5004997253418,0,1,0,1,1
656,1,38,7.82508630609897,0,5.375,0,1,0,0,0
657,0,51,14.4994246260069,0,21.7084999084473,1,0,0,1,0
658,0,45,23.0149597238205,0,18,1,0,0,0,0
659,0,60,11.5074798619102,0,40,0,1,0,0,0
660,0,58,14.9597238204833,0,24.5830001831055,0,1,0,1,0
661,1,50,15.1414208709345,0,24.416500210762,1,0,0,1,0
662,0,63,21.7461863031483,0,33.5419998168945,0,1,0,1,0
663,0,22,10.3567318757192,0,1.75,0,0,1,1,0
664,1,47,10.2745355909913,0,27.5,0,1,0,0,0
665,1,55,8.68814729574223,0,34.1669998168945,0,1,0,0,0
666,0,22,19.3810187147962,0,2.25,1,0,0,1,0
667,0,51,7.51822017644803,0,16.0830001831055,1,0,0,0,1
668,0,54,14.4533947065593,0,15.2919998168945,0,1,0,1,0
669,0,46,43.7284234752589,0,21.5830001831055,1,0,0,0,0
670,1,54,46.029919447641,0,30.5,0,1,0,0,0
671,0,50,7.23327305605787,0,17.75,0,1,0,0,0
672,0,27,19.361334867664,0,0.666499972343445,1,0,0,0,1
673,1,44,14.0161104718067,0,16.7495001852512,1,0,0,1,0
674,0,53,26.4614499424626,0,30.6669998168945,0,1,0,0,0
675,1,49,32.2209436133487,0,18,1,0,0,0,0
676,0,56,16.885308784043,0,37,1,0,0,0,0
677,1,52,25.8918296892981,0,29.5830001831055,1,0,0,1,0
678,1,28,18.1697050451214,0,2.58350002765656,1,0,0,1,0
679,0,42,19.5627157652474,0,17.3330001831055,0,1,0,0,0
680,0,53,19.3810187147962,0,15.75,0,1,0,1,0
681,0,61,47.882343035168,0,41.5,1,0,0,0,0
682,1,61,27.7330264672037,0,40.3330001831055,1,0,0,0,0
683,0,30,12.718793531585,0,4,0,1,0,1,1
684,0,37,30.8524865486891,0,15.3330001831055,1,0,0,1,0
685,1,52,15.5350978135788,0,27.1669998168945,0,1,0,1,0
686,0,45,57.5373993095512,0,13.9169998168945,1,0,0,1,0
687,1,37,17.8365937859609,0,16.3334999978542,0,1,0,0,0
688,0,61,13.6708860759494,0,38.5,0,0,1,0,0
689,0,51,18.660778154449,0,28.5830001831055,0,1,0,0,0
690,0,45,36.536248561565,0,21.5830001831055,1,0,0,0,0
691,1,28,15.6501726121979,0,2.45850005745888,0,1,0,1,1
692,0,42,38.3582662063675,0,6.04149997234345,1,0,0,1,0
693,0,48,14.9597238204833,0,18.5,0,1,0,1,0
694,0,58,17.2612197928654,0,16.5,1,0,0,0,0
695,0,47,39.7008055235903,0,18.1669998168945,1,0,0,0,0
696,0,64,24.1657077100115,0,44.1669998168945,0,1,0,0,0
697,1,60,29.4591484464902,0,29.5,0,1,0,1,0
698,0,43,22.439585730725,0,7.33300018310547,1,0,0,0,0
699,1,34,26.5822784810127,0,6.54150009155273,1,0,0,0,0
700,0,59,14.9597238204833,0,37.1669998168945,0,1,0,0,0
701,0,43,12.945914844649,0,21.3330001831055,0,1,0,0,0
702,0,54,36.8239355581128,0,23.125,0,1,0,1,0
703,0,25,5.46605293440737,0,0,0,1,0,1,1
704,0,40,13.684570646596,0,13.9169998168945,0,1,0,0,0
705,0,21,4.31530494821634,0,0,0,0,1,0,1
706,0,62,18.7529301453352,0,24.5,1,0,0,1,0
707,0,52,11.1964668926694,0,27.0830001831055,0,0,1,1,0
708,0,50,109.595046303907,0,20,1,0,0,0,0
709,0,42,35.7959340237821,0,17,1,0,0,0,0
710,0,20,4.7180667433832,0,0.208499997854233,0,0,1,0,1
711,0,53,39.8925968546222,0,15.7084999084473,1,0,0,1,0
712,0,55,25.9655955858488,0,30.1669998168945,1,0,0,1,0
713,0,57,19.3028694457849,0,10.7915000915527,1,0,0,1,0
714,0,22,12.0828538550058,0,0,0,1,0,0,1
715,0,27,23.4445723053318,0,3.08349990844727,1,0,0,0,1
716,0,48,40.5063291139241,0,25.25,1,0,0,0,0
717,0,22,12.6754890678941,0,1.875,0,1,0,0,0
718,0,43,17.0968272234095,0,5.45849990844727,0,1,0,1,0
719,0,22,17.5857897376885,0,4.16650009155273,0,1,0,1,0
720,1,57,12.0828538550058,0,36.75,0,1,0,0,0
721,0,56,40.2761795166859,0,24.0830001831055,0,1,0,1,0
722,0,47,23.6593785960875,0,11.875,1,0,0,1,1
723,0,57,8.42511918461286,0,33.8330001831055,0,1,0,0,0
724,0,42,20.4315304948216,0,19.1669998168945,0,1,0,1,0
725,0,45,14.4665461121157,0,22.0415001809597,0,1,0,1,0
726,0,32,34.5224395857307,0,6,1,0,0,0,0
727,0,20,5.17836593785961,0,0,0,0,1,0,1
728,0,58,16.0233881752869,0,21.9165000915527,1,0,0,1,1
729,0,21,8.16098031287905,0,0.166999995708466,0,1,0,0,1
730,0,49,15.4998708344097,0,8.91650009155273,0,1,0,1,0
731,1,47,16.1104718066743,0,27.4169998168945,0,1,0,0,0
732,0,48,12.0828538550058,0,26,0,1,0,0,0
733,0,44,45.4545454545455,0,24.7080001831055,1,0,0,0,0
734,1,38,14.9926023343745,0,8.33349990844727,0,1,0,1,0
735,0,53,24.9904104334484,0,3,1,0,0,0,1
736,1,30,24.1657077100115,0,8.83300018310547,1,0,0,1,0
737,0,50,13.7284234752589,0,31.25,0,1,0,1,0
738,0,32,11.8271320802966,0,2.16699999570847,0,1,0,1,0
739,0,55,21.9190092607814,0,24.4169998168945,1,0,0,0,0
740,1,59,42.6202957848528,0,29.4169998168945,1,0,0,0,0
741,0,29,11.9677790563867,1,3.16650009155273,0,1,0,1,0
742,0,38,40.8515535097814,0,7.41649997234345,1,0,0,1,0
743,0,35,32.2209436133487,0,10.1669998168945,0,1,0,0,0
744,1,60,15.8803222094361,0,40.0830001831055,0,1,0,1,0
745,0,43,19.4741966893866,0,22.9169998168945,0,1,0,0,0
746,0,53,64.4418872266974,0,23,1,0,0,0,0
747,1,45,14.3843498273878,0,15.5830001831055,0,1,0,1,0
748,0,54,14.4994246260069,0,29.25,0,1,0,0,0
749,0,51,27.9467368074963,0,19.2504998147488,1,0,0,0,0
750,1,53,10.5868814729574,0,18.9584999084473,0,1,0,1,0
751,0,41,88.2240122746452,0,14.7915000915527,1,0,0,1,0
752,0,30,6.52474108170311,0,3.6664999127388,1,0,0,1,1
753,0,30,11.5074798619102,0,12.25,0,0,1,0,1
754,0,44,9.20598388952819,0,13,0,1,0,1,0
755,0,31,18.8840695169809,0,13.4169998168945,0,1,0,0,0
756,0,51,32.6930453512732,0,26,1,0,0,0,0
757,0,18,2.65557227582544,0,0.666999995708466,0,0,1,1,1
758,1,53,35.1501203054713,0,34.25,1,0,0,0,0
759,1,57,8.99309551208286,0,26.75,0,1,0,0,0
760,1,61,11.8184928311511,0,25.0830001831055,1,0,0,1,0
761,0,40,30.2828417418691,0,22.75,1,0,0,0,0
762,0,42,11.2197928653625,0,10.0834999084473,0,1,0,1,0
763,1,26,7.6716532412735,0,4.875,0,0,1,0,0
764,1,24,10.9018230270729,0,4.54200005531311,0,1,0,0,1
765,0,51,20.592332384471,0,30.6669998168945,0,1,0,1,0
766,0,38,10.1536587016855,0,3.5,0,1,0,1,0
767,0,19,3.27963176064442,0,0,0,0,1,1,1
768,0,61,21.1979892193083,0,42.25,0,1,0,0,0
769,0,44,40.2761795166859,0,8.58350014686585,1,0,0,1,0
770,0,49,9.97314921365554,0,6.29150009155273,0,1,0,1,0
771,0,44,49.3177708367582,0,20.8334999084473,0,0,1,0,0
772,0,55,27.6179516685846,0,24,1,0,0,0,0
773,0,51,23.0149597238205,0,28.5,0,0,1,0,0
774,0,51,42.3959784386167,0,13.7084999084473,1,0,0,1,0
775,0,23,7.47986191024166,0,0.833000004291534,0,0,1,0,1
776,0,54,6.90448791714615,0,35.75,1,0,0,0,0
777,0,60,18.1697050451214,0,34.6669998168945,0,1,0,1,0
778,1,58,13.8089758342923,0,39.4169998168945,0,1,0,0,0
779,0,32,10.126582278481,1,13.9164999723434,0,0,1,0,1
780,1,61,21.1979892193083,0,41.0834999978542,0,1,0,0,0
781,0,46,13.9301072012598,0,15.2915000915527,0,1,0,1,0
782,0,61,32.2209436133487,0,19,0,1,0,1,0
783,0,42,23.0149597238205,0,12.5,0,1,0,1,0
784,1,54,33.3716915995397,0,28.3330001831055,1,0,0,0,0
785,0,59,27.8602144025195,0,21.5419998168945,0,1,0,0,0
786,1,31,23.9537278178184,0,8.83300018310547,0,1,0,0,0
787,0,49,28.3851169927119,0,7.08349990844727,1,0,0,1,0
788,0,22,14.9597238204833,0,0.416999995708466,0,1,0,0,0
789,0,34,10.9321058688147,0,6.5,0,1,0,0,1
790,0,43,42.0023014959724,0,15.6669998168945,1,0,0,0,0
791,0,42,8.41689955614006,0,9.70849990844727,1,0,0,1,1
792,0,24,6.57570277823442,1,1.625,0,1,0,0,1
793,0,51,13.4028294862249,0,17.125,0,1,0,1,0
794,1,43,17.0968272234095,0,14,0,1,0,1,0
795,0,31,24.1657077100115,0,3.91700005531311,1,0,0,0,0
796,1,23,9.20598388952819,0,0.166999995708466,0,1,0,0,0
797,0,63,27.2439585730725,0,35.6669998168945,1,0,0,0,0
798,0,52,15.8227848101266,0,23.0834999084473,0,1,0,1,0
799,0,22,8.63060989643268,0,0.0414999984204769,0,0,1,1,1
800,1,37,26.6110471806674,0,14.5830001831055,1,0,0,0,0
801,0,50,46.029919447641,0,24.6669998168945,1,0,0,0,0
802,0,46,63.2911392405063,0,18,1,0,0,0,0
803,0,54,21.0970464135021,0,27.0834999084473,1,0,0,1,0
804,0,55,21.9688251909196,0,19,1,0,0,1,0
805,0,56,24.1196777905639,0,17.3745002746582,1,0,0,1,0
806,0,47,43.7284234752589,0,13.5834999084473,1,0,0,1,0
807,0,37,13.8089758342923,0,11.5,0,1,0,1,0
808,1,34,57.5373993095512,0,9,1,0,0,1,0
809,1,48,8.63060989643268,0,29.5,0,1,0,1,0
810,0,31,12.5523590333717,0,4.5,1,0,0,0,1
811,0,55,36.2272514171248,0,31.9169998168945,1,0,0,0,0
812,0,61,18.1697050451214,0,37.3330001831055,1,0,0,0,0
813,0,42,58.7766663716031,0,24.9169998168945,1,0,0,0,0
814,1,40,8.05523590333717,0,1.625,0,0,1,1,0
815,0,41,8.63060989643268,0,10.2084999084473,0,1,0,1,1
816,0,24,12.3705408515535,0,1.91649997234345,0,1,0,1,1
817,0,41,26.8507863444572,0,8.45850014686585,0,1,0,1,1
818,0,34,38.3582662063675,0,3.25,1,0,0,1,0
819,0,24,9.35351568262961,0,2.7085000872612,1,0,0,1,1
820,0,49,23.0149597238205,0,13.6669998168945,0,1,0,1,0
821,0,55,18.9873417721519,0,35.75,0,1,0,1,0
822,0,42,17.2612197928654,0,21.8330001831055,0,0,1,0,0
823,0,57,19.5627157652474,0,27.6669998168945,1,0,0,0,0
824,0,39,26.3028111129377,0,9.08300018310547,1,0,0,1,0
825,0,43,25.8918296892981,0,23.75,1,0,0,0,0
826,0,38,17.4913693901036,0,16.0830001831055,0,1,0,1,0
827,0,50,30.5390811719926,0,17.9584999084473,1,0,0,1,0
828,1,36,24.5492903720752,0,13.625,0,1,0,1,0
829,0,50,23.0149597238205,0,28.5830001831055,0,1,0,1,0
830,0,57,23.6369856623021,0,37.5,0,1,0,0,0
831,0,54,16.1104718066743,0,17.4584999084473,0,1,0,1,0
832,0,64,43.210586881473,0,33.25,1,0,0,0,0
833,0,48,41.682649277586,0,21.25,1,0,0,0,1
834,0,52,28.7715765247411,0,32,1,0,0,0,0
835,0,31,10.7134637514384,0,9.83300018310547,0,0,1,0,1
836,0,22,6.66222518321119,0,0.5,0,1,0,1,1
837,0,47,24.7663420247551,0,29.5830001831055,0,1,0,0,0
838,1,30,13.6212222154927,0,10.5,0,0,1,0,1
839,0,23,12.0828538550058,0,1.58299994468689,0,1,0,1,0
840,1,42,18.8304215922168,0,16.3330001831055,1,0,0,0,0
841,1,28,9.41521079610838,0,2.70849990844727,0,0,1,0,1
842,1,46,13.0625447081143,0,20.75,0,1,0,1,0
843,0,45,20.7134637514384,0,16.6669998168945,1,0,0,0,0
844,0,64,6.90448791714615,0,31.0834999084473,0,1,0,1,0
845,1,35,15.8227848101266,0,4.91699981689453,0,1,0,1,0
846,0,51,36.8239355581128,0,30.25,1,0,0,0,0
847,1,44,14.5357640360972,0,19.9169998168945,1,0,0,1,0
848,0,59,11.2197928653625,0,20.1254997253418,0,1,0,1,0
849,0,20,13.921374474804,0,1.20800000429153,0,0,1,0,0
850,1,40,48.6075949367089,0,23.25,1,0,0,0,0
851,0,45,29.0342568823582,0,21.25,1,0,0,0,0
852,0,42,14.645883460613,0,17.041500210762,0,1,0,1,0
853,0,38,29.5063586202827,0,9.33300018310547,1,0,0,0,0
854,0,29,27.6179516685846,0,3.58349990844727,0,1,0,0,0
855,0,48,11.6052934407365,0,26.25,0,1,0,1,0
856,0,27,7.95660036166365,0,1.16700005531311,0,1,0,0,1
857,1,37,23.0149597238205,1,8.45849999785423,0,1,0,1,0
858,1,61,21.0970464135021,0,33.1669998168945,1,0,0,0,0
859,0,19,6.47295742232451,0,0.791500002145767,0,1,0,0,0
860,0,23,6.90448791714615,0,1,0,0,1,0,0
861,0,25,9.20598388952819,0,2.12449994310737,1,0,0,1,0
862,0,61,6.07594936708861,0,14.875,0,1,0,1,0
863,0,52,27.6179516685846,0,31,0,1,0,0,0
864,1,55,34.193654446819,0,21.2915000915527,1,0,0,1,0
865,0,62,17.5489067894131,0,26.7504997253418,1,0,0,1,0
866,1,51,50.2144575792447,0,30.4169998168945,0,1,0,0,0
867,0,29,18.8840695169809,0,3,0,1,0,1,0
868,1,50,43.9681626390487,0,3.95799994468689,1,0,0,1,0
869,0,32,10.126582278481,1,5.33350002765656,0,0,1,1,0
870,0,47,36.5211071406941,0,24.9169998168945,0,1,0,0,0
871,0,60,21.523990593886,0,33.1665000915527,0,1,0,0,0
872,0,58,20.9226906580186,0,34.25,1,0,0,1,0
873,0,32,31.0701956271577,0,5.45800018310547,1,0,0,1,0
874,0,38,11.5074798619102,0,14.3330001831055,0,1,0,0,1
875,0,47,16.1104718066743,0,23.0835000276566,0,0,1,0,0
876,1,44,13.1185270425777,0,24.0830001831055,0,1,0,1,0
877,0,39,6.44418872266974,1,6.83300018310547,0,1,0,1,0
878,0,46,22.439585730725,0,26.0830001831055,0,1,0,1,0
879,0,36,14.3065965850776,0,1.875,0,1,0,1,0
880,0,51,16.2748643761302,0,2.29150009155273,0,0,1,1,0
881,0,61,13.8089758342923,0,11.75,1,0,0,1,0
882,0,54,12.7467469239621,0,31,0,1,0,0,0
883,0,53,24.8319302283326,0,26.25,0,1,0,0,0
884,0,38,62.1403912543153,0,7.625,1,0,0,0,0
885,0,49,14.3065965850776,0,20.3330001831055,0,1,0,0,0
886,1,60,16.1104718066743,0,38.3745001554489,0,1,0,0,0
887,0,20,2.87686996547756,0,0.0414999984204769,0,1,0,1,1
888,0,31,9.20598388952819,0,1.625,1,0,0,1,1
889,0,39,34.5224395857307,0,8.5,1,0,0,0,0
890,1,36,25.3754684134431,0,14.333499789238,0,1,0,1,0
891,0,31,10.9321058688147,0,8.58300018310547,1,0,0,0,0
892,0,29,34.5224395857307,0,4.25,1,0,0,1,0
893,0,37,38.3582662063675,0,10.5004997253418,1,0,0,0,1
894,0,56,13.0418105101649,0,28.25,0,1,0,0,0
895,0,38,92.0598388952819,0,5.04149985313416,1,0,0,1,0
896,0,44,19.1791331031837,0,14,1,0,0,1,0
897,0,26,12.6582278481013,0,0.583499997854233,0,1,0,0,0
898,0,55,23.0149597238205,0,24.25,0,1,0,1,0
899,0,59,27.6179516685846,0,23.6665000915527,0,1,0,1,0
900,0,43,41.4269275028769,0,16.6669998168945,1,0,0,0,0
901,0,35,40.5790079341045,0,7.33300018310547,1,0,0,0,0
902,0,45,10.3567318757192,0,21.2084999084473,0,1,0,1,0
903,0,42,18.4119677790564,0,22,0,1,0,0,0
904,0,56,24.741081703107,0,36.1669998168945,0,1,0,0,0
905,0,44,36.3394100902429,0,12.9585000276566,1,0,0,0,0
906,0,45,36.1663652802893,0,27.25,0,1,0,0,0
907,0,33,4.6029919447641,1,13.125,0,0,1,0,1
908,0,20,6.21403912543153,0,0.458499997854233,0,0,1,1,1
909,0,20,1.38089758342923,1,0.0834999978542328,0,1,0,1,1
910,1,53,46.029919447641,0,34,0,1,0,0,0
911,0,55,102.288709883647,0,32.3330001831055,1,0,0,0,0
912,0,52,23.7467174176035,0,30.1669998168945,1,0,0,0,0
913,0,57,11.5074798619102,0,28.874500181526,0,1,0,0,0
914,0,27,15.343306482547,0,4.5,0,1,0,1,0
915,0,39,11.5074798619102,0,4.5,0,1,0,1,1
916,1,45,10.9321058688147,0,24.6669998168945,0,1,0,0,0
917,0,46,15.7470777057719,0,14.9169998168945,0,1,0,1,0
918,0,50,6.90448791714615,0,22.125,1,0,0,1,0
919,0,46,14.3843498273878,0,19.25,1,0,0,0,0
920,0,56,20.7180667433832,0,38.5830001831055,0,1,0,0,0
921,0,37,40.1286477235844,0,12,1,0,0,0,0
922,0,35,17.2612197928654,0,6.25,1,0,0,1,0
923,0,34,9.41521079610838,0,7.25,0,1,0,0,0
924,1,48,23.0149597238205,0,28.6669998168945,0,1,0,0,0
925,0,55,33.9777522056003,0,20.7084999084473,1,0,0,1,0
926,0,58,10.8681754251375,0,22.3334999084473,0,1,0,1,0
927,0,44,8.97583429228999,0,11.25,0,0,1,0,1
928,1,53,25.8046518115563,0,33.875,0,1,0,1,0
929,0,50,65.7570277823442,0,24,0,1,0,0,0
930,0,48,40.2761795166859,0,29.75,0,1,0,0,0
931,0,59,49.482163406214,0,29.25,1,0,0,0,0
932,0,62,41.1846647689419,0,35.6669998168945,1,0,0,1,0
933,0,20,5.45091151353643,0,0,0,0,1,0,1
934,0,51,40.7364787111623,0,13.2084999084473,1,0,0,1,0
935,1,40,8.69390103567319,0,16.5835000276566,0,1,0,1,0
936,0,60,12.2746451860376,0,22.9165000915527,0,1,0,1,0
937,0,42,8.88952819332566,0,3.41699999570847,0,1,0,1,0
938,0,58,17.2546440900871,0,21.6665000915527,1,0,0,0,0
939,0,22,2.5891829689298,0,0,0,0,1,0,1
940,0,45,8.28538550057538,0,24.875,0,1,0,1,0
941,0,48,23.0149597238205,0,19.125,0,1,0,1,0
942,0,53,18.8014517128441,0,24.2919998168945,0,1,0,1,0
943,0,39,57.5373993095512,0,11.25,1,0,0,0,0
944,0,58,13.083655891481,0,36.0834999084473,0,1,0,1,0
945,0,57,14.9286225235592,0,36.5,0,1,0,0,0
946,0,51,24.7853412410375,0,19.1665000915527,0,1,0,1,0
947,0,50,51.1443549418233,0,22.5830001831055,1,0,0,0,0
948,0,59,20.253164556962,0,22.4165000915527,1,0,0,1,0
949,0,37,30.4609761050565,0,7.41650009155273,1,0,0,1,0
950,0,53,23.0149597238205,0,18.8334999084473,0,1,0,1,0
951,0,60,16.9159953970081,0,21.4995001554489,0,1,0,1,0
952,1,53,119.869581894898,0,28.8330001831055,1,0,0,0,0
953,0,26,20.7134637514384,0,5.99950003623962,0,1,0,1,0
954,0,47,15.4200230149597,0,8.58350002765656,0,1,0,1,0
955,0,60,24.1657077100115,0,40.5830001831055,0,1,0,0,0
956,0,21,3.27963176064442,0,0.0834999978542328,0,0,1,0,1
957,0,34,4.02761795166859,0,0,1,0,0,0,1
958,1,23,12.945914844649,0,0.708500027656555,0,1,0,1,0
959,1,44,30.2482327798784,0,14.0834999084473,0,0,1,1,0
960,1,50,37.3215563088981,0,21.8330001831055,1,0,0,1,0
961,0,55,32.988108937476,0,21.4169998168945,1,0,0,1,0
962,1,55,12.4467390290175,0,23.0830001831055,0,1,0,0,0
963,0,47,14.9597238204833,0,17.8754997253418,0,1,0,1,0
964,0,42,13.6993807879884,0,20.25,0,1,0,1,0
965,0,61,15.8616614312817,0,36.3330001831055,0,1,0,0,0
966,0,44,46.029919447641,0,5.875,1,0,0,1,0
967,1,43,25.43758706317,0,9.0834998190403,1,0,0,1,0
968,0,41,11.5074798619102,0,9.33349990844727,0,1,0,1,0
969,0,54,13.2336018411968,0,34.4169998168945,0,1,0,0,0
970,0,50,17.2612197928654,0,28.9169998168945,0,1,0,0,0
971,0,51,19.7928653624856,0,19.3334999084473,1,0,0,1,0
972,1,43,8.59225163022632,0,8.41650009155273,0,1,0,1,0
973,0,23,13.8089758342923,0,3.66700005531311,0,0,1,0,0
974,0,37,19.9901364458327,0,6.95849990844727,0,1,0,1,0
975,0,26,18.4119677790564,0,2.375,0,1,0,1,1
976,0,57,12.2746451860376,0,26.6669998168945,1,0,0,1,0
977,0,58,16.3527345406093,0,37.4169998168945,0,1,0,1,0
978,0,58,11.5074798619102,0,19.3335000276566,0,0,1,0,1
979,0,31,11.5074798619102,0,4.25,1,0,0,0,1
980,1,44,24.2262733934953,0,14.6669998168945,1,0,0,1,0
981,0,46,35.4076303443392,0,20.25,1,0,0,0,0
982,0,36,26.3028111129377,0,9.83300018310547,0,1,0,0,0
983,0,50,6.26006904487917,0,11.7915000915527,0,1,0,1,0
984,0,59,23.2418214696696,0,35,1,0,0,1,0
985,0,48,7.15765247410817,0,2.70800000429153,1,0,0,1,1
986,0,38,23.0149597238205,0,6.5,1,0,0,1,0
987,0,48,12.0713463751439,0,18.2084999084473,0,1,0,1,0
988,0,31,18.4119677790564,0,2.6664999127388,1,0,0,1,1
989,1,59,15.756395503231,0,36.4169998168945,1,0,0,1,0
991,0,50,19.7692602755894,0,21.5419998168945,0,1,0,1,0
992,0,38,17.2612197928654,0,6.5,0,1,0,1,0
993,0,50,29.5906625020549,0,30.5830001831055,0,0,1,0,0
994,1,43,19.9462984273111,0,11.5,1,0,0,1,0
995,0,21,9.78135788262371,0,1.08350002765656,0,1,0,0,0
996,1,40,21.8642117376295,0,14,1,0,0,0,0
997,1,52,14.3065965850776,0,34.25,0,1,0,0,0
998,1,56,17.8365937859609,0,29.75,0,1,0,1,0
999,0,36,20.1380897583429,0,9.83300018310547,1,0,0,0,0
1000,0,50,16.2945914844649,0,12.75,1,0,0,1,0
1001,0,40,17.7543975012329,0,22,0,1,0,0,0
1002,0,55,19.9866755496336,0,34.5,0,1,0,0,0
1003,1,53,26.8507863444572,0,29.8745001852512,0,1,0,0,0
1004,1,48,23.0149597238205,0,15.375,1,0,0,1,0
1005,0,41,40.2761795166859,0,13.3330001831055,1,0,0,0,0
1006,0,23,10.2416570771001,0,1.75,0,1,0,0,0
1007,0,61,33.5634829305715,0,32.4169998168945,1,0,0,0,0
1008,0,43,3.0686612965094,1,2.66650009155273,0,0,1,1,0
1009,0,42,21.1979892193083,0,20.4169998168945,0,1,0,1,0
1010,0,60,3.98925968546222,1,28.6665000915527,1,0,0,1,0
1011,1,47,38.3582662063675,0,16.9995001852512,1,0,0,1,0
1012,0,58,19.4246260069045,0,12.2084999084473,0,1,0,1,0
1013,0,41,7.12367800975396,0,14.583499789238,0,0,1,0,0
1014,0,51,41.8453813160372,0,29.9169998168945,0,1,0,0,0
1015,0,58,20.4257767548907,0,31.5830001831055,0,1,0,0,0
1016,0,28,9.82738780207135,1,9.875,0,0,1,1,0
1017,1,32,14.9597238204833,0,5.33300018310547,1,0,0,1,0
1018,0,26,24.6317606444189,0,2.20850002765656,1,0,0,1,0
1019,0,35,24.7853412410375,0,15.5835000276566,1,0,0,1,0
1020,0,36,13.8089758342923,0,7.91699981689453,0,1,0,1,1
1021,1,48,17.4913693901036,0,11.2084999084473,1,0,0,1,0
1022,0,32,10.4115293988712,0,12.25,0,0,1,0,1
1023,1,37,21.5765247410817,0,10.0830001831055,1,0,0,1,0
1024,0,40,7.6716532412735,0,11.9169998168945,0,1,0,0,0
1025,0,59,33.4763050528298,0,31.9169998168945,1,0,0,0,0
1026,0,40,21.288837744534,0,22.5830001831055,0,1,0,0,0
1027,0,23,5.92059838895282,0,0.458499997854233,0,1,0,0,1
1028,0,38,12.8883774453395,0,3,1,0,0,1,0
1029,1,51,46.029919447641,0,25.0830001831055,1,0,0,0,0
1030,0,53,16.1104718066743,0,23.0830001831055,0,1,0,0,0
1031,0,62,24.4430674810422,0,41.25,0,1,0,0,0
1032,0,31,14.0621403912543,0,2.45849990844727,0,1,0,1,1
1033,0,64,8.63060989643268,0,10.7915000915527,0,1,0,1,0
1034,0,47,34.5224395857307,0,24.25,1,0,0,0,0
1035,0,42,9.58956655159187,0,2,0,0,1,1,0
1036,1,54,17.2612197928654,0,23.9169998168945,1,0,0,0,0
1037,0,53,24.1952140686318,0,33.7504997253418,0,1,0,0,0
1038,1,45,38.5500575373993,0,18,1,0,0,0,0
1039,0,46,19.1208285385501,0,11.6665000915527,0,1,0,1,0
1040,0,58,51.7836593785961,0,37.4169998168945,1,0,0,0,0
1041,0,57,28.3261042754714,0,37.25,0,1,0,0,0
1042,1,41,15.5350978135788,0,16,0,1,0,0,1
1043,1,61,13.8089758342923,0,35.1669998168945,1,0,0,1,0
1044,0,21,12.6582278481013,0,1.66700005531311,0,1,0,0,0
1045,0,52,13.8089758342923,0,32.8330001831055,0,1,0,0,0
1046,0,43,10.7403145377829,0,12.4165000915527,0,1,0,1,0
1047,0,57,14.9597238204833,0,33.4169998168945,0,1,0,0,0
1048,0,18,3.73993095512083,0,0,0,0,1,0,1
1049,1,52,3.45224395857307,0,19.4584999084473,1,0,0,1,0
1050,0,30,10.5293440736479,0,2.83299994468689,0,1,0,0,1
1051,1,45,10.126582278481,0,7.33349990844727,0,0,1,1,0
1052,1,23,9.86355416735164,0,2.33349999785423,0,1,0,1,0
1053,0,55,26.4672036823936,0,34.4169998168945,0,1,0,0,0
1054,0,32,8.97583429228999,0,2,0,1,0,0,1
1055,0,49,18.9666873211177,0,15.2084999084473,0,1,0,1,0
1056,0,58,28.7686996547756,0,26,1,0,0,1,0
1057,0,47,13.0418105101649,0,6.625,0,1,0,1,0
1058,1,46,28.9988492520138,0,21.3330001831055,1,0,0,0,0
1059,0,58,24.741081703107,0,34.1669998168945,0,1,0,0,0
1060,0,50,26.9466820099732,0,12,0,1,0,0,0
1061,0,46,28.3261042754714,0,13.25,1,0,0,0,0
1062,0,30,15.5350978135788,0,7.33300018310547,0,1,0,0,0
1063,0,29,22.1625538081234,0,4.75049996376038,1,0,0,1,1
1064,0,43,20.8230587977423,0,6.66650009155273,1,0,0,1,0
1065,0,55,11.5074798619102,0,36.25,0,1,0,0,0
1066,1,51,7.6716532412735,1,15.3334999084473,1,0,0,1,0
1067,0,48,39.4542166694066,0,31.4169998168945,1,0,0,0,0
1068,0,38,19.9048300314123,0,15.1669998168945,0,1,0,0,0
1069,0,39,29.4188722669735,0,9.41699981689453,1,0,0,0,0
1070,0,51,36.8239355581128,0,24,1,0,0,0,0
1071,0,59,18.8359275634426,0,24.6665000915527,0,1,0,1,0
1072,0,55,28.916231447877,0,36.291500210762,0,0,1,0,0
1073,0,62,7.82508630609897,0,32.2080001831055,0,1,0,0,0
1074,0,25,14.6113892949336,0,2.7914999127388,0,1,0,0,0
1075,1,29,11.5074798619102,0,2.16650003194809,0,1,0,1,0
1076,0,48,28.7686996547756,0,15.9165000915527,1,0,0,1,0
1077,0,56,3.83582662063675,0,15.1254997253418,1,0,0,1,0
1078,1,43,15.9334336549526,0,9.08349990844727,1,0,0,1,0
1079,0,38,34.5224395857307,0,11.25,1,0,0,0,0
1080,0,42,17.2612197928654,0,9,1,0,0,1,0
1081,0,45,23.7821250479478,0,15.7504997253418,1,0,0,1,0
1082,1,49,22.439585730725,0,18.25,1,0,0,0,0
1083,0,61,14.3843498273878,0,37.25,0,1,0,0,0
1084,1,59,19.7238204833142,0,39.3330001831055,0,1,0,0,0
1085,1,61,23.506360215221,0,42.1669998168945,0,1,0,0,0
1086,0,44,37.3215563088981,0,12.25,1,0,0,0,0
1087,1,44,20.1380897583429,0,19.7919998168945,0,1,0,0,0
1088,0,57,12.0385943170753,0,18.2084999084473,1,0,0,1,0
1089,0,56,47.6064441887227,0,29.1669998168945,1,0,0,0,0
1090,0,35,31.1012969240817,0,13.9169998168945,1,0,0,0,0
1091,0,32,24.2020471201018,0,3.3335000872612,1,0,0,0,1
1092,0,20,16.5176595556342,0,0,0,1,0,0,1
1093,0,48,15.7470777057719,0,24.25,0,1,0,0,0
1094,0,58,112.517580872011,0,25.25,1,0,0,0,0
1095,1,37,17.2612197928654,0,6.66699981689453,0,1,0,1,0
1096,0,48,31.1012969240817,0,25.6669998168945,1,0,0,0,0
1097,0,27,3.5385500575374,0,0.0834999978542328,0,1,0,0,1
1098,1,32,13.2336018411968,0,10.1669998168945,0,1,0,0,1
1099,0,46,15.5887993862677,0,13.5415000915527,1,0,0,1,0
1100,0,51,14.3843498273878,0,33.25,0,1,0,0,0
1101,0,56,13.8089758342923,0,15.75,1,0,0,1,0
1102,1,63,8.63060989643268,0,38.1669998168945,0,1,0,1,0
1103,1,60,6.90448791714615,0,31.8745001554489,1,0,0,1,0
1104,0,37,23.6050868962261,0,16.4169998168945,0,1,0,0,0
1105,0,55,13.0418105101649,0,22.2915000915527,0,1,0,1,0
1106,0,47,16.1104718066743,0,25.1669998168945,0,1,0,0,1
1107,0,32,21.288837744534,0,2,0,1,0,0,0
1108,1,49,12.0828538550058,0,22.5,0,1,0,0,0
1109,0,41,21.4806290755658,0,14.8334999084473,0,1,0,1,0
1110,1,38,23.0149597238205,0,10.75,1,0,0,0,0
1111,0,51,33.3914187078744,0,25.4169998168945,1,0,0,0,0
1112,0,30,13.1185270425777,0,1.08350002765656,0,1,0,1,1
1113,0,27,12.0828538550058,0,3.66649997234345,0,0,1,0,0
1114,0,44,19.6490218642117,0,7.625,0,1,0,1,0
1115,0,42,11.5074798619102,1,10.5419998168945,0,1,0,1,0
1116,1,58,70.8152606886784,0,28.6669998168945,1,0,0,0,0
1117,1,41,8.92980437284235,0,12.1669998168945,0,1,0,0,0
1118,0,29,18.2220943613349,0,3.125,1,0,0,0,0
1119,0,55,57.5373993095512,0,27.1245002746582,1,0,0,1,1
1120,0,24,20.592332384471,0,2.58299994468689,0,1,0,1,0
1121,0,51,32.2209436133487,0,12.7084999084473,1,0,0,1,0
1122,0,33,11.0471806674338,0,7.74950015544891,0,1,0,1,0
1123,1,58,11.5074798619102,0,31.9164999723434,0,1,0,1,0
1124,0,45,28.6211678616742,0,19.25,1,0,0,0,0
1125,0,50,8.07249712313004,0,31,0,1,0,0,0
1126,0,19,4.0700139301072,0,0,0,1,0,1,1
1127,0,48,25.4808482656584,0,19.8754998147488,1,0,0,0,0
1128,0,63,30.686612965094,0,21.5834999084473,1,0,0,1,0
1129,0,20,7.08152606886784,0,0,0,0,1,1,1
1130,0,37,19.9048300314123,0,12.708499789238,1,0,0,1,0
1131,0,26,11.0471806674338,0,0.875,1,0,0,1,1
1132,1,37,4.6029919447641,0,14.458499815315,0,1,0,0,0
1133,0,36,10.7403145377829,0,10.2084999084473,0,1,0,1,1
1134,0,51,27.6179516685846,0,31.6245001554489,0,1,0,1,0
1135,1,36,15.5186585566332,0,10.0004998147488,0,1,0,1,0
1136,0,54,29.8572450471185,0,26.041500210762,1,0,0,1,0
1137,1,22,46.029919447641,1,0.708500027656555,0,0,1,0,0
1138,0,40,10.6222891033018,0,5.54150009155273,0,1,0,1,0
1139,0,43,17.0841816411437,0,6.25,0,0,1,1,0
1140,1,54,46.029919447641,0,28,1,0,0,0,0
1141,0,57,19.4741966893866,0,35.25,1,0,0,1,0
1142,0,52,20.7134637514384,0,15.25,0,1,0,1,0
1143,0,49,20.592332384471,0,28.25,0,1,0,0,0
1144,0,44,18.4119677790564,0,16.7495002746582,1,0,0,0,0
1145,0,49,20.1380897583429,0,28.25,0,1,0,1,0
1146,0,34,11.5074798619102,1,14.0830001831055,0,0,1,1,1
1147,0,21,12.6582278481013,0,0.25,0,1,0,0,0
1148,0,55,15.343306482547,0,7.875,0,1,0,1,0
1149,0,42,8.63060989643268,0,14.0414999723434,0,1,0,1,0
1150,0,50,7.46342265329607,0,31.25,0,1,0,1,0
1151,0,41,40.2761795166859,0,13.4169998168945,1,0,0,0,0
1152,0,52,18.6037591100882,0,14.375,0,0,1,1,0
1153,0,54,27.9138582936051,0,17.8330001831055,0,1,0,1,0
1154,0,55,18.4741703729046,0,20.0419998168945,0,1,0,1,1
1155,0,38,14.5297074677488,0,6.87450015544891,0,1,0,1,0
1156,1,63,21.3251771546242,0,30.4169998168945,0,1,0,1,0
1157,0,54,18.4119677790564,0,25.9995002746582,0,1,0,1,0
1158,0,28,12.1131366967476,0,3.25,0,1,0,0,0
1159,0,62,48.8290361708083,0,40.8330001831055,0,1,0,0,0
1160,0,43,8.63060989643268,0,17.2915000915527,1,0,0,1,0
1161,0,62,22.357389445997,0,42.625,0,1,0,1,0
1162,0,36,16.6858457997699,0,14.25,0,1,0,0,0
1163,0,46,10.2928014320419,0,17.375,0,0,1,0,0
1164,1,54,51.7836593785961,0,28,1,0,0,0,0
1165,1,38,18.4119677790564,0,16.3330001831055,0,1,0,0,0
1166,0,45,16.3527345406093,0,17.25,0,1,0,0,0
1167,0,57,49.8657460682777,0,11.7084999084473,0,1,0,1,0
1168,0,42,10.0690448791715,0,20.1669998168945,0,0,1,0,0
1169,0,27,25.8918296892981,0,4.04149997234345,1,0,0,0,0
1170,1,64,7.09627924817798,0,18.5,1,0,0,1,0
1171,0,61,14.9900066622252,0,14.6254997253418,0,1,0,1,0
1172,0,53,11.0471806674338,0,24,0,1,0,0,0
1173,0,63,17.2612197928654,0,42.0419998168945,0,1,0,0,0
1174,0,52,8.63060989643268,1,14.375,1,0,0,1,1
1175,0,48,24.3958573072497,0,19.4169998168945,0,1,0,0,0
1176,0,38,34.8175031719336,0,11.4169998168945,1,0,0,0,0
1177,0,58,95.5431841507791,0,31.25,1,0,0,0,0
1178,0,52,38.1390761137597,0,24.75,1,0,0,0,0
1179,0,22,6.90448791714615,0,1.5,0,1,0,0,1
1180,0,47,50.6329113924051,0,21.4169998168945,1,0,0,0,0
1181,1,42,9.20598388952819,0,15.8330001831055,0,1,0,0,1
1182,0,26,14.9597238204833,0,1.625,1,0,0,0,0
1183,1,28,9.20598388952819,0,0.791499972343445,0,1,0,1,1
1184,0,54,19.3810187147962,0,22.4169998168945,0,1,0,0,0
1185,0,43,16.3022631377062,0,14.5415000915527,0,1,0,1,0
1186,0,64,9.6905093573981,0,41.5830001831055,0,1,0,0,0
1187,0,22,5.31114455165088,0,2.45849990844727,0,1,0,1,1
1188,0,20,9.20598388952819,1,0.375,0,1,0,1,0
1189,0,61,14.3843498273878,0,41.25,1,0,0,0,0
1190,0,49,17.7842870593158,0,14.0834999084473,1,0,0,1,0
1191,0,47,22.0943613348677,0,8.08349990844727,0,1,0,1,0
1192,0,63,24.7853412410375,0,42.1669998168945,0,1,0,0,0
1193,0,50,34.5224395857307,0,17,1,0,0,0,0
1194,0,44,24.741081703107,0,21.7495001852512,0,1,0,0,0
1195,0,47,25.2977949180481,0,17.5830001831055,0,1,0,1,0
1196,0,55,19.5914844649022,0,36.4580001831055,0,1,0,1,0
1197,0,51,17.644802454929,0,29.7504998445511,0,1,0,0,0
1198,0,56,13.6939010356732,0,18.375,0,1,0,1,0
1199,0,56,25.3754684134431,0,26.4165000915527,1,0,0,1,0
1200,1,45,9.58956655159187,0,26.6669998168945,0,1,0,1,0
1201,1,57,22.0560030686613,0,28.2084999084473,0,1,0,1,0
1202,0,60,21.5155002266625,0,38.25,0,1,0,0,0
1203,0,50,21.1737629459149,0,27.4169998168945,0,1,0,0,0
1204,0,49,14.9597238204833,0,19.4580001831055,0,1,0,1,1
1205,0,53,25.72260204427,0,24.0834999084473,1,0,0,1,0
1206,0,40,18.4119677790564,0,21,0,1,0,0,0
1207,0,18,5.75373993095512,0,0,0,0,1,0,1
1208,0,30,74.7986191024166,0,5.66699981689453,1,0,0,0,0
1209,0,48,13.2336018411968,0,13,0,0,1,0,0
1210,1,44,15.343306482547,0,6.79150009155273,1,0,0,1,0
1211,0,64,30.6814985295998,0,32.3330001831055,1,0,0,0,0
1212,1,51,13.5459477231629,0,29.75,0,1,0,1,0
1213,1,37,8.82240122746452,0,2.95849990844727,0,0,1,1,0
1214,0,50,16.2284972411555,0,29.5,0,1,0,0,0
1215,1,49,32.2209436133487,0,21.4169998168945,0,1,0,0,0
1216,0,62,25.8860759493671,0,43.3330001831055,1,0,0,0,0
1217,0,50,21.4806290755658,0,16.9584999084473,0,1,0,1,0
1218,0,41,26.7681685403204,0,14.2915000915527,1,0,0,1,0
1219,1,49,16.1104718066743,0,27.8330001831055,0,1,0,1,0
1220,1,50,17.2612197928654,0,18.3330001831055,0,1,0,1,0
1221,0,44,8.05523590333717,0,16.5,0,1,0,0,0
1222,1,48,22.457997698504,0,26.9169998168945,1,0,0,0,0
1223,0,54,6.90448791714615,0,29.4169998168945,0,1,0,0,0
1224,0,56,30.8400460299195,0,31.8745001554489,0,1,0,1,0
1225,0,54,18.3073543257663,0,36.3330001831055,0,1,0,0,0
1226,0,62,28.4004602991945,0,42,1,0,0,0,0
1227,1,47,11.2197928653625,0,28.7504998147488,0,1,0,1,0
1228,0,53,36.8239355581128,0,20.8330001831055,1,0,0,0,0
1229,0,33,27.9467368074963,0,6.08350002765656,1,0,0,1,1
1230,1,29,18.4119677790564,0,1.875,1,0,0,1,0
1231,1,59,17.9385171790235,0,19.0834999084473,0,1,0,1,0
1232,0,41,34.4936708860759,0,7,1,0,0,0,0
1233,0,45,13.8089758342923,0,13.6669998168945,0,1,0,0,1
1234,0,22,18.8840695169809,0,2.33299994468689,0,1,0,1,0
1235,1,29,20.1380897583429,0,0.0829999968409538,1,0,0,0,0
1236,0,39,23.0149597238205,0,7.66699981689453,0,1,0,1,0
1237,0,39,11.9184612855499,0,11.3745002746582,0,1,0,1,1
1238,0,58,17.8365937859609,0,24.8745001554489,0,1,0,1,0
1239,1,58,28.7686996547756,0,36.5,1,0,0,0,0
1241,0,50,42.7420680585238,0,21.75,1,0,0,0,0
1242,0,42,9.58956655159187,0,13,1,0,0,1,1
1243,0,33,10.3567318757192,0,0.25,0,0,1,1,1
1244,0,58,34.2417693451963,0,38.3330001831055,1,0,0,0,0
1245,0,47,12.945914844649,0,13.9584999084473,0,1,0,1,1
1246,0,44,9.20598388952819,0,14.5,0,1,0,0,0
1247,0,48,28.7802071346375,0,16.8330001831055,0,1,0,1,0
1248,1,60,9.97314921365554,0,21.1665000915527,0,1,0,1,0
1249,1,57,12.1795166858458,0,12.5,1,0,0,1,0
1250,0,64,12.945914844649,0,40.5,0,1,0,0,0
1251,0,40,15.343306482547,0,16.25,0,1,0,1,0
1252,0,54,32.8785138911721,0,28.25,1,0,0,0,0
1253,1,38,20.7134637514384,0,12.3330001831055,1,0,0,1,0
1254,1,50,23.0149597238205,0,17.7084999084473,1,0,0,1,0
1255,0,45,17.2612197928654,0,27.3330001831055,0,1,0,0,0
1256,1,51,28.7686996547756,0,25.6669998168945,1,0,0,0,0
1257,0,42,1.79804372842348,1,0.166999995708466,0,0,1,1,0
1258,0,61,28.9330922242315,0,21.5004997253418,0,1,0,1,0
1259,0,36,9.41521079610838,0,3.58349990844727,0,1,0,1,0
1260,0,19,15.343306482547,1,0.125,0,1,0,1,1
1261,0,38,9.20598388952819,0,14.7914999723434,0,1,0,1,1
1262,0,41,86.3060989643268,0,14.1245001554489,1,0,0,1,0
1263,0,61,15.343306482547,0,41.25,1,0,0,0,0
1264,0,44,24.1952140686318,0,18.2915000915527,1,0,0,0,0
1265,0,58,149.597238204833,0,36.5,0,1,0,0,0
1266,0,53,16.1104718066743,0,26.5,0,1,0,0,0
1267,1,31,9.20598388952819,0,1.20850002765656,0,1,0,1,1
1268,0,35,18.0283851169927,0,1.54150003194809,1,0,0,1,1
1269,0,60,22.2725416682134,0,35.5,0,1,0,1,0
1271,1,23,9.20598388952819,0,1.16700005531311,0,0,1,0,1
1272,0,25,17.113687999764,0,4.08300018310547,0,1,0,1,0
1273,0,50,13.4253931722286,0,28,0,1,0,1,0
1274,0,31,16.6858457997699,0,6.66649997234345,0,1,0,0,0
1275,0,39,16.5235608273583,0,14.3330001831055,0,1,0,1,0
1276,0,52,25.8918296892981,0,32.4169998168945,0,1,0,0,0
1277,0,19,7.05792098197162,0,0.708500027656555,0,0,1,1,0
1278,0,42,12.945914844649,0,17.5,0,1,0,1,0
1279,1,29,17.2612197928654,0,6.83300018310547,0,1,0,1,0
1280,0,32,12.6877342067216,0,8.66699981689453,0,1,0,0,1
1281,0,44,0.414269275028769,1,18.7085000276566,0,0,1,0,0
1282,0,30,10.3567318757192,0,1.58350005745888,0,0,1,1,0
1283,0,25,15.4775604142693,0,5.08300018310547,0,1,0,0,0
1284,1,53,9.20598388952819,0,30,0,1,0,0,0
1285,1,44,12.0554550934298,0,23.5830001831055,0,0,1,0,1
1286,0,41,10.3567318757192,0,16.3330001831055,0,0,1,0,1
1287,1,34,26.136012798563,0,7.5835000872612,0,1,0,0,0
1288,0,42,9.20598388952819,1,14.7914999723434,0,0,1,1,0
1289,0,50,24.3958573072497,0,25,1,0,0,0,0
1290,1,60,11.0471806674338,0,38.3334999084473,0,1,0,1,0
1291,1,58,18.6996547756041,0,23.8330001831055,1,0,0,0,0
1292,0,60,28.7686996547756,0,28.8330001831055,1,0,0,0,0
1293,0,30,22.4889035015617,0,4.41649997234345,0,1,0,1,0
1294,1,62,4.02761795166859,0,42.5,0,1,0,0,1
1295,0,45,26.029919447641,0,21.5,0,1,0,0,0
1296,1,45,15.5350978135788,0,25.3754998445511,0,1,0,1,0
1297,0,50,25.8918296892981,0,28.3330001831055,0,1,0,0,0
1298,0,47,20.307317403371,0,14.1665000915527,0,1,0,1,0
1299,0,64,6.47295742232451,0,43.2914999723434,0,0,1,0,0
1300,1,54,23.6050868962261,0,20.75,0,1,0,1,0
1301,0,49,50.6329113924051,0,19.1669998168945,1,0,0,0,0
1302,0,39,46.029919447641,0,8.83300018310547,1,0,0,0,0
1303,0,50,17.4167262774858,0,25.1254997253418,0,1,0,1,0
1304,0,51,49.3177708367582,0,22.5830001831055,1,0,0,0,0
1305,0,38,30.686612965094,0,10.0415000915527,1,0,0,1,0
1306,0,49,43.8380185215628,0,24.3330001831055,1,0,0,1,0
1307,0,44,13.2336018411968,0,18.5830001831055,0,0,1,0,1
1308,0,58,12.6582278481013,0,18.7915000915527,0,0,1,1,0
1309,0,36,19.9866755496336,0,16.25,0,0,1,0,0
1310,0,46,52.678685590078,0,19.5,1,0,0,0,0
1311,0,49,18.4119677790564,0,29.25,0,1,0,0,0
1312,1,57,12.0828538550058,0,36.25,0,1,0,0,0
1313,0,46,16.4738659075768,0,11.2919998168945,0,1,0,1,0
1314,0,27,10.3567318757192,0,6.83349990844727,1,0,0,1,1
1315,0,56,26.8507863444572,0,40.6669998168945,0,0,1,0,0
1316,0,62,18.6919831223629,0,36.3330001831055,1,0,0,0,0
1317,1,24,9.97314921365554,0,1.75,0,1,0,1,0
1318,0,35,28.1933256616801,0,12,1,0,0,0,1
1319,0,38,17.7038151721696,0,18.5830001831055,0,1,0,0,0
1320,0,40,18.660778154449,0,19.1669998168945,1,0,0,1,0
1321,0,59,18.680475642501,0,25.2084999084473,0,1,0,1,0
1322,0,18,3.68239355581128,1,0,0,0,1,1,1
1323,0,36,6.90448791714615,0,1,0,0,1,1,1
1324,0,61,27.2545575676822,0,43.25,0,1,0,1,0
1325,0,61,30.686612965094,0,36.0830001831055,1,0,0,0,0
1326,0,41,8.36907626320745,0,19.3330001831055,1,0,0,0,0
1327,0,36,14.9597238204833,0,9.41700005531311,0,1,0,1,0
1328,0,21,3.13578826237054,0,0,0,0,1,1,1
1329,0,61,6.17474529175672,0,37.0415000915527,0,1,0,1,0
1330,0,31,20.253164556962,0,2.04149997234344,0,1,0,1,0
1331,0,52,33.3716915995397,0,17.5,1,0,0,0,0
1332,1,59,28.1933256616801,0,39.5830001831055,1,0,0,1,0
1333,0,40,15.1789139130911,0,13,0,0,1,0,0
1334,1,45,17.8365937859609,0,21.9169998168945,0,1,0,0,0
1335,1,52,24.4994246260069,0,33,0,1,0,0,0
1336,0,23,13.8089758342923,0,4.08350002765656,0,1,0,1,0
1337,0,51,18.8339087073264,0,29.6669998168945,0,1,0,0,0
1338,0,48,35.9608745684695,0,24.8330001831055,1,0,0,0,0
1339,1,51,11.836265000822,0,19.5830001831055,0,1,0,1,0
1340,1,61,31.8872266973533,0,27,0,1,0,1,0
1341,0,33,13.8089758342923,0,3.33349999785423,0,1,0,1,1
1342,1,46,24.741081703107,0,22.25,0,1,0,0,0
1344,1,54,8.63060989643268,0,11.0419998168945,0,1,0,1,0
1345,0,36,14.645883460613,0,4.375,0,1,0,1,0
1346,1,42,13.4253931722286,0,19.3330001831055,0,1,0,0,0
1347,0,47,23.0149597238205,0,24.4169998168945,0,0,1,0,0
1348,0,64,49.6638604566653,0,35.1669998168945,1,0,0,0,0
1349,0,49,18.4119677790564,0,28.25,0,0,1,0,0
1350,0,29,17.8100380632026,0,6.20849978923798,0,1,0,1,0
1351,1,47,19.7928653624856,0,16.3745002746582,0,1,0,0,0
1352,0,48,16.4392569455861,0,14.4164999723434,0,1,0,1,0
1353,0,35,17.2612197928654,0,7.16699981689453,1,0,0,0,1
1354,0,53,35.4076303443392,0,24.6254997253418,0,1,0,1,0
1355,0,39,15.692017993514,0,13.875,0,1,0,1,0
1356,0,41,7.89084333388131,0,8.29150009155273,0,1,0,1,0
1357,1,48,42.7420680585238,0,29,0,1,0,0,0
1358,0,58,16.1104718066743,1,26.9165000915527,0,1,0,1,0
1359,0,48,48.6854917234664,0,17.25,1,0,0,0,0
1360,1,49,12.2746451860376,0,4.66650009155273,0,1,0,1,0
1361,1,32,21.8036460541457,0,12.5830001831055,0,1,0,0,0
1362,1,32,9.97314921365554,0,9.08300018310547,0,1,0,1,0
1363,0,39,32.2209436133487,0,14,1,0,0,1,0
1364,0,52,31.3840359870279,0,23.3330001831055,1,0,0,0,0
1365,0,29,11.5074798619102,0,9.33300018310547,0,1,0,1,0
1366,0,39,4.02761795166859,0,9,1,0,0,0,1
1367,0,47,13.8089758342923,0,14.9585000276566,0,1,0,1,0
1368,0,51,13.8089758342923,0,26.5,0,1,0,0,0
1369,0,50,23.0149597238205,0,7.04150009155273,0,1,0,1,0
1370,0,63,9.97314921365554,0,20.4165000915527,0,1,0,1,0
1371,1,51,27.6179516685846,0,23.3330001831055,1,0,0,1,0
1372,0,42,21.8642117376295,0,16.8330001831055,0,1,0,1,0
1373,0,18,4.77560414269275,0,0,0,0,1,0,1
1374,0,60,60.5753739930955,0,39.6669998168945,1,0,0,1,0
1375,1,52,26.3028111129377,0,20,1,0,0,0,0
1376,1,62,8.63060989643268,0,34.625,0,1,0,0,0
1377,0,59,8.87719875061647,0,22.5004997253418,0,1,0,1,1
1378,0,47,12.1861261101767,0,19.3754997253418,1,0,0,1,0
1379,0,35,23.7821250479478,0,4.5,0,0,1,0,0
1380,0,47,13.2154321361517,0,24.6669998168945,0,1,0,0,0
1381,0,53,40.4316860013063,0,30.3330001831055,0,1,0,0,0
1382,0,25,15.5350978135788,0,7.5,0,1,0,0,0
1383,0,47,18.6191024165708,0,19.1254998445511,0,1,0,1,0
1384,1,30,34.5224395857307,0,11.8330001831055,0,1,0,1,0
1385,0,53,29.9194476409666,0,32.25,1,0,0,1,0
1386,0,46,25.0178832457314,0,13.3754997253418,1,0,0,1,0
1387,1,30,31.6455696202532,0,4.4584998190403,1,0,0,1,0
1388,0,26,15.5350978135788,0,3.5,0,1,0,0,0
1389,0,35,11.2197928653625,0,11.0830001831055,0,0,1,0,1
1390,1,54,21.8642117376295,0,28.1669998168945,0,1,0,1,0
1391,0,54,19.7271083347033,0,37.4169998168945,0,0,1,0,0
1392,0,56,5.75373993095512,1,2,0,0,1,1,0
1393,0,47,20.132336018412,0,18.9164999723434,1,0,0,0,0
1394,1,48,25.3164556962025,0,25.1669998168945,1,0,0,0,0
1395,0,52,6.52090525508247,0,22.0415001809597,1,0,0,1,0
1396,0,53,50.3889528193326,0,34.4169998168945,0,1,0,0,0
1397,0,48,20.7134637514384,0,17.75,0,1,0,1,0
1398,1,43,11.795166858458,0,8.91699981689453,1,0,0,1,0
1399,0,27,2.30149597238205,1,3.70850002765656,0,1,0,0,0
1400,0,63,14.9597238204833,0,39.5,0,1,0,1,0
1401,0,50,16.6858457997699,0,17.125,0,1,0,1,0
1402,0,19,5.57204288050391,0,0,0,0,1,1,1
1403,1,32,9.02843991451586,0,1.83299999684095,1,0,0,0,1
1404,1,22,21.288837744534,0,2.58299994468689,0,1,0,0,1
1405,1,46,9.20598388952819,0,14,0,1,0,1,0
1406,0,39,32.5949367088608,0,13.6669998168945,1,0,0,0,0
1407,0,33,31.4941554115438,0,10.6664999723434,1,0,0,1,0
1408,1,47,16.1104718066743,0,21.1669998168945,1,0,0,0,0
1409,0,61,46.6519453861226,0,40.4169998168945,1,0,0,0,0
1410,1,55,11.0548523206751,0,7.25,0,0,1,1,1
1411,0,44,41.4269275028769,0,20.6669998168945,0,1,0,0,0
1412,0,24,13.2336018411968,0,3.16700005531311,0,1,0,0,1
1413,0,56,36.3394100902429,0,37.1669998168945,1,0,0,1,0
1414,0,60,14.3843498273878,0,22.625,0,1,0,1,0
1415,0,43,11.9677790563867,0,15,0,0,1,1,0
1416,0,42,17.9286536248562,0,23.5,0,0,1,1,0
1417,0,44,23.0149597238205,0,22.1669998168945,1,0,0,0,0
1418,0,37,25.8918296892981,0,8.70850002765656,1,0,0,0,0
1419,0,21,3.27963176064442,0,1.83350002765656,0,1,0,0,1
1420,1,54,46.029919447641,0,29.3330001831055,1,0,0,1,0
1421,1,40,10.3567318757192,0,4.875,0,1,0,1,0
1422,0,27,17.8365937859609,0,2.66649994254112,1,0,0,0,0
1423,0,64,10.3567318757192,0,24.4165000915527,0,1,0,1,0
1424,0,43,30.8737264587836,0,24,1,0,0,0,0
1425,1,42,19.2577675489068,0,20.9585000276566,1,0,0,1,0
1426,0,26,9.20598388952819,0,4.58300018310547,0,1,0,1,1
1427,0,33,23.590333716916,0,6.25,1,0,0,0,0
1428,0,52,15.1689507270635,0,27,0,1,0,0,1
1429,0,45,13.0418105101649,0,9.91699981689453,0,1,0,1,0
1430,0,31,13.2336018411968,0,9.25,0,1,0,0,0
1431,0,38,19.9866755496336,0,12.0419998168945,0,1,0,1,0
1432,0,51,6.39304436772791,0,26.7080001831055,0,1,0,0,0
1433,0,59,46.029919447641,0,31.3330001831055,1,0,0,0,0
1434,0,56,32.2209436133487,0,36.5,0,1,0,0,0
1435,0,20,8.34292289988493,1,1.16649997234345,0,0,1,0,1
1436,0,34,12.945914844649,0,6.54149997234345,0,1,0,0,0
1437,0,53,12.4280782508631,0,23.3745002746582,0,1,0,1,0
1438,0,60,26.9830562279275,0,39.1664999723434,0,1,0,1,0
1439,0,61,18.4119677790564,0,41.4169998168945,1,0,0,0,0
1440,0,61,26.4672036823936,0,29.75,1,0,0,0,0
1441,0,48,13.2336018411968,0,25.5830001831055,1,0,0,0,1
1442,0,43,29.4080040915484,0,14.4584999084473,0,0,1,1,0
1443,1,32,9.20598388952819,0,0.291500002145767,0,0,1,1,0
1444,1,58,18.2968929804373,0,21.7915000915527,0,1,0,1,0
1445,0,46,13.9733684037482,0,28.791500210762,0,0,1,0,0
1446,0,32,16.8978256919629,0,7.08349990844727,1,0,0,1,1
1447,1,32,18.7407529179681,0,6.16650021076202,0,1,0,1,0
1448,0,55,14.5357640360972,0,33.6669998168945,0,1,0,0,0
1449,0,24,12.8883774453395,0,0.75,0,1,0,0,1
1450,0,60,17.4913693901036,0,21.1665000915527,0,1,0,1,0
1451,0,41,23.0149597238205,0,14.3330001831055,1,0,0,0,0
1452,1,64,10.7479861910242,0,44.5830001831055,0,1,0,1,0
1453,0,43,23.927886459532,0,10.1254997253418,1,0,0,1,0
1454,0,54,31.2345881966135,0,11.5834999084473,1,0,0,1,0
1455,0,53,12.8883774453395,0,10.1665000915527,0,1,0,1,0
1456,0,28,14.108170310702,0,0.583000004291534,0,1,0,1,1
1457,0,50,17.1077867280399,0,31.9169998168945,0,1,0,1,0
1458,0,39,31.8668673099053,0,13.25,1,0,0,0,0
1459,0,52,41.8453813160372,0,25.1669998168945,1,0,0,0,0
1460,1,60,8.05523590333717,0,38.9995001554489,0,1,0,1,0
1461,0,39,20.7134637514384,0,6.95849990844727,0,1,0,1,0
1462,0,43,27.5056835723708,0,20.25,1,0,0,1,0
1463,0,52,30.771001150748,0,20.5,1,0,0,1,0
1464,1,49,19.7271083347033,0,20.8330001831055,1,0,0,1,0
1465,1,33,11.9184612855499,0,8.95849990844727,0,1,0,1,0
1466,0,27,9.20598388952819,0,7.25,0,0,1,0,0
1467,1,46,57.5373993095512,0,24.5,1,0,0,0,0
1468,0,27,9.20598388952819,1,4,0,0,1,0,0
1469,0,31,11.8561913728772,0,5.33350002765656,0,1,0,1,0
1470,0,27,16.1104718066743,0,4.91699981689453,0,1,0,0,0
1471,0,54,18.4119677790564,0,30.8334998190403,1,0,0,1,0
1472,0,55,57.5373993095512,0,16.0415000915527,1,0,0,1,0
1473,0,43,24.741081703107,0,20.6669998168945,1,0,0,0,0
1474,0,18,4.6029919447641,0,0,0,0,1,1,1
1475,1,21,16.496127888533,0,0.75,0,1,0,0,1
1476,0,28,14.3670886075949,0,3.29149994254112,0,0,1,0,0
1477,0,21,9.33038907722452,0,0.25,0,1,0,0,1
1478,0,62,21.1979892193083,0,41.25,0,0,1,0,0
1479,0,41,16.5235608273583,0,16.8330001831055,1,0,0,1,0
1480,0,21,19.5627157652474,0,0.416999995708466,0,1,0,0,0
1481,0,46,16.8776371308017,0,25.3330001831055,0,0,1,0,0
1482,1,31,10.6405830456463,0,8.12549981474876,0,1,0,0,1
1483,1,34,25.8918296892981,0,7.49950018525124,1,0,0,0,0
1484,0,32,13.8089758342923,0,9.41699981689453,0,1,0,0,0
1485,0,55,11.5074798619102,0,32.25,0,1,0,0,0
1486,1,49,98.6355416735164,0,22.25,1,0,0,0,0
1487,1,56,41.897931329783,0,26.75,1,0,0,0,0
1488,0,39,37.2842347525892,0,6.25049996376038,1,0,0,0,0
1489,1,59,21.7709078468572,0,31.2084999084473,0,1,0,1,0
1490,0,60,24.2262733934953,0,38.25,0,1,0,0,0
1491,0,22,6.90448791714615,0,1.04149997234345,0,1,0,0,0
1492,0,40,17.2612197928654,0,14.25,0,1,0,0,0
1493,0,52,14.3843498273878,0,21.8754998147488,0,1,0,0,0
1494,0,32,79.7054085155351,0,10,1,0,0,0,0
1495,1,34,12.1869691489945,0,17.6669998168945,0,0,1,0,0
1496,0,57,33.0471216547166,0,24.0834999084473,1,0,0,1,0
1497,0,54,10.2301495972382,0,24,0,1,0,1,0
1498,0,53,17.5640482102841,0,26.0830001831055,0,1,0,1,0
1499,0,61,9.35722505342759,0,39.4169998168945,0,1,0,1,0
1500,0,55,18.9873417721519,0,30,0,1,0,0,0
1501,0,47,40.4316860013063,0,22.3334999084473,1,0,0,0,0
1502,0,35,24.1657077100115,0,5.66649997234345,1,0,0,1,0
1503,0,36,27.9911672316736,0,15,0,1,0,0,0
1504,0,49,32.8719381883939,0,26.6669998168945,0,1,0,1,0
1505,0,32,34.5224395857307,0,9.08300018310547,1,0,0,0,0
1506,0,50,17.0968272234095,0,22.625,1,0,0,1,1
1507,0,50,16.7655129680446,0,25.3330001831055,1,0,0,0,0
1508,0,53,59.1681735985534,0,17,1,0,0,0,0
1509,0,53,8.63060989643268,0,7.33349990844727,1,0,0,1,0
1510,0,18,32.2209436133487,1,0.5,0,0,1,0,1
1511,1,64,18.660778154449,0,39.75,1,0,0,0,0
1512,0,54,9.20598388952819,0,23.5415000915527,0,1,0,1,0
1513,0,57,16.1104718066743,0,37.5,1,0,0,0,0
1514,0,38,18.4119677790564,0,1.75050005316734,0,1,0,1,0
1515,1,30,12.6582278481013,0,12.25,0,1,0,0,0
1516,0,20,2.30149597238205,1,0.791999995708466,0,0,1,0,0
1517,1,55,24.2262733934953,0,34,0,1,0,0,0
1518,0,33,6.2469176393227,0,5.5,0,1,0,0,0
1519,0,44,21.2445782066035,0,14.0834999084473,0,1,0,1,0
1520,1,51,20.0643238617922,0,30,0,1,0,1,0
1521,0,38,21.8642117376295,0,16.1669998168945,0,1,0,0,0
1522,1,41,16.3406214039125,0,14.6665000915527,0,1,0,1,0
1523,0,59,36.8239355581128,0,35.0830001831055,0,1,0,0,0
1524,1,32,19.1791331031837,0,5,1,0,0,0,0
1525,0,50,1.5343306482547,1,13.625,1,0,0,1,0
1526,0,60,16.6858457997699,0,39.1669998168945,0,1,0,0,0
1527,0,19,2.30149597238205,0,0,0,1,0,0,1
1528,0,43,16.8186244135611,0,20.0830001831055,0,1,0,0,1
1529,1,40,28.3261042754714,0,10.8330001831055,1,0,0,0,0
1530,0,52,18.4119677790564,0,14.25,1,0,0,1,0
1531,0,59,8.63060989643268,0,16.6665000915527,0,1,0,1,0
1532,0,29,17.7038151721696,0,3.25,0,1,0,0,0
1533,0,40,28.4388185654008,0,21.4169998168945,0,1,0,0,0
1534,0,23,4.14269275028769,0,0.416999995708466,0,0,1,1,1
1535,0,22,10.9321058688147,0,0.166999995708466,0,0,1,0,1
1536,0,55,13.8089758342923,0,35.25,0,1,0,0,0
1537,1,30,20.7134637514384,0,4.41699981689453,1,0,0,0,0
1538,0,58,6.90448791714615,0,14.6665000915527,0,1,0,1,0
1539,0,64,25.5322209436134,0,36.1669998168945,1,0,0,0,0
1540,0,43,27.5976443511812,0,8.125,0,1,0,1,0
1541,0,42,48.331415420023,0,17.25,1,0,0,0,0
1542,1,49,15.343306482547,0,16.5834999084473,0,1,0,0,0
1543,0,42,13.8089758342923,0,16.875,0,1,0,1,0
1544,0,64,55.2359033371692,0,43,1,0,0,0,0
1545,0,23,9.71742743894643,1,2.04149997234344,0,1,0,0,0
1546,0,37,15.9539700805524,0,4.83349990844727,0,1,0,1,0
1547,0,63,11.5074798619102,0,44.75,1,0,0,0,0
1548,1,31,19.1791331031837,0,10.0835000276566,0,1,0,0,0
1549,0,56,20.1380897583429,0,33.25,0,1,0,1,0
1550,1,34,18.4119677790564,0,5.83300018310547,1,0,0,1,0
1551,0,50,18.9873417721519,0,30.75,0,1,0,0,0
1552,0,54,19.1791331031837,0,32.6669998168945,1,0,0,0,0
1553,1,20,4.02761795166859,0,0,0,1,0,0,1
1554,0,27,17.113687999764,0,3.66700005531311,0,1,0,1,0
1555,0,43,10.9018230270729,0,14.7084999084473,0,1,0,1,0
1556,1,55,13.8089758342923,0,34.1664999723434,1,0,0,0,0
1557,0,57,59.8388952819333,0,30.4169998168945,1,0,0,0,0
1558,0,34,16.7950193266649,0,14.9584999084473,0,1,0,0,1
1559,0,51,46.029919447641,0,14.7084999084473,1,0,0,1,0
1560,0,34,15.343306482547,0,13.5419998168945,0,1,0,1,0
1561,1,32,8.74568469505178,0,3.95799994468689,0,1,0,1,1
1562,0,20,10.126582278481,0,1.29149997234345,0,0,1,1,0
1563,0,28,19.7319434102755,0,2.375,1,0,0,1,0
1564,0,53,18.8840695169809,0,17.375,0,1,0,1,0
1565,1,46,20.1380897583429,0,23.1669998168945,0,1,0,0,0
1566,1,62,7.44150364403529,1,20.3334999084473,0,1,0,1,0
1567,0,49,3.62485615650173,1,11.125,0,1,0,1,0
1568,0,45,18.9873417721519,0,23,0,1,0,1,0
1569,0,27,21.288837744534,0,2.58299994468689,0,0,1,0,0
1570,1,54,40.8262931881333,0,32.1669998168945,1,0,0,0,0
1571,0,53,26.5557227582544,0,29.6669998168945,0,1,0,0,0
1572,0,47,11.0471806674338,0,20.125,0,1,0,1,1
1573,0,56,7.6716532412735,1,25.1665000915527,0,1,0,1,0
1574,0,33,14.3843498273878,0,5.20799994468689,1,0,0,1,1
1575,0,51,13.2336018411968,0,14.9169998168945,0,0,1,1,0
1576,1,60,10.7403145377829,0,38,1,0,0,1,0
1577,0,38,7.82508630609897,0,17.7085000276566,0,0,1,0,1
1578,0,38,25.0287686996548,0,18.3330001831055,1,0,0,1,0
1579,0,58,8.45799769850403,0,19.0834999084473,0,0,1,1,0
1580,1,56,12.4913693901036,0,32.9169998168945,0,1,0,0,0
1581,0,43,23.0149597238205,0,11.1665000915527,1,0,0,1,0
1582,0,25,5.68980948727784,0,2,0,1,0,0,1
1583,1,52,17.2612197928654,0,22.3334999084473,1,0,0,1,0
1584,0,49,29.6637258662575,0,18.0830001831055,1,0,0,0,0
1586,0,60,17.6208285385501,0,18.7915000915527,1,0,0,1,0
1587,0,39,16.3661935813835,0,17.5,0,1,0,0,0
1588,0,46,32.8785138911721,0,21,1,0,0,0,0
1589,0,39,17.2612197928654,0,18.4169998168945,0,1,0,0,0
1590,0,47,30.4948216340621,0,21.3330001831055,1,0,0,0,0
1591,1,23,7.56425009589567,0,0.708500027656555,0,0,1,0,1
1592,0,28,13.8089758342923,1,2.875,1,0,0,1,1
1593,1,57,8.05523590333717,1,9.70850002765656,1,0,0,1,0
1594,1,49,10.5211244451751,0,20.625,0,1,0,1,0
1595,0,47,33.9470655926352,0,23.25,1,0,0,0,0
1596,0,54,69.0448791714615,0,29.375,1,0,0,1,0
1597,0,47,12.4664365170694,0,22.3330001831055,0,1,0,0,0
1598,0,33,9.20598388952819,1,6.75,0,1,0,1,0
1599,0,57,19.7928653624856,0,30.5,0,1,0,0,0
1600,0,49,13.9624088991178,0,6.08299994468689,0,1,0,1,0
1601,0,28,19.5627157652474,0,4.33300018310547,0,1,0,1,0
1602,0,46,30.183553736158,0,16.8330001831055,1,0,0,0,0
1603,0,54,27.5166858457998,0,21.8334999084473,0,1,0,1,0
1604,0,26,12.0828538550058,0,2.16700005531311,0,1,0,1,0
1605,0,44,13.8089758342923,0,2.79150009155273,0,0,1,1,0
1606,0,27,15.4745321300951,0,7.5,0,1,0,0,0
1607,1,32,30.1386377335744,0,5.24950018525124,1,0,0,0,1
1608,1,48,15.343306482547,0,16.25,0,1,0,1,0
1609,1,48,13.0418105101649,0,14.7915000915527,0,1,0,0,0
1610,0,32,15.5350978135788,0,9.25,0,1,0,0,0
1611,0,39,18.4119677790564,0,16.0830001831055,0,1,0,0,0
1612,0,46,76.716532412735,0,21.25,1,0,0,1,0
1613,1,32,16.6219153560926,0,2.25,0,1,0,0,0
1614,1,61,23.0149597238205,0,37.1669998168945,1,0,0,1,0
1615,0,24,11.795166858458,1,0.25,1,0,0,1,1
1616,0,34,28.7686996547756,0,1,1,0,0,1,0
1617,1,57,7.76754890678941,0,34.5,0,1,0,1,0
1618,1,57,22.3123977954091,0,36.5830001831055,1,0,0,1,0
1619,0,49,19.9462984273111,0,22.8334999084473,0,1,0,1,0
1620,0,52,17.5640482102841,0,34.4169998168945,0,1,0,0,0
1621,0,61,10.8305692817979,0,21.0834999084473,0,1,0,1,0
1622,0,39,26.4672036823936,0,12,0,0,1,1,0
1623,0,56,5.29344073647871,1,17.3334999084473,0,1,0,1,0
1625,1,63,12.9139496228104,0,44,1,0,0,0,0
1626,1,20,9.95241501570616,0,1.66649997234345,0,0,1,1,1
1627,1,51,18.1697050451214,0,32.0830001831055,1,0,0,0,0
1628,0,53,9.20598388952819,0,13.8334999084473,1,0,0,1,0
1629,0,43,24.9328730341389,0,14.2915000915527,0,1,0,1,0
1630,0,55,15.5350978135788,0,33,0,1,0,0,0
1631,0,21,4.86766398158803,0,0.833499997854233,0,1,0,1,1
1632,1,49,14.3843498273878,0,29.3330001831055,0,1,0,0,0
1633,0,63,21.7709078468572,0,35.3330001831055,1,0,0,1,0
1634,0,35,4.6029919447641,0,3.20850002765656,1,0,0,0,0
1635,0,29,18.9873417721519,0,2.08349996805191,1,0,0,1,0
1636,0,57,34.5224395857307,0,32,0,1,0,0,0
1637,0,56,19.5627157652474,0,35.5,0,1,0,0,0
1638,0,35,36.4403528960491,0,14.75,1,0,0,1,0
1639,0,24,24.2935685973661,0,3.04149994254112,0,1,0,0,0
1640,0,45,24.3210586881473,0,8.41699981689453,0,1,0,1,0
1641,1,29,7.47986191024166,0,2.04149997234344,1,0,0,0,1
1642,0,18,4.86854917234664,0,0,0,0,1,0,1
1643,1,50,31.0701956271577,0,25.5,1,0,0,1,0
1644,0,44,17.5489067894131,0,16.625,0,1,0,1,0
1645,0,35,48.4525467869905,0,11.6669998168945,1,0,0,0,0
1646,1,58,3.45224395857307,0,34.25,1,0,0,1,0
1647,0,45,11.836265000822,0,12.3329999446869,0,1,0,1,0
1648,1,54,18.1329985702828,0,34.75,1,0,0,1,0
1649,0,54,43.1530494821634,0,27.9169998168945,1,0,0,0,0
1650,0,49,12.1131366967476,0,13.6245002746582,0,1,0,1,0
1651,0,22,7.87353885288596,0,0,0,1,0,1,1
1652,1,63,22.3599185624502,0,28.6254997253418,1,0,0,1,1
1653,0,29,16.1104718066743,0,2.95850002765656,1,0,0,1,0
1654,1,54,10.3567318757192,0,19.6254998445511,0,1,0,0,0
1655,1,47,15.0172612197929,0,31.25,0,0,1,0,0
1656,0,59,36.2485615650173,0,30.25,1,0,0,0,0
1657,0,56,13.8089758342923,0,26.625,0,1,0,1,0
1658,0,45,32.1250479478328,0,22,1,0,0,1,0
1659,0,18,3.85500575373993,0,0,0,0,1,0,1
1660,1,45,10.0072454502834,0,9.83350014686584,0,1,0,1,1
1661,0,61,17.2612197928654,0,35.0004998445511,0,1,0,0,0
1662,0,42,13.8089758342923,0,0.708500027656555,0,0,1,1,1
1663,0,59,18.7753618799588,0,38.25,0,1,0,0,0
1664,0,40,11.5074798619102,0,9.95849990844727,1,0,0,1,0
1665,0,42,5.75373993095512,0,1.375,1,0,0,0,0
1666,1,60,15.1414208709345,0,33.0830001831055,1,0,0,1,0
1667,0,61,19.4741966893866,0,42.25,1,0,0,0,0
1668,0,52,23.0149597238205,0,30,0,1,0,0,0
1669,0,54,20.7134637514384,0,38,0,1,0,1,0
1670,1,56,16.4392569455861,0,17.7084999084473,1,0,0,1,0
1671,1,58,15.8227848101266,0,39.625,0,1,0,1,0
1672,0,51,28.1293952180028,0,17.1665000915527,0,1,0,1,0
1673,0,51,51.6951403027353,0,28.4169998168945,1,0,0,1,0
1674,1,55,9.21694339415859,0,29,0,1,0,0,0
1675,0,27,7.66761552904125,0,3.83350014686585,1,0,0,1,0
1676,0,39,36.1663652802893,0,9.41699981689453,1,0,0,0,1
1677,0,48,23.590333716916,0,26.6669998168945,0,1,0,0,0
1678,1,35,9.20598388952819,0,5.95800018310547,0,0,1,0,0
1679,0,44,13.8089758342923,0,23.3330001831055,0,1,0,0,0
1680,0,52,23.0149597238205,0,18.6665000915527,0,1,0,1,0
1681,1,37,20.7134637514384,0,6.25049996376038,1,0,0,1,1
1682,0,36,19.7271083347033,0,16.0830001831055,0,1,0,0,0
1683,0,23,90.6789413118527,0,4.41650000214577,0,0,1,0,1
1684,0,46,12.7100115074799,0,1,0,0,1,0,1
1685,0,34,21.8347053790092,0,8.66699981689453,1,0,0,1,0
1686,0,44,4.31530494821634,0,15,0,0,1,0,1
1687,0,25,9.41521079610838,0,2.625,0,1,0,0,0
1688,0,29,32.6658995013425,0,5.45849999785423,0,1,0,0,0
1689,0,39,37.3993095512083,0,18,1,0,0,0,0
1690,0,38,47.180667433832,0,9.54199981689453,1,0,0,0,0
1691,0,40,11.836265000822,0,15.25,0,1,0,0,0
1692,0,36,27.2545575676822,0,13.0414999723434,1,0,0,0,0
1693,0,28,7.56936453138985,0,1.5,1,0,0,1,0
1694,0,50,27.6179516685846,0,29.4169998168945,0,1,0,0,0
1695,0,48,19.1791331031837,0,11.3334999084473,0,1,0,1,0
1696,0,51,23.0149597238205,0,28.8330001831055,0,1,0,0,0
1697,0,32,10.9321058688147,0,5,0,0,1,0,1
1698,0,19,6.0126582278481,0,0,0,0,1,0,1
1699,1,43,9.42334739803094,0,13.2084999084473,0,1,0,1,0
1700,1,54,8.21962847279303,0,20.3754998147488,0,1,0,0,0
1701,1,51,25.3164556962025,0,33,0,0,1,0,0
1702,0,49,13.0264672036824,0,22.4584999084473,0,1,0,1,0
1703,1,44,18.8840695169809,0,14.25,1,0,0,1,0
1704,0,19,6.90448791714615,0,0.375,0,1,0,0,1
1705,0,48,24.1657077100115,0,21.0415000915527,1,0,0,1,0
1706,0,48,13.5212888377445,0,30.9165000915527,0,0,1,0,1
1707,0,37,30.2828417418691,0,13.416500210762,0,1,0,0,1
1708,0,40,19.4476409666283,0,14.75,0,1,0,0,0
1709,0,52,56.3521288837745,0,23.75,1,0,0,1,0
1710,0,48,24.8810375392654,0,27.5830001831055,0,1,0,1,0
1711,0,34,29.3440736478711,0,10.8754997253418,1,0,0,1,1
1712,0,59,9.78135788262371,0,20.5834999084473,0,1,0,1,0
1713,1,59,25.8918296892981,0,39.6669998168945,1,0,0,1,0
1714,0,55,45.4545454545455,0,28.25,1,0,0,0,0
1715,1,38,5.31114455165088,0,9.58300018310547,0,0,1,0,0
1716,0,57,22.129768965212,0,20.7084999084473,0,1,0,1,0
1717,0,56,10.3567318757192,0,16.7919998168945,0,1,0,1,0
1718,0,21,71.921749136939,0,0.666499972343445,0,1,0,0,0
1719,0,54,22.3360184119678,0,20.2084999084473,0,1,0,1,1
1720,0,27,12.9344073647871,0,2.91700005531311,0,0,1,0,1
1721,0,52,33.3716915995397,0,28.75,0,1,0,0,0
1722,0,24,4.9482163406214,0,1,0,0,1,0,1
1723,1,33,4.02761795166859,0,5.08300018310547,0,1,0,1,1
1724,0,44,18.8840695169809,0,22.4169998168945,0,0,1,0,0
1725,0,24,12.0828538550058,0,1.75,0,1,0,0,1
1726,0,50,12.4280782508631,0,18,0,1,0,1,1
1727,1,64,11.7376294591484,0,18.9165000915527,0,1,0,1,0
1728,0,57,15.0364403528961,0,14.7084999084473,0,1,0,1,0
1729,1,33,4.57422324510932,1,0.874499976634979,0,1,0,1,0
1730,0,39,43.1530494821634,0,9.33300018310547,1,0,0,0,0
1731,0,47,13.8089758342923,0,12.9584999084473,1,0,0,1,0
1732,0,49,29.0715280721943,0,30.5,0,1,0,0,0
1733,0,41,13.2336018411968,0,22.6669998168945,0,1,0,0,0
1734,1,58,18.6360608079462,0,32.3330001831055,0,1,0,1,0
1735,0,60,11.277330264672,0,20,0,0,1,1,0
1736,0,49,31.2767401374996,0,23.9165000915527,1,0,0,0,1
1737,0,45,9.20598388952819,0,19.9584999084473,0,1,0,1,0
1738,0,55,17.7543975012329,0,9.625,0,1,0,1,0
1739,1,54,19.1791331031837,0,34,0,1,0,0,0
1740,0,21,23.0149597238205,0,0,0,0,1,0,0
1741,0,51,29.5063586202827,0,25.2495001554489,0,1,0,0,0
1742,0,30,22.439585730725,0,10.3330001831055,1,0,0,0,0
1743,0,52,18.61830879727,0,23.5,0,1,0,1,0
1744,0,22,23.0149597238205,0,2.54200005531311,0,1,0,1,0
1745,0,54,8.43881856540084,0,29.5,0,1,0,1,0
1746,0,22,13.2336018411968,0,4.41700005531311,0,0,1,0,1
1747,0,50,29.7424094892449,0,27,1,0,0,1,0
1748,1,37,12.4280782508631,0,14.2915000915527,0,1,0,0,0
1749,1,52,7.6716532412735,0,26.9169998168945,0,1,0,0,0
1750,1,26,19.5627157652474,0,1.20850002765656,0,1,0,0,1
1751,0,46,16.8776371308017,0,10.5834999084473,0,1,0,1,0
1752,0,54,8.72145842165829,0,15.375,1,0,0,1,0
1753,0,59,24.8319302283326,0,34.374500181526,1,0,0,0,0
1754,0,53,16.7680420844978,0,16.3754997253418,0,1,0,1,0
1755,1,28,11.5074798619102,0,3.74949994683266,0,1,0,1,0
1756,0,53,22.9228998849252,0,35.25,0,1,0,0,0
1757,0,49,27.6179516685846,0,18.083499789238,1,0,0,0,0
1758,0,25,4.17146144994246,0,0,1,0,0,0,1
1759,1,62,10.9321058688147,0,33,1,0,0,0,0
1760,1,31,22.129768965212,0,8.08300018310547,1,0,0,1,0
1761,0,30,10.3567318757192,0,7.66699981689453,0,1,0,0,0
1762,1,59,13.8089758342923,0,39.3330001831055,1,0,0,0,0
1763,1,49,54.7975231519535,0,14.5,1,0,0,1,0
1764,1,29,23.0149597238205,0,8.5,0,1,0,0,0
1765,1,50,54.8818270337258,0,24.25,1,0,0,0,0
1766,1,52,11.5074798619102,0,27.9169998168945,0,1,0,0,0
1767,0,33,11.3720977458878,0,3.25,0,1,0,1,1
1768,0,53,8.47717683160721,1,16.0835000276566,0,1,0,1,0
1769,0,53,28.275521946408,0,35.6669998168945,0,0,1,0,0
1770,0,52,17.4596246180707,0,11.625,0,1,0,1,0
1771,0,44,11.2334922461505,0,21,0,0,1,0,0
1772,1,54,17.2612197928654,0,36.5830001831055,1,0,0,0,0
1773,1,54,11.9677790563867,0,31.1669998168945,1,0,0,0,0
1774,0,48,21.0970464135021,0,31.1669998168945,0,1,0,0,0
1775,0,37,14.2692750287687,1,12.0415000915527,0,1,0,1,0
1776,1,33,24.2262733934953,0,11,0,1,0,0,1
1777,1,49,47.9478327579593,0,22.25,1,0,0,0,0
1778,1,58,16.1726744005225,0,35.75,0,1,0,0,0
1779,0,44,27.6179516685846,0,13.125,1,0,0,1,0
1780,0,58,28.9873417721519,0,22.9165000915527,1,0,0,1,0
1781,0,49,57.5373993095512,0,16.9165000915527,1,0,0,1,0
1782,0,51,28.4810126582279,0,24.75,1,0,0,1,0
1783,0,52,16.494054468738,1,7.08349990844727,1,0,0,1,0
1784,0,47,230.149597238205,0,20,1,0,0,0,0
1785,0,60,18.8304215922168,0,39.0830001831055,0,1,0,0,0
1786,0,47,25.8918296892981,0,14.75,0,1,0,1,0
1787,0,33,9.41521079610838,0,6.29149997234345,0,0,1,1,0
1788,0,35,13.8089758342923,0,6.33299994468689,0,1,0,0,0
1789,0,56,33.4763050528298,0,35,0,1,0,0,0
1790,0,60,36.5878846891505,0,28.875,1,0,0,0,0
1791,0,29,15.1414208709345,0,6,0,1,0,0,0
1792,0,50,23.0149597238205,0,5.33349990844727,1,0,0,1,0
1793,0,38,12.0828538550058,0,13.125,1,0,0,1,0
1794,0,49,23.0149597238205,0,30.9169998168945,0,1,0,1,0
1795,0,50,13.8977478217985,0,32.9169998168945,0,0,1,0,0
1796,1,54,26.114307633295,0,27.5,1,0,0,1,0
1797,0,49,36.8239355581128,0,7.9995002746582,1,0,0,1,1
1798,0,53,35.8745684695052,0,16.9165000915527,0,1,0,1,0
1799,1,39,13.8089758342923,0,14,1,0,0,0,0
1800,1,56,12.6582278481013,0,33.3330001831055,0,0,1,0,0
1801,1,32,10.2288709883647,0,6.33349990844727,0,0,1,1,0
1802,0,51,51.1443549418233,0,22.5830001831055,1,0,0,0,0
1803,0,53,63.2911392405063,0,26,1,0,0,0,0
1804,1,38,35.6731875719218,0,8.12549981474876,1,0,0,1,1
1805,0,29,10.5989946096542,0,7.58300018310547,0,1,0,0,0
1806,0,47,54.249547920434,0,23.3330001831055,0,1,0,0,0
1807,0,63,25.3164556962025,0,41,1,0,0,0,0
1808,1,40,11.5074798619102,0,14.75,0,1,0,0,1
1809,1,28,11.5074798619102,0,9.16699981689453,1,0,0,0,0
1810,1,57,14.645883460613,0,33.3330001831055,1,0,0,0,0
1811,0,22,6.32911392405063,0,1.2495000064373,0,0,1,0,1
1812,0,18,6.90448791714615,0,0.208499997854233,0,1,0,0,1
1813,0,34,34.5224395857307,0,4.625,1,0,0,1,1
1814,0,46,9.97314921365554,0,26.6669998168945,0,0,1,0,0
1815,1,51,20.8230587977423,0,33.5830001831055,0,1,0,0,1
1816,1,40,16.1104718066743,0,18.6669998168945,0,1,0,0,0
1817,1,25,8.6114307633295,1,2.25,1,0,0,1,0
1818,0,42,21.6998191681736,0,6.29150009155273,1,0,0,1,0
1819,0,39,35.0978135788262,0,9.41699981689453,1,0,0,0,0
1820,0,55,29.0715280721943,0,23.2084998190403,0,1,0,0,0
1821,0,30,23.3100233100233,0,7.16650009155273,1,0,0,0,0
1822,0,33,21.8036460541457,0,14.5830001831055,0,1,0,0,0
1823,0,56,18.4119677790564,0,39.5834999084473,0,1,0,0,0
1824,0,25,17.113687999764,0,3.50050008296967,0,1,0,1,0
1825,0,61,24.2262733934953,0,36.25,0,1,0,0,0
1826,0,37,29.1897050155772,0,10.0415000915527,1,0,0,1,1
1827,0,21,5.29344073647871,0,0.416999995708466,0,1,0,0,1
1828,0,36,17.2612197928654,0,9.8754997253418,0,1,0,1,0
1829,0,27,18.9873417721519,0,8.41699981689453,0,1,0,0,0
1830,0,33,11.1786947229985,0,9.04149999842048,0,0,1,0,0
1831,0,52,40.2761795166859,0,23.625,1,0,0,0,0
1832,1,39,10.7403145377829,0,11.875,0,1,0,1,0
1833,0,52,22.6313770617568,0,14.1254998445511,0,1,0,1,0
1834,1,31,15.1241163899392,0,2.75,1,0,0,0,0
1835,1,31,25.3164556962025,0,10.75,1,0,0,0,0
1836,0,20,11.2197928653625,0,1.5,0,1,0,1,0
1837,0,64,16.4392569455861,0,19.5834999084473,0,0,1,1,0
1838,0,31,19.7271083347033,0,7.75,0,1,0,0,0
1839,1,57,7.82508630609897,0,40,0,1,0,0,0
1840,0,53,27.1458499306601,0,26.5830001831055,1,0,0,1,0
1841,0,28,4.77560414269275,0,5,0,1,0,0,1
1842,0,34,34.4150364403529,0,5.54200005531311,1,0,0,1,1
1843,0,31,23.56293495534,0,12.25,1,0,0,0,1
1844,0,62,38.1818181818182,0,36.1669998168945,1,0,0,0,0
1845,0,47,17.2612197928654,0,15.3334999084473,0,1,0,1,0
1846,0,47,10.2288709883647,0,27.7084999084473,0,1,0,0,0
1847,0,35,11.1238971998466,0,4.45849990844727,0,1,0,1,0
1848,1,59,40.2761795166859,0,35.5830001831055,1,0,0,1,0
1849,0,40,17.2612197928654,0,14.1669998168945,1,0,0,0,0
1850,0,63,10.9018230270729,0,23.25,0,1,0,1,0
1851,1,50,69.0448791714615,0,25,0,1,0,0,0
1852,1,29,18.4119677790564,0,8.66699981689453,0,1,0,0,0
1853,0,24,11.2652171279753,0,0.666999995708466,0,1,0,1,0
1854,0,22,9.95241501570616,0,1.41699999570847,0,0,1,0,1
1855,0,33,17.4015549131326,0,8,1,0,0,0,0
1856,1,62,62.4059484818979,0,36.0004997253418,1,0,0,0,0
1857,0,50,11.5074798619102,0,29,0,1,0,0,0
1858,1,49,46.029919447641,0,22.8330001831055,1,0,0,0,0
1859,0,58,27.6179516685846,0,33.5830001831055,1,0,0,0,0
1860,0,53,20.1380897583429,0,32.3330001831055,0,1,0,1,0
1861,0,40,8.97583429228999,0,11,0,1,0,0,1
1862,1,38,12.1295058003919,0,6.91650009155273,0,1,0,1,0
1863,0,56,7.6716532412735,0,17,0,1,0,1,0
1864,1,34,16.8776371308017,0,11.4169998168945,0,0,1,0,1
1865,0,60,21.1354046797085,0,25.1665000915527,0,1,0,1,0
1866,1,62,25.8918296892981,0,28.5,1,0,0,0,0
1867,0,50,31.62639048715,0,29.75,0,1,0,0,0
1868,0,32,11.5074798619102,0,4.58349990844727,1,0,0,1,0
1869,0,47,75.2412144817208,0,23.0004998445511,0,1,0,0,0
1870,0,39,23.0149597238205,0,10.5835000276566,1,0,0,1,0
1871,0,46,16.5707710011508,0,14.7084999084473,1,0,0,1,0
1872,0,58,21.3144099220049,0,28.9169998168945,0,1,0,1,0
1873,0,36,11.277330264672,0,3.00049990415573,1,0,0,1,0
1874,0,58,17.0968272234095,0,20.8745002746582,0,1,0,1,0
1875,0,61,16.9466820099731,0,37.5,1,0,0,1,0
1876,1,49,12.7860887354558,0,28.8330001831055,0,1,0,1,0
1877,0,44,10.9595046303907,0,22.4995002746582,0,1,0,1,0
1878,0,51,25.3164556962025,0,9.625,1,0,0,1,0
1879,0,47,20.9226906580186,0,18.125,1,0,0,1,0
1880,0,53,28.078250863061,0,10.7079999446869,1,0,0,1,0
1881,0,45,13.3244503664224,0,14.5830001831055,0,1,0,0,0
1882,1,59,35.4076303443392,0,27.3330001831055,1,0,0,0,0
1883,0,42,13.8089758342923,0,23,0,1,0,0,0
1884,1,30,9.20598388952819,0,7.66649997234345,0,1,0,1,0
1885,0,40,9.20598388952819,0,19.4165000021458,0,0,1,0,0
1886,0,34,29.3440736478711,0,5.24950003623962,1,0,0,0,0
1887,0,64,18.4119677790564,0,27.6245001554489,1,0,0,0,0
1888,0,63,13.0418105101649,0,36.25,1,0,0,1,0
1889,0,51,24.1657077100115,0,29.3330001831055,1,0,0,1,0
1890,0,60,22.4248325514148,0,39.6669998168945,0,1,0,0,0
1891,0,19,6.00749461508955,0,0,0,1,0,0,1
1892,0,58,36.7025839522963,0,34.5,1,0,0,0,0
1893,0,30,24.4533947065593,0,4.41699981689453,1,0,0,0,0
1894,1,40,28.4658712373569,0,15.3330001831055,0,1,0,1,0
1895,1,37,0.912926735711546,1,0.541499972343445,0,1,0,1,1
1896,1,50,22.6121979286536,0,23.0830001831055,1,0,0,0,0
1897,0,43,9.20598388952819,0,13.5419998168945,0,0,1,0,0
1898,0,29,24.7912425127615,0,9.41699981689453,1,0,0,0,0
1899,0,47,9.6662830840046,0,12.6665000915527,0,1,0,1,0
1900,1,42,23.8834487700024,0,23,1,0,0,0,0
1901,0,20,3.96368750799131,0,0,0,1,0,0,1
1902,0,34,24.1376406859581,0,9.58300018310547,1,0,0,1,0
1903,0,40,6.47295742232451,0,4,0,1,0,1,0
1904,0,38,12.0828538550058,0,4.91649997234345,0,1,0,1,0
1905,0,48,47.2412331173157,0,19.8754998147488,1,0,0,0,0
1906,0,50,14.3065965850776,0,24.5830001831055,0,1,0,1,0
1907,0,53,74.7986191024166,0,30.5,1,0,0,0,0
1908,0,53,23.6918703039329,0,25.0830001831055,0,1,0,1,0
1909,0,28,26.0671817633843,0,8.66699981689453,1,0,0,0,0
1910,0,30,10.3567318757192,0,4.41650009155273,0,1,0,1,0
1911,0,58,18.4119677790564,0,35.4169998168945,0,1,0,0,0
1912,0,56,9.03337169159954,0,30.3330001831055,0,1,0,0,1
1913,0,27,11.7497425958452,0,1.95850002765656,1,0,0,0,1
1914,0,24,4.02761795166859,0,0.25,1,0,0,1,1
1915,0,43,16.5707710011508,0,22.625,1,0,0,0,0
1916,0,41,12.6582278481013,0,8,0,0,1,0,0
1917,0,39,13.9301072012598,0,11,1,0,0,0,1
1918,0,50,35.2013808975834,0,4.66649985313416,0,1,0,1,0
1919,0,38,10.9321058688147,0,15.6669998168945,0,0,1,0,0
1920,0,41,15.3981040056989,0,21.25,0,1,0,0,0
1921,0,22,8.05523590333717,0,0.875,0,0,1,1,1
1922,1,62,23.3904669614197,0,37.3330001831055,1,0,0,1,0
1923,0,58,12.3926706205187,0,37.3330001831055,0,1,0,0,0
1924,0,46,21.7309672339652,0,26.4995001852512,0,1,0,0,0
1925,0,64,22.7121313064018,0,35.5830001831055,0,1,0,1,0
1926,0,57,11.5074798619102,0,14.9584999084473,0,1,0,1,0
1927,0,58,27.2545575676822,0,35.5830001831055,0,1,0,0,0
1928,0,40,138.089758342923,0,20.5830001831055,0,1,0,0,0
1929,0,35,9.97314921365554,0,13.5414999723434,0,0,1,0,1
1930,0,55,19.2174913693901,0,17.0834999084473,0,1,0,1,0
1931,0,30,33.1990794016111,0,6.91650021076202,1,0,0,1,0
1932,0,25,11.795166858458,0,6.25,0,0,1,0,0
1933,1,47,9.6662830840046,0,23,1,0,0,0,0
1934,1,54,2.30149597238205,1,24.3754997253418,0,1,0,0,0
1935,1,59,56.6168009205984,0,35.5,1,0,0,0,0
1936,0,50,13.2336018411968,0,26.0415000021458,0,1,0,0,1
1937,0,36,14.9597238204833,0,7.70849981531501,0,0,1,0,0
1938,1,54,13.57292496533,0,36.1669998168945,0,1,0,0,0
1939,0,48,22.0560030686613,0,24.5415000915527,0,1,0,1,0
1940,0,39,34.5224395857307,0,17,1,0,0,1,0
1941,0,61,9.38768093997941,0,24.2919998168945,0,0,1,1,0
1942,0,35,12.4405187696327,0,5.99950018525124,1,0,0,1,0
1943,0,62,39.4542166694066,0,42,1,0,0,0,0
1944,0,43,23.0149597238205,0,14.1669998168945,1,0,0,1,0
1945,0,19,25.43758706317,0,0.75,0,1,0,0,0
1946,1,57,12.3294427091896,0,25.25,1,0,0,1,0
1947,1,41,6.90448791714615,0,18.4169998168945,1,0,0,0,0
1948,0,39,18.9873417721519,0,7.16650009155273,0,1,0,1,0
1949,1,60,43.1530494821634,0,32.9580001831055,1,0,0,1,0
1950,0,31,10.9321058688147,0,4.54150009155273,0,1,0,1,0
1951,0,62,28.1111293769522,0,33.3330001831055,0,1,0,1,0
1952,0,58,28.275521946408,0,38,0,1,0,0,0
1953,0,52,9.50006393044368,0,17.25,0,1,0,1,1
1954,1,21,2.5891829689298,0,0.25,0,0,1,0,0
1955,0,49,26.944343091302,0,34.4580001831055,0,1,0,0,0
1956,0,43,19.5627157652474,0,12.25,0,1,0,1,0
1957,0,48,50.6329113924051,0,25.9169998168945,0,1,0,0,0
1958,0,50,18.1697050451214,0,14.6665000915527,0,1,0,1,0
1959,0,60,8.40046029919448,1,25.0830001831055,0,1,0,1,0
1960,0,19,6.57570277823442,1,0.291500002145767,0,1,0,1,1
1961,0,46,146.45883460613,0,21.25,1,0,0,0,0
1962,0,52,23.0149597238205,0,23.8754998147488,1,0,0,0,0
1963,1,22,4.02761795166859,0,0.458499997854233,0,0,1,0,1
1964,0,60,9.78135788262371,1,11.5,0,1,0,1,0
1965,0,64,46.029919447641,0,38.75,1,0,0,0,0
1966,1,29,16.9044879171462,0,7.29150009155273,1,0,0,1,1
1967,1,44,28.8572187306365,0,17.4169998168945,1,0,0,0,0
1968,0,37,25.8918296892981,0,13,0,1,0,0,0
1969,0,43,24.8780755109869,0,19.25,0,1,0,0,0
1970,0,32,28.7686996547756,0,5.66699981689453,1,0,0,0,0
1971,0,22,7.46774877354491,0,0,0,0,1,1,1
1972,1,63,10.053352861178,0,32.25,0,1,0,0,0
1973,1,58,15.8036056770234,0,31.1669998168945,1,0,0,1,0
1974,0,22,14.8385924535158,0,2.08299994468689,0,1,0,1,1
1975,0,51,3.86651323360184,1,7.875,0,1,0,1,0
1976,0,23,17.7038151721696,0,2.33299994468689,0,0,1,0,0
1977,0,47,9.58956655159187,0,12.0834999084473,0,1,0,1,0
1978,0,51,5.83045646336786,0,10.25,0,1,0,1,0
1979,1,47,38.8377445339471,0,24.25,0,1,0,0,0
1980,0,63,59.2809568643861,0,39.5,1,0,0,0,0
1981,0,24,11.5074798619102,0,0.666499972343445,1,0,0,1,1
1982,0,35,10.3567318757192,0,15.3330001831055,0,0,1,0,1
1983,0,46,17.8365937859609,0,13.6669998168945,1,0,0,1,0
1984,0,39,15.2396354928001,0,15.75,0,1,0,0,0
1985,0,21,5.07509368268862,0,0,0,0,1,1,1
1986,0,58,17.7038158215417,1,35.1664999723434,0,1,0,1,0
1987,0,47,9.20598388952819,0,3.625,0,0,1,1,1
1988,0,36,11.5074798619102,0,14.9995001852512,0,0,1,0,0
1989,0,24,3.45224395857307,0,0,0,1,0,0,1
1990,0,47,76.716532412735,0,14.5,1,0,0,0,0
1991,0,45,5.52359033371692,1,6.5,0,0,1,1,0
1992,0,27,14.5357640360972,0,5.33300018310547,0,1,0,0,0
1993,0,31,27.8602144025195,0,4.41700005531311,1,0,0,0,1
1994,1,62,46.029919447641,0,37.7919998168945,1,0,0,0,0
1995,0,59,28.1293952180028,0,24.1665000915527,1,0,0,1,0
1996,0,35,7.47986191024166,0,10,0,0,1,0,1
1997,0,37,21.5765247410817,0,10.2914999723434,1,0,0,1,0
1998,0,55,24.1952140686318,0,31.5,1,0,0,0,0
1999,1,50,13.3947065592635,0,31.0830001831055,0,1,0,0,0
2000,0,39,21.2376933895921,0,9.29150009155273,1,0,0,1,0
2001,0,58,31.3840359870279,0,34.6669998168945,1,0,0,0,0
2002,0,61,20.1380897583429,0,41.1669998168945,0,0,1,0,0
2003,0,31,7.96671682747632,0,2,0,0,1,1,0
2004,0,57,16.1104718066743,0,26.6665000915527,0,1,0,1,0
2005,0,57,15.3624856156502,0,34.333499789238,0,1,0,1,0
2006,0,51,9.20598388952819,1,7.29149997234345,0,1,0,1,0
2007,0,56,30.9369511234934,0,16.8754997253418,1,0,0,1,0
2008,0,48,23.0149597238205,0,21.8330001831055,1,0,0,0,0
2009,1,51,13.8089758342923,0,21.4995002746582,0,1,0,1,0
2010,0,22,12.8226204175571,0,2.5,0,1,0,0,1
2011,0,52,29.6637258662575,0,26.7080001831055,0,1,0,0,0
2012,1,57,19.1944764096663,0,34.9169998168945,0,1,0,0,0
2013,0,21,7.8856519895827,0,1.08350002765656,0,1,0,1,1
2014,0,41,13.1514055564689,1,1,0,1,0,1,0
2015,1,34,14.9597238204833,0,4.04149997234345,0,1,0,1,0
2016,0,55,16.7817414652858,0,28.875,0,1,0,1,0
2017,0,39,14.3843498273878,0,14.5830001831055,0,1,0,0,0
2018,1,30,14.9597238204833,0,3.625,1,0,0,1,0
2019,1,59,12.2746451860376,0,26.3334999084473,1,0,0,0,0
2020,0,56,13.5788262370541,0,11.3754997253418,0,1,0,1,0
2021,0,45,19.3325661680092,0,17.6665000915527,0,1,0,0,0
2022,0,23,9.41521079610838,0,1.66649997234345,1,0,0,1,0
2023,0,59,35.2673974925807,0,29.3330001831055,1,0,0,0,0
2024,1,20,12.0828538550058,0,0.916999995708466,0,1,0,0,0
2025,0,18,4.02761795166859,0,0,0,0,1,0,1
2026,0,35,17.2612197928654,0,14,0,1,0,0,0
2027,0,33,8.63060989643268,0,12.9169998168945,0,0,1,0,1
2028,0,47,15.8342922899885,0,17.2084999084473,0,0,1,1,0
2029,0,58,16.3527345406093,0,33.2914999984205,0,1,0,1,0
2030,0,46,23.6206165586579,0,21.1669998168945,0,1,0,1,0
2031,0,47,16.8186244135611,0,24,0,1,0,0,0
2032,0,54,21.0422488903502,0,20.1669998168945,1,0,0,1,0
2033,0,45,23.6206165586579,0,15.75,0,1,0,1,0
2034,0,27,16.1104718066743,0,3.00049990415573,1,0,0,1,0
2035,0,51,14.5357640360972,0,28.25,0,0,1,1,0
2036,0,55,14.0295358649789,0,18.7084999084473,0,1,0,1,0
2037,0,55,38.3774453394707,0,25.25,1,0,0,1,0
2038,0,31,33.3716915995397,0,6.58300018310547,1,0,0,0,0
2039,0,44,16.1104718066743,0,14.2084999084473,0,1,0,1,0
2040,0,51,19.4188722669735,0,19.625,0,1,0,1,0
2041,0,56,23.6050868962261,0,26.1669998168945,0,1,0,0,0
2042,0,38,44.7147788919941,0,12.5830001831055,1,0,0,0,0
2043,0,51,41.8453813160372,0,32.75,0,0,1,0,0
2044,0,25,24.4533947065593,0,0.791500002145767,1,0,0,1,1
2045,1,22,7.87353885288596,0,0,0,1,0,1,1
2046,0,38,15.3836836048695,0,9.75,0,1,0,1,0
2047,0,34,16.6858457997699,0,6.625,0,1,0,1,0
2048,0,56,26.5557227582544,0,29.4169998168945,1,0,0,1,0
2049,0,61,22.8792304741672,0,27.9584999084473,0,0,1,1,0
2050,0,34,17.5640482102841,0,6.08350014686585,0,0,1,1,0
2051,0,21,5.17836593785961,0,0.833500027656555,0,1,0,0,1
2052,1,60,36.8239355581128,0,31.75,1,0,0,0,0
2053,1,21,17.2612197928654,0,0.5,0,1,0,1,1
2054,0,49,10.3567318757192,0,19.4165000915527,0,1,0,1,0
2055,0,60,18.5694385561141,0,29.9995002746582,0,1,0,1,1
2056,0,40,39.1254315304948,0,8.29199981689453,0,1,0,1,0
2057,0,42,17.0310701956272,0,8.41650009155273,1,0,0,1,0
2058,0,24,10.3107019562716,1,2.08349996805191,1,0,0,1,1
2059,0,32,8.31095767804629,0,3.70849990844727,0,1,0,1,0
2060,0,36,19.1791331031837,0,12.7495001554489,0,1,0,0,0
2061,0,48,9.58956655159187,0,21.2084999084473,0,1,0,1,0
2062,1,29,10.7403145377829,0,4.91650000214577,0,1,0,0,0
2063,0,39,24.7853412410374,0,20.25,0,1,0,0,0
2064,0,42,6.90448791714615,1,5.41650009155273,0,0,1,1,0
2065,1,55,40.9154839534586,0,25.7919998168945,1,0,0,1,0
2066,0,29,10.644418872267,0,5.41699981689453,0,1,0,0,0
2067,1,40,2.30149597238205,1,11.0834999084473,1,0,0,1,0
2068,0,48,1139.32489451477,0,23.1669998168945,1,0,0,0,0
2069,0,47,2.30149597238205,1,1,0,0,1,0,0
2070,0,49,4.6029919447641,0,15,1,0,0,1,0
2071,0,59,29.8572450471185,0,35.2085000276566,1,0,0,0,0
2072,0,61,6.90448791714615,0,41.6665000915527,0,0,1,0,0
2073,0,24,12.1434195384895,0,0.833000004291534,1,0,0,0,1
2074,1,34,17.2612197928654,0,14.0830001831055,1,0,0,1,0
2075,0,41,14.3843498273878,0,8.33349990844727,1,0,0,1,0
2076,1,45,25.8918296892981,0,16.25,1,0,0,1,0
2077,1,60,29.5906625020549,0,30.8334999084473,1,0,0,0,0
2078,0,37,13.8089758342923,0,10.5,0,0,1,0,0
2079,0,47,18.4119677790564,0,28.5830001831055,0,0,1,1,0
2080,0,32,23.0149597238205,0,12.3330001831055,0,1,0,1,0
2081,0,64,8.63060989643268,0,24.9584999084473,0,1,0,1,0
2082,1,45,13.1579812592471,0,15.75,0,1,0,1,0
2083,0,54,8.66896816263905,0,33.0004998445511,1,0,0,0,0
2084,0,28,19.1791331031837,0,0.583499997854233,0,0,1,1,0
2085,0,25,14.5213436352677,0,4.08350002765656,1,0,0,0,1
2086,0,26,24.3301002794674,0,2.75,0,1,0,1,0
2087,0,54,19.0592635212888,0,20.7084999084473,0,1,0,1,0
2088,0,24,13.8089758342923,0,2.75,0,1,0,0,0
2089,0,37,43.1530494821634,0,10.0004998147488,1,0,0,0,1
2090,0,47,31.3866513233602,0,20.1669998168945,1,0,0,1,0
2091,0,59,32.2209436133487,0,26.0830001831055,1,0,0,0,0
2092,0,32,28.6283645345084,0,5.29149997234345,1,0,0,1,0
2093,0,50,20.8230587977423,0,26.3330001831055,1,0,0,0,0
2094,1,29,22.439585730725,0,3.58299994468689,1,0,0,0,0
2095,0,24,9.20598388952819,0,2.41649994254112,0,1,0,0,0
2096,1,42,20.5364255997167,0,22,1,0,0,0,0
2098,0,63,7.59493670886076,1,39.5419998168945,0,1,0,1,0
2099,0,31,34.5224395857307,0,5.70849978923798,1,0,0,1,0
2100,1,36,14.6176095543184,0,7.41699981689453,1,0,0,1,0
2101,0,54,46.029919447641,0,25.5,1,0,0,0,0
2102,0,63,21.4598948776164,0,38.3330001831055,0,1,0,0,0
2103,0,53,46.029919447641,0,33.5,1,0,0,0,0
2104,1,18,1.00115074798619,1,0,0,0,1,1,1
2105,0,62,35.987027931792,0,34.75,1,0,0,0,0
2106,0,42,7.08860759493671,0,11.0834999084473,1,0,0,1,0
2107,1,35,8.24856156501726,0,8.6254997253418,0,1,0,1,0
2108,0,55,34.5224395857307,0,28,1,0,0,0,0
2109,0,34,23.8369225710998,0,11.5,1,0,0,1,0
2110,0,27,17.2612197928654,0,3.91699999570847,1,0,0,1,1
2111,0,48,46.029919447641,0,22.0830001831055,1,0,0,0,0
2112,0,52,21.1849897555362,0,22.4584999084473,1,0,0,1,0
2113,0,63,31.3578826237054,0,42,1,0,0,0,0
2114,0,40,6.16800920598389,0,23.791500210762,0,0,1,0,1
2115,0,40,12.6582278481013,0,12.7919998168945,1,0,0,0,0
2116,0,53,18.5604513901778,0,11.125,0,1,0,1,0
2117,0,54,41.3845315244383,0,20.0415000915527,1,0,0,0,0
2118,0,36,14.5761411584196,0,3.79200005531311,0,0,1,1,0
2119,0,41,35.6731875719218,0,7.45850014686585,1,0,0,1,0
2120,0,59,33.9470655926352,0,30.3330001831055,1,0,0,0,0
2121,0,38,107.403145377829,0,9.75,1,0,0,0,0
2122,0,43,45.300016439257,0,18.3330001831055,1,0,0,0,0
2123,1,63,1.02288709883647,1,34.9169998168945,0,1,0,0,0
2124,0,59,15.5350978135788,0,35.1669998168945,0,1,0,1,0
2125,0,36,16.1726744005225,0,10,0,1,0,0,1
2126,0,43,21.7122261545476,0,17.2915000915527,1,0,0,0,0
2127,1,45,8.63060989643268,0,12.375,1,0,0,1,0
2128,0,40,38.0632026201647,0,10.3330001831055,1,0,0,0,0
2129,0,54,19.7271083347033,0,10.625,0,1,0,1,0
2130,0,46,17.2612197928654,0,14.4169998168945,1,0,0,0,0
2131,0,59,35.4545454545455,0,26.0419998168945,0,1,0,1,0
2132,1,41,11.5304948216341,0,20.1669998168945,0,1,0,0,0
2133,0,44,42.1173762945915,0,20.25,1,0,0,0,0
2135,1,28,24.944675577587,0,1.33350002765656,1,0,0,0,1
2136,0,50,23.4259411474601,0,16.4580001831055,1,0,0,1,1
2137,0,46,21.4806290755658,0,4.20849990844727,0,1,0,1,0
2138,0,46,15.343306482547,0,11.9584999084473,1,0,0,1,0
2139,0,22,17.0968272234095,0,0.708499997854233,0,1,0,1,0
2140,0,28,5.75373993095512,0,5,0,1,0,1,1
2141,0,58,14.0555646884761,0,21.8334999084473,0,1,0,1,0
2142,0,23,5.17836593785961,0,1.66649997234345,0,1,0,0,1
2143,0,42,10.3567318757192,0,22,0,0,1,0,0
2144,1,44,24.9328730341389,0,19.4169998168945,0,1,0,0,0
2145,0,52,5.17836593785961,0,12.875,1,0,0,1,0
2146,1,47,14.3843498273878,0,12.7915000915527,0,1,0,1,0
2147,1,37,8.27963176064442,0,9.83349990844727,1,0,0,0,0
2148,0,62,38.0247160654425,0,23.75,1,0,0,1,0
2149,0,30,14.9860266315963,0,11.6669998168945,0,0,1,0,0
2150,0,41,36.1663652802893,0,15.8330001831055,0,1,0,0,0
2151,1,55,30.8567841824459,0,34,1,0,0,0,0
2152,0,61,12.945914844649,0,41.5,0,1,0,1,0
2153,0,62,15.343306482547,0,23.6665000915527,0,1,0,1,0
2154,0,25,14.7953312510275,0,1.25,0,1,0,0,0
2155,1,48,21.8642117376295,0,25.1669998168945,0,1,0,0,0
2156,0,49,80.2847432226296,0,19.9169998168945,0,1,0,0,0
2157,0,52,8.63060989643268,0,31.25,0,1,0,0,0
2158,0,36,10.6789413118527,0,2.70849990844727,0,1,0,1,0
2159,0,55,47.9478327579594,0,29.3330001831055,0,1,0,0,0
2160,0,51,27.6179516685846,0,27,1,0,0,0,0
2161,0,38,9.78135788262371,0,3.41700005531311,0,0,1,0,0
2162,0,57,4.6029919447641,1,8.04200005531311,1,0,0,1,0
2163,0,26,6.90448791714615,0,2.04149994254112,0,1,0,0,0
2164,0,46,10.7403145377829,0,20.3754998445511,0,0,1,1,1
2165,0,39,13.0418105101649,0,10.375,0,1,0,1,0
2166,0,43,32.7963176064442,0,15.3330001831055,1,0,0,0,0
2167,0,44,10.3567318757192,0,14.7085000276566,0,1,0,1,1
2168,0,30,14.3843498273878,0,2.20849990844727,0,1,0,1,0
2169,0,60,2.30149597238205,0,40,0,1,0,0,0
2170,1,39,19.4741966893866,0,13.5,0,1,0,1,0
2171,0,37,26.2431106535037,0,11.1669998168945,1,0,0,0,0
2172,0,55,17.5640482102841,0,10.4580001831055,0,1,0,1,0
2173,0,31,4.31530494821634,0,7,0,0,1,0,1
2174,0,58,20.1380897583429,0,37.5,0,1,0,0,0
2175,0,34,19.1791331031837,0,2.95850002765656,1,0,0,1,0
2176,0,60,16.5235608273583,0,40.25,0,1,0,1,0
2177,0,55,11.5074798619102,0,23.1665000915527,0,1,0,1,0
2178,0,41,12.0828538550058,0,17.25,0,0,1,0,0
2179,0,42,26.6973532796318,0,16.541500210762,1,0,0,1,0
2180,0,36,20.7134637514384,0,10.3330001831055,0,1,0,1,0
2181,1,50,191.791331031837,0,18.75,1,0,0,1,0
2182,0,51,22.1625538081234,0,26.4165000915527,0,0,1,1,0
2183,1,44,10.5211244451751,0,9.20849990844727,0,0,1,1,0
2184,0,44,47.9478327579593,0,10.1245002746582,1,0,0,1,0
2185,0,51,46.029919447641,0,24,1,0,0,1,0
2186,1,38,15.8227848101266,0,10,0,1,0,1,0
2187,1,55,8.20099731492137,0,15.9169998168945,0,1,0,1,0
2188,0,50,28.7686996547756,0,27,0,1,0,0,0
2189,0,36,14.4581157239385,0,11,0,1,0,0,0
2190,0,36,13.0379746835443,0,10,0,1,0,1,0
2191,1,32,9.20598388952819,0,12.1669998168945,0,0,1,0,0
2192,0,39,7.68699654775604,0,7,0,0,1,1,1
2193,0,50,8.28538550057538,0,12.8334999084473,0,1,0,1,0
2194,0,39,25.9655955858488,0,18.4169998168945,0,1,0,0,0
2195,1,53,38.6763591456398,0,23.1669998168945,1,0,0,1,0
2196,0,60,34.5224395857307,0,33.2504997253418,0,1,0,0,0
2197,1,50,10.5868814729574,0,22,1,0,0,0,0
2199,1,34,12.8226204175571,0,1.20850002765656,0,0,1,1,1
2200,1,53,11.5074798619102,0,16.5415000915527,0,1,0,1,0
2201,0,53,57.5373993095512,0,27.4169998168945,1,0,0,0,0
2202,1,50,11.5074798619102,0,29.4169998168945,0,1,0,0,0
2203,0,41,23.9840106595603,0,10.0834999084473,1,0,0,1,0
2204,0,40,18.0092059838895,0,18,0,1,0,0,0
2205,0,44,40.1286477235844,0,15.5,1,0,0,0,0
2206,0,47,29.5063586202827,0,29,0,1,0,0,0
2207,0,41,17.2612197928654,0,14.5830001831055,1,0,0,0,0
2208,0,24,11.5074798619102,0,2.75,0,1,0,1,0
2209,0,29,9.20598388952819,0,5.25,0,1,0,1,0
2210,0,27,17.2612197928654,0,5.41699981689453,1,0,0,0,0
2211,0,28,18.2939423445753,0,3.25050005316734,0,1,0,0,0
2212,0,22,21.8642117376295,0,2.66700005531311,0,0,1,0,0
2213,0,57,31.9907940161105,0,13.5,0,1,0,1,0
2215,1,33,18.4119677790564,0,4.91650009155273,0,1,0,0,0
2216,0,48,33.3716915995397,0,22.5,1,0,0,0,0
2217,1,48,13.5212888377445,0,25.5830001831055,0,1,0,1,0
2218,0,57,31.0701956271577,0,28.3330001831055,1,0,0,0,0
2219,0,41,13.8089758342923,0,19.3754998147488,0,1,0,0,1
2220,0,35,20.2750835662228,0,17.3330001831055,1,0,0,1,0
2221,0,41,11.5074798619102,0,20.4169998168945,0,1,0,0,0
2222,1,59,16.1104718066743,0,37.3330001831055,0,1,0,0,0
2223,0,30,12.6582278481013,0,6.58300018310547,0,1,0,1,1
2224,1,44,15.343306482547,0,21.1669998168945,1,0,0,0,0
2225,0,54,15.8130477117819,0,33.25,0,1,0,0,0
2226,0,44,27.3302646720368,0,18.1254998445511,0,1,0,1,0
2227,0,26,6.19633531025936,0,2.5,1,0,0,1,1
2228,0,47,3.97008055235903,1,21.5835000276566,0,1,0,0,1
2229,0,58,34.5224395857307,0,39.4169998168945,0,1,0,0,0
2230,0,29,20.7134637514384,0,5.5,1,0,0,0,0
2231,0,34,21.5765247410817,0,7.25,1,0,0,0,0
2232,0,23,10.9321058688147,0,2.75,0,0,1,0,1
2233,0,55,37.0606608581292,0,40.7084999084473,1,0,0,0,0
2234,0,26,8.63060989643268,0,6.83350002765656,0,0,1,0,1
2235,0,47,5.17836593785961,0,4.54149997234345,0,1,0,1,1
2236,0,60,23.0149597238205,0,39.5,0,1,0,0,0
2237,1,29,10.1956271576525,0,9.66699981689453,0,0,1,0,0
2238,1,42,19.9866755496336,0,20.3330001831055,0,1,0,0,0
2239,1,53,47.180667433832,0,32.3330001831055,0,1,0,0,0
2240,0,36,14.9597238204833,0,11.1665000915527,0,1,0,1,0
2241,1,33,14.614499424626,0,1.66649997234345,1,0,0,1,0
2242,0,43,14.1829689298044,0,23.5,0,1,0,0,0
2243,0,35,10.7403145377829,0,2.125,0,0,1,0,0
2244,0,36,30.4948216340621,0,14.3330001831055,0,1,0,0,0
2245,0,54,21.8553598300434,0,13.2914998531342,0,1,0,1,0
2246,0,55,34.5224395857307,0,28.5830001831055,1,0,0,0,0
2247,0,52,23.0149597238205,0,28.7080001831055,0,1,0,0,0
2248,1,29,12.6582278481013,0,9.25,0,1,0,0,0
2249,0,21,16.9583913754467,0,1.41700005531311,0,1,0,1,0
2250,0,21,4.6029919447641,0,0.0414999984204769,0,1,0,0,1
2251,0,25,9.20598388952819,0,0.833500027656555,0,1,0,1,1
2252,0,52,14.7531793101413,0,32.25,0,1,0,0,0
2253,0,28,11.5074798619102,0,0.875,0,1,0,1,0
2254,0,49,36.1663652802893,0,19.25,1,0,0,0,0
2255,0,52,17.5640482102841,0,30.9169998168945,0,1,0,0,0
2256,0,34,4.89067894131185,0,0,1,0,0,0,1
2257,0,30,28.7686996547756,0,2.875,1,0,0,1,1
2258,0,31,17.7215189873418,0,5.54149985313416,0,1,0,0,0
2259,0,41,22.0560030686613,0,10.75,1,0,0,1,0
2260,1,37,2.09436133486766,1,2.58350002765656,0,0,1,1,0
2261,0,27,18.8964932469263,0,3.83299994468689,0,1,0,0,0
2262,0,27,11.2517580872011,0,7.25,0,1,0,0,0
2263,0,36,60.4142692750288,0,11.5830001831055,1,0,0,0,0
2264,0,50,11.9579155022193,0,29.9169998168945,1,0,0,0,0
2265,1,27,9.49367088607595,1,2.25,1,0,0,1,1
2266,1,23,9.20598388952819,0,0.583000004291534,0,1,0,1,0
2267,0,63,48.3137116048508,0,36.3334999084473,1,0,0,0,0
2268,0,33,18.3497651852082,0,9.25049984455109,0,1,0,0,0
2269,0,20,4.945106210929,0,0.833500027656555,0,0,1,1,1
2270,0,56,14.3843498273878,0,17.2915000915527,0,1,0,1,0
2271,0,50,46.029919447641,1,22.2914999723434,0,0,1,1,0
2272,0,52,14.3065965850776,0,21.5004997253418,0,1,0,1,0
2273,0,18,6.90448791714615,0,0,0,0,1,0,1
2274,0,27,18.9873417721519,0,7.41699981689453,1,0,0,0,0
2275,1,56,26.7302317935229,0,21.1669998168945,1,0,0,0,0
2276,0,38,23.0149597238205,0,10.6665000915527,0,1,0,1,0
2277,1,36,11.5074798619102,0,11.75,0,1,0,0,0
2278,0,53,15.343306482547,0,12.125,0,1,0,1,0
2279,1,22,7.37658965507067,0,0.333499997854233,0,1,0,0,1
2280,1,49,9.57997698504028,0,6.41699981689453,0,1,0,0,0
2281,0,22,1.95371435877765,1,1.33349999785423,0,1,0,0,0
2282,0,46,19.4741966893866,0,20,1,0,0,0,0
2283,0,58,16.9583913754467,0,16.75,0,1,0,0,0
2284,0,41,10.3567318757192,0,1.20850002765656,0,1,0,1,1
2285,0,28,10.3567318757192,0,5,0,0,1,0,1
2286,0,60,44.259537930424,0,22.25,1,0,0,1,0
2287,0,43,13.3368740963678,0,15.25,0,1,0,0,0
2288,0,47,24.8974654037945,0,9.16650009155273,0,1,0,1,0
2289,0,49,15.1643012402506,0,18.4584999084473,0,1,0,1,1
2290,0,51,69.0448791714615,0,25.1245001554489,1,0,0,0,0
2291,0,61,19.5627157652474,0,43.4169998168945,0,1,0,0,0
2292,0,49,31.9652218386396,0,11.6665000915527,0,1,0,1,0
2293,0,32,22.313003452244,0,6.5,1,0,0,0,0
2294,0,33,11.836265000822,0,6.20800018310547,0,0,1,0,0
2295,0,31,4.27694668200997,1,6.04149997234345,0,0,1,0,1
2296,0,64,39.5796741566229,0,36.1669998168945,1,0,0,0,0
2297,0,38,26.7740698120445,0,8.04149997234345,1,0,0,1,0
2298,1,26,6.04142692750288,0,7,0,0,1,0,1
2299,0,39,16.9227645028092,0,11.125,1,0,0,1,0
2300,0,54,14.2473560195079,0,29.25,0,1,0,0,1
2301,0,51,12.5536143948112,0,31.1669998168945,0,1,0,1,0
2302,0,40,28.7686996547756,0,21.25,0,1,0,0,0
2303,0,54,10.9595046303907,0,21.25,0,1,0,1,0
2304,0,50,16.4269275028769,0,22.7084999084473,0,1,0,1,0
2305,1,25,6.90448791714615,0,0.166500002145767,1,0,0,0,0
2306,0,49,16.3527345406093,0,28.3330001831055,0,1,0,0,0
2307,0,37,12.6582278481013,0,11.6664999723434,0,1,0,0,1
2308,0,56,10.6951871657754,0,21.8334999084473,1,0,0,1,0
2309,0,52,22.3756552870477,0,31.25,0,1,0,0,0
2310,1,60,15.4529015288509,0,33.4169998168945,1,0,0,0,0
2311,0,40,18.4119677790564,0,10.2915000915527,0,1,0,1,0
2312,0,41,11.2517580872011,1,5.625,0,1,0,1,0
2313,0,53,29.9194476409666,0,28.958499789238,0,1,0,0,0
2314,0,54,16.494054468738,0,9.125,1,0,0,1,0
2315,0,61,18.3073543257663,0,21.75,0,1,0,1,0
2316,0,55,15.343306482547,0,18.1665000915527,0,0,1,1,0
2317,0,60,25.1072287896224,0,43.1669998168945,0,1,0,0,0
2318,0,38,21.1979892193083,0,17.25,0,1,0,0,0
2319,0,43,32.8785138911721,0,6.49950003623962,1,0,0,1,0
2320,0,21,10.126582278481,0,1,0,0,1,0,0
2321,1,41,21.5765247410817,0,14.75,0,1,0,0,0
2322,1,56,29.6597916851081,0,32.25,1,0,0,1,0
2323,1,61,9.86355416735164,0,34.8330001831055,0,1,0,1,0
2324,0,59,30.0195126832441,0,29.2915000915527,1,0,0,0,1
2325,0,62,7.87353885288596,0,46.25,0,0,1,1,0
2326,0,44,16.3636363636364,0,24,0,1,0,0,0
2327,0,54,17.7905638665132,0,24.7084999084473,0,1,0,0,0
2328,0,19,6.62457624482941,0,0,0,0,1,0,1
2329,0,39,36.6995303704165,0,12.25,1,0,0,0,0
2330,0,62,39.5857307249712,0,35.5830001831055,1,0,0,1,0
2331,0,38,0.383582662063675,1,5.70850002765656,0,1,0,1,0
2332,1,51,28.7686996547756,0,26.3330001831055,1,0,0,0,0
2333,0,39,24.4533947065593,0,9.5,1,0,0,1,0
2334,0,29,15.7470777057719,0,0.833500027656555,0,1,0,0,1
2335,0,35,27.6179516685846,0,6.33300018310547,1,0,0,0,0
2336,0,54,18.660778154449,0,26.2915000915527,0,1,0,1,0
2337,0,53,15.7816866677626,0,33.208499789238,0,1,0,1,0
2338,0,19,9.41521079610838,0,0.375,0,0,1,1,1
2339,0,35,26.4672036823936,0,11.7495002746582,1,0,0,0,0
2340,0,53,10.126582278481,0,21.4585000276566,0,1,0,1,0
2341,1,59,25.7019562715765,0,36.25,0,1,0,0,0
2342,1,57,24.7155095256361,0,30.8335000276566,0,1,0,1,0
2343,0,42,39.1254315304948,0,20.6669998168945,1,0,0,0,0
2344,0,58,14.9597238204833,0,37.3330001831055,0,1,0,0,0
2345,0,50,12.6582278481013,0,29,1,0,0,0,0
2346,0,48,3.83582662063675,1,18.125,0,1,0,1,0
2347,0,43,39.6368750799131,0,15.25,1,0,0,0,0
2348,1,41,11.7881501024446,0,18.6669998168945,0,1,0,0,0
2349,1,62,20.4577419767293,0,42,1,0,0,1,0
2350,1,45,9.20598388952819,0,13.75,0,1,0,1,0
2351,0,53,19.9462984273111,0,24.1665000915527,1,0,0,1,0
2352,1,18,4.72101737924523,0,0,0,0,1,1,1
2353,1,48,9.78135788262371,0,19.125,0,1,0,1,0
2354,0,63,24.9328730341389,0,39.125,1,0,0,0,0
2355,0,51,8.34292289988493,0,19.75,0,0,1,0,1
2356,0,39,15.837169159954,0,4.04150009155273,0,0,1,1,0
2357,0,57,12.2746451860376,0,37.25,0,1,0,0,0
2358,0,32,11.4028664086202,0,4.04150009155273,0,0,1,1,1
2359,1,45,18.4119677790564,0,9.08349990844727,1,0,0,1,0
2360,0,39,13.2336018411968,1,10,0,1,0,1,0
2361,0,41,9.89643268124281,1,3.04150009155273,0,1,0,1,0
2362,0,43,19.1791331031837,0,10.0415000915527,0,1,0,1,0
2363,1,46,29.2917669212261,0,12,1,0,0,1,0
2364,0,40,18.4119677790564,0,15.5,0,1,0,0,0
2365,1,23,13.2336018411968,0,2,0,1,0,0,0
2366,0,54,11.0471806674338,0,25.0830001831055,1,0,0,1,0
2367,0,48,11.8025434481131,0,31.4169998168945,0,0,1,0,0
2368,1,37,30.4948216340621,0,8.25,1,0,0,0,0
2369,1,42,6.57570277823442,0,14.083499789238,0,1,0,0,0
2370,0,47,53.7015726889145,0,24.75,0,0,1,0,0
2371,0,44,21.1910241657077,0,18,1,0,0,0,1
2372,0,49,8.12428078250863,1,12.4584999978542,0,1,0,1,1
2373,0,62,15.1241163899392,0,39.25,1,0,0,0,0
2374,1,52,13.2336018411968,0,30,0,1,0,1,0
2375,1,63,28.7686996547756,0,43.25,1,0,0,1,0
2376,0,20,13.8089758342923,0,0.5,0,1,0,0,0
2377,0,46,19.2828040929307,0,21.3330001831055,0,1,0,0,0
2378,0,30,13.8089758342923,0,4.41699981689453,1,0,0,0,0
2379,0,64,26.5262163996341,0,41.8330001831055,0,1,0,0,0
2380,0,29,23.0149597238205,0,3.87550005316734,1,0,0,1,0
2381,0,39,24.8810375392654,0,20.5,0,1,0,0,0
2382,0,56,28.7744533947066,0,37.25,0,1,0,0,0
2383,0,44,26.5557227582544,0,12.75,1,0,0,0,0
2384,0,55,23.6206165586579,0,27.8330001831055,1,0,0,1,0
2385,1,55,29.9194476409666,0,28.8330001831055,1,0,0,0,0
2386,0,56,10.3567318757192,0,13.5,0,1,0,1,0
2387,1,55,16.6858457997699,0,36.4169998168945,0,1,0,1,0
2388,0,47,31.8668673099053,0,18.3334999084473,1,0,0,1,0
2389,0,62,4.79478327579593,0,35.8330001831055,0,1,0,0,0
2390,0,41,21.1219792865362,0,15.3330001831055,1,0,0,0,0
2391,1,64,9.0193761079837,0,46.5,0,1,0,1,0
2392,0,40,36.3394100902429,0,10.8330001831055,1,0,0,0,0
2393,0,64,115.074798619102,0,34.625,1,0,0,0,0
2394,0,59,19.3810187147962,0,22.0834999084473,0,1,0,1,0
2395,0,36,21.8642117376295,0,15.5,0,1,0,0,0
2396,0,35,21.6998191681736,0,4.08300018310547,1,0,0,1,0
2397,0,51,27.6179516685846,0,12.4584999084473,1,0,0,1,0
2398,0,40,24.2935685973661,0,14.7084999084473,0,1,0,1,0
2399,0,48,32.4569944823109,0,29.625,1,0,0,0,0
2400,0,43,16.5313167844813,0,15.6664999723434,0,1,0,1,0
2401,0,29,26.6489007328448,0,11.0830001831055,0,1,0,1,0
2402,0,41,20.4577419767293,0,6.45799994468689,1,0,0,1,0
2403,0,50,11.8680475642501,0,16.5834999084473,0,1,0,1,0
2404,0,37,15.5350978135788,0,6.12549984455109,0,1,0,1,0
2405,0,51,40.2301495972382,0,14.5834999084473,0,1,0,1,0
2406,0,51,9.20598388952819,0,19.4169998168945,1,0,0,0,0
2407,0,40,10.8170310701956,0,17.3330001831055,1,0,0,1,0
2408,0,56,12.9574223245109,0,18.9584999084473,0,1,0,1,0
2409,1,55,15.5350978135788,0,33.1669998168945,0,0,1,0,0
2410,0,50,18.4119677790564,0,20.1665000915527,0,1,0,1,0
2411,0,43,15.5506484620409,0,18.5,0,1,0,0,0
2412,0,64,27.6179516685846,0,39.3330001831055,1,0,0,0,0
2413,0,47,19.1791331031837,0,24.625,0,0,1,1,0
2414,1,39,13.9603900430016,0,14,1,0,0,0,0
2415,0,59,368.239355581128,0,33.7914999723434,0,1,0,0,0
2416,0,44,41.4269275028769,0,14.25,1,0,0,0,0
2417,1,63,18.4119677790564,0,39,1,0,0,0,0
2418,1,56,27.0425776754891,0,26.1669998168945,1,0,0,1,0
2419,0,45,20.1380897583429,0,9.75,1,0,0,1,0
2420,0,54,25.8918296892981,0,35.1669998168945,1,0,0,0,1
2421,0,39,19.0855763563389,0,18.3330001831055,0,1,0,0,0
2422,0,44,4.34727017005498,0,18.5830001831055,0,0,1,0,1
2423,0,38,32.8785138911721,0,18.6669998168945,1,0,0,0,0
2424,0,49,20.1380897583429,0,16.4580001831055,0,1,0,1,0
2425,0,60,57.5373993095512,0,15.5,0,1,0,1,0
2426,0,60,41.6757378782695,0,36.75,1,0,0,1,0
2427,0,59,9.20598388952819,1,15.0419998168945,1,0,0,1,1
2428,0,59,31.1980565145122,0,35.5,1,0,0,0,0
2429,0,33,8.97583429228999,0,12.1669998168945,0,0,1,0,0
2430,0,46,8.63060989643268,0,11.7495000362396,0,1,0,1,1
2431,1,51,15.5464432162596,0,32.5830001831055,0,0,1,0,0
2432,0,45,35.6731875719218,0,9.70849990844727,1,0,0,1,0
2433,0,60,12.8883774453395,1,29.25,0,1,0,0,0
2434,0,56,5.52359033371692,0,29.75,1,0,0,0,0
2435,1,53,16.1104718066743,0,32,0,1,0,0,0
2436,0,31,15.0202895039671,0,10.7080001831055,0,0,1,0,0
2437,0,23,4.6029919447641,0,0,0,1,0,0,1
2438,1,56,64.4418872266974,0,35,0,0,1,0,0
2439,0,58,21.288837744534,0,36.3330001831055,0,1,0,0,0
2440,0,20,6.90448791714615,1,0.0414999984204769,0,0,1,0,1
2441,0,19,8.05523590333717,1,0.416500002145767,0,1,0,1,0
2442,0,56,16.277330264672,0,29.4169998168945,0,1,0,0,0
2443,0,54,26.2434471295231,0,23.1669998168945,0,1,0,1,0
2444,0,57,7.73302646720368,0,15.125,0,1,0,1,0
2445,0,58,24.9010637402116,0,40.3330001831055,0,1,0,0,0
2446,0,52,14.5357640360972,0,32.5,0,1,0,1,0
2447,0,20,8.05523590333717,0,0,0,1,0,0,1
2448,0,53,25.43758706317,0,19.6669998168945,0,1,0,1,0
2449,0,56,21.2445782066035,0,35,0,1,0,0,0
2450,0,48,21.1737629459149,0,10.625,0,1,0,1,0
2451,0,58,16.1104718066743,0,35,1,0,0,0,0
2452,0,56,7.1921749136939,0,30.1669998168945,1,0,0,1,0
2453,0,61,26.5557227582544,0,25.4169998168945,1,0,0,1,0
2454,0,49,10.5384289261704,0,6.20849990844727,1,0,0,1,0
2455,0,43,20.1380897583429,0,23.5414999723434,0,1,0,0,1
2456,0,27,13.2336018411968,0,5.41699981689453,0,1,0,1,0
2457,0,33,31.6455696202532,0,12.25,0,1,0,0,0
2458,0,45,9.20598388952819,0,16.125,0,1,0,1,0
2459,1,28,8.34292289988493,1,1.125,0,1,0,0,1
2460,0,42,7.96671682747632,0,8.29150009155273,1,0,0,1,0
2461,0,64,51.7836593785961,0,39,1,0,0,0,0
2462,0,32,26.0836210203299,0,0.666999995708466,1,0,0,1,1
2463,0,52,15.343306482547,0,32.5,1,0,0,0,0
2464,1,55,10.0175640482103,0,15.4169998168945,0,1,0,1,0
2465,1,58,12.6582278481013,0,38.1669998168945,0,1,0,0,0
2466,0,59,82.8538550057538,0,33.5830001831055,0,1,0,0,0
2467,0,22,7.6716532412735,1,1.16649997234345,0,1,0,1,0
2468,0,47,19.1791331031837,0,28.4169998168945,1,0,0,0,0
2469,0,42,8.63060989643268,0,4.04150009155273,0,1,0,1,0
2470,0,45,9.44203475849046,0,14.2915000915527,0,0,1,1,1
2471,0,26,8.43881856540084,0,0.25,0,1,0,0,0
2472,1,54,35.4076303443392,0,31.5830001831055,1,0,0,0,0
2473,0,57,25.638665132336,0,25.2915000915527,0,1,0,1,0
2474,1,63,26.4672036823936,0,40.75,1,0,0,0,0
2475,0,40,21.2445782066035,0,17.208499815315,0,1,0,0,0
2476,0,58,10.2961661922355,0,28.25,0,1,0,1,0
2477,0,44,19.7102475583488,0,24.6669998168945,0,1,0,0,0
2478,0,54,5.02144575792447,0,20.0830001831055,1,0,0,0,0
2479,0,44,8.46950517836594,1,3.25,0,1,0,1,0
2480,0,36,63.2911392405063,0,8.41699981689453,1,0,0,0,0
2481,0,25,16.1104718066743,0,2.83349999785423,0,1,0,0,1
2482,0,52,138.089758342923,0,27.375,0,1,0,0,0
2483,0,26,18.660778154449,0,3.08299994468689,0,0,1,0,1
2484,0,41,13.8089758342923,0,21.0830001831055,0,0,1,1,0
2485,1,55,15.6645569620253,0,37.625,1,0,0,0,0
2486,0,22,15.343306482547,0,1.5,0,1,0,0,0
2487,0,33,17.2612197928654,0,10.75,0,1,0,1,0
2488,0,47,27.0425776754891,0,22.2080001831055,1,0,0,0,0
2489,0,33,26.3830026102332,0,5.83300018310547,1,0,0,0,1
2490,0,42,8.76760370431257,0,13.8334999084473,0,1,0,1,0
2491,1,25,3.45224395857307,0,1.125,0,0,1,1,1
2492,0,52,19.1791331031837,0,26.2084999084473,0,1,0,1,0
2493,0,45,28.6536248561565,0,21,1,0,0,0,0
2494,0,24,16.1104718066743,0,5.75,0,1,0,1,0
2495,0,49,19.7784810126582,0,25.5415000915527,0,1,0,1,0
2496,0,44,7.39766562551373,0,7.29150009155273,1,0,0,1,1
2497,0,52,9.97314921365554,0,28.3335000276566,0,1,0,0,0
2498,0,48,8.8519075860848,0,31,1,0,0,0,0
2499,1,30,18.2201764480246,0,3.95850002765656,0,1,0,0,0
2500,0,43,25.1072287896224,0,19.708499789238,0,1,0,0,0
2501,1,54,35.5518359661052,0,35.25,1,0,0,0,0
2502,0,60,10.0321619308961,0,32.1669998168945,0,0,1,1,0
2503,0,40,17.2612197928654,0,15.25,0,1,0,0,0
2504,1,37,9.72382048331415,0,7.2915001809597,0,1,0,1,0
2505,0,49,26.5557227582544,0,25.9169998168945,1,0,0,0,0
2506,0,50,8.41426927502877,0,26.875,0,0,1,0,1
2507,0,49,15.5350978135788,0,28.5,0,1,0,0,0
2508,0,53,25.43758706317,0,35.3330001831055,0,1,0,0,0
2509,0,43,9.3210586881473,0,25.75,0,1,0,0,0
2510,0,59,35.6731875719218,0,35.75,1,0,0,0,0
2511,0,40,19.6469168374077,0,21.25,0,1,0,0,1
2512,0,44,21.8036460541457,0,22.0830001831055,1,0,0,0,0
2513,0,63,23.0149597238205,0,38.1669998168945,1,0,0,0,0
2514,0,48,12.3294427091896,0,21.8330001831055,0,1,0,1,0
2515,1,22,0.736478711162256,1,0,0,0,1,0,0
2516,0,48,119.869581894898,0,17.75,1,0,0,0,0
2517,1,30,25.8918296892981,0,9.58300018310547,1,0,0,0,0
2518,0,38,36.2485615650173,0,9.33300018310547,1,0,0,0,0
2519,0,28,12.3705408515535,0,4.08300018310547,0,1,0,0,0
2520,0,42,28.9330922242315,0,22,0,1,0,0,0
2521,0,60,33.3774453394707,0,39.5830001831055,0,0,1,0,0
2522,0,24,17.7333215307899,0,2.04149997234344,1,0,0,1,0
2523,0,40,31.6455696202532,0,16.0830001831055,1,0,0,0,0
2524,0,37,18.4119677790564,0,5,0,1,0,1,0
2525,0,55,19.1791331031837,0,32.5830001831055,0,1,0,1,0
2526,0,20,10.3107019562716,0,0,0,0,1,0,0
2527,0,62,10.9321058688147,0,45.25,0,0,1,0,0
2528,0,47,10.7403145377829,0,27.1669998168945,0,1,0,0,0
2529,0,62,51.1443549418233,0,30.3745001554489,1,0,0,0,0
2530,0,21,10.0690448791715,0,2.41700005531311,0,1,0,1,0
2531,0,25,22.4248325514148,0,4.08300018310547,1,0,0,1,0
2532,0,46,9.20598388952819,1,12.5415000915527,1,0,0,1,0
2533,0,34,17.2612197928654,0,11,0,1,0,0,0
2534,1,45,11.720891306622,0,23.25,1,0,0,1,0
2535,1,23,11.8296892980437,0,0.833000004291534,0,1,0,1,1
2536,0,28,5.30111238971999,0,2.99949991703033,1,0,0,0,1
2537,0,34,24.1657077100115,0,4.9165001809597,1,0,0,0,0
2538,0,27,2.76179516685846,1,0,1,0,0,1,1
2539,0,64,244.312649375941,0,9.5,0,1,0,0,0
2540,1,62,20.7134637514384,0,30.1665000915527,0,1,0,1,0
2541,1,59,20.5517370074332,0,39,1,0,0,1,0
2542,1,53,14.9597238204833,0,28.5,1,0,0,1,0
2543,0,29,9.41521079610838,0,1.16649997234345,0,0,1,1,0
2544,1,42,27.6179516685846,0,14.7914999723434,1,0,0,0,0
2545,1,39,13.8089758342923,0,14.5830001831055,1,0,0,1,0
2546,0,27,29.9194476409666,0,3.5,0,1,0,1,0
2547,1,46,5.03452243958573,0,20.375,0,1,0,1,0
2548,0,55,28.9988492520138,0,34.3330001831055,0,1,0,0,0
2549,0,43,24.7871116225547,0,5.625,1,0,0,1,1
2550,1,38,12.945914844649,0,15.5835000276566,0,1,0,1,0
2551,0,49,11.5074798619102,0,1.95850002765656,0,0,1,1,1
2552,0,33,27.9631760644419,0,4.41700005531311,1,0,0,1,1
2553,0,52,287.686996547756,0,26.25,1,0,0,0,0
2554,1,37,19.8561565017261,0,8.75,0,1,0,0,0
2555,0,29,16.1104718066743,0,2.91700005531311,1,0,0,0,1
2556,0,43,20.1380897583429,0,18.75,1,0,0,0,0
2557,0,32,9.20598388952819,0,1.66649997234345,0,0,1,1,0
2558,0,54,12.7042577675489,0,21.2504997253418,1,0,0,1,0
2559,0,44,26.6315962518494,0,22.3330001831055,0,0,1,0,0
2560,0,34,26.1250894162287,0,13.25,0,1,0,0,0
2561,0,59,29.9194476409666,0,32.25,1,0,0,0,0
2562,0,61,24.6989811670269,0,41.25,0,1,0,0,0
2563,0,57,15.8227848101266,0,14.75,0,1,0,1,1
2564,1,37,13.0418105101649,0,6.33300018310547,0,1,0,1,0
2565,0,48,72.8807057920982,0,20.5,1,0,0,0,0
2566,0,63,26.5557227582544,0,33.3330001831055,0,1,0,0,0
2567,1,45,14.7295742232451,0,14.8334999084473,0,1,0,1,0
2568,0,59,10.9321058688147,0,32.0830001831055,0,1,0,0,0
2569,0,44,19.9462984273111,0,9.16650009155273,0,1,0,1,0
2570,0,58,26.6489007328448,0,37.1669998168945,0,1,0,0,0
2571,0,51,38.8697097557857,0,22.3330001831055,1,0,0,0,0
2572,0,51,27.2545575676822,0,19.2080001831055,1,0,0,1,0
2573,0,53,13.2336018411968,0,29.3330001831055,0,1,0,0,0
2574,0,48,36.9883281275686,0,9.95849990844727,1,0,0,1,0
2575,0,24,9.97314921365554,0,3.41700005531311,0,1,0,0,0
2576,0,54,15.343306482547,0,34.3330001831055,0,1,0,0,0
2577,0,33,11.5074798619102,0,2.41699999570847,1,0,0,0,1
2578,0,42,40.2761795166859,0,4.29150009155273,1,0,0,1,0
2579,0,59,29.5063586202827,0,33.1669998168945,0,1,0,0,0
2580,0,56,24.741081703107,0,15.5,1,0,0,1,0
2581,0,47,37.3993095512083,0,24.1669998168945,1,0,0,0,0
2582,0,53,28.1933256616801,0,36.4169998168945,0,1,0,0,0
2583,0,46,17.2612197928654,0,18.3330001831055,1,0,0,1,0
2584,1,44,44.9339689846019,0,16.25,1,0,0,0,0
2585,0,25,9.20598388952819,1,1.25,0,1,0,0,1
2586,0,39,9.86355416735164,0,16.208499815315,0,1,0,1,0
2587,0,61,40.8515535097814,0,29.5,1,0,0,0,0
2588,0,51,1.15074798619102,1,11.8330001831055,0,1,0,0,0
2589,0,52,13.4253931722286,0,8.29150009155273,0,0,1,1,0
2590,0,53,57.5373993095512,0,28.4169998168945,1,0,0,0,0
2591,0,24,12.7860887354558,0,5.41699981689453,0,0,1,0,0
2592,0,18,6.78941311852704,0,0,0,0,1,0,1
2593,0,31,18.4119677790564,0,2.58299994468689,1,0,0,1,0
2594,0,61,8.63060989643268,1,21.8745002746582,1,0,0,1,1
2595,0,42,4.31530494821634,0,13.6669998168945,0,1,0,0,0
2596,1,33,9.3716915995397,0,4.91650009155273,1,0,0,1,0
2597,0,22,7.0167560133599,0,0,0,1,0,1,1
2598,1,29,11.5074798619102,0,5.20799994468689,0,1,0,0,0
2599,1,64,23.0149597238205,0,41.1669998168945,1,0,0,1,0
2600,0,29,12.3705408515535,0,5.66699981689453,0,1,0,0,0
2601,0,38,13.8089758342923,0,0.833000004291534,0,0,1,0,1
2602,0,37,12.0828538550058,0,13.75,0,1,0,0,0
2603,0,59,21.6201136799526,0,16.8754999041557,0,1,0,1,0
2604,0,52,24.4495588799386,0,26,1,0,0,0,0
2605,1,35,15.343306482547,0,4.75,1,0,0,0,0
2606,0,28,19.4987853215701,0,8,0,1,0,0,0
2607,0,49,17.2612197928654,0,12.4584999084473,0,1,0,1,1
2608,0,43,12.8083254115175,0,8.83349990844727,0,1,0,1,0
2609,0,49,16.1104718066743,0,9.33349990844727,0,1,0,1,0
2610,1,64,33.6018411967779,0,23.3334999084473,1,0,0,0,1
2611,0,29,20.6041426927503,0,5.58300018310547,0,1,0,0,0
2612,0,38,5.75373993095512,0,13,0,0,1,0,1
2613,0,37,12.6582278481013,0,7.91699981689453,0,1,0,0,0
2614,0,52,25.1072287896224,0,29.25,0,1,0,0,0
2615,1,59,11.9677790563867,0,37.5,0,1,0,0,0
2616,0,30,14.9597238204833,0,8,0,1,0,0,0
2617,1,55,20.1742561236232,0,31.125,0,1,0,1,0
2618,0,18,5.02695172915026,0,0,0,0,1,1,1
2619,0,23,14.3843498273878,0,1,0,1,0,1,0
2620,1,38,11.1622554660529,0,13.2914999723434,0,1,0,0,0
2621,0,46,15.1241163899392,0,28,0,1,0,0,0
2622,0,20,3.21138972890518,0,0.416500002145767,0,0,1,0,1
2623,0,48,37.8102909748479,0,16.1245002746582,1,0,0,1,0
2624,0,38,11.795166858458,0,10.2080001831055,0,1,0,1,0
2625,0,28,12.5303669607467,0,1.54149997234345,1,0,0,0,1
2626,0,55,15.343306482547,0,19.0834999084473,0,1,0,1,0
2627,0,25,5.06329113924051,0,1.83300000429153,0,0,1,0,1
2628,1,59,22.2094361334868,0,22.083499789238,0,1,0,1,0
2629,1,51,7.6716532412735,0,13.875,0,0,1,0,0
2630,0,46,43.0016352734541,0,19.25,0,1,0,0,0
2631,1,23,8.69965477560414,1,1,0,1,0,1,1
2632,1,58,43.8380185215628,0,31.3330001831055,1,0,0,1,0
2633,0,58,23.6918703039329,0,35,1,0,0,1,0
2634,0,58,21.7709078468572,0,31.75,0,1,0,0,0
2635,0,52,26.3028111129377,0,31,0,1,0,0,0
2636,0,46,18.1697050451214,0,25.75,0,1,0,0,0
2637,1,62,9.97314921365554,0,30.375,1,0,0,1,0
2638,0,57,17.95166858458,0,16.3754997253418,1,0,0,1,0
2639,1,52,18.4119677790564,0,25.1665000915527,0,1,0,1,0
2640,0,35,17.2612197928654,0,5.70849990844727,0,1,0,1,0
2641,0,23,3.48512247246425,0,0.958499997854233,0,1,0,0,1
2642,0,47,28.0670240534396,0,13,1,0,0,0,0
2643,0,48,15.5350978135788,0,28.25,1,0,0,0,0
2644,1,45,19.7928653624856,0,18,1,0,0,0,0
2645,0,51,18.4119677790564,0,21.9169998168945,1,0,0,0,1
2646,1,32,11.5074798619102,0,6.08349990844727,0,1,0,1,0
2647,1,29,27.6179516685846,0,2.875,1,0,0,1,1
2648,0,60,3.28785138911721,0,34.5830001831055,0,1,0,1,0
2649,0,41,13.9048714998082,0,14.875,0,1,0,0,0
2650,1,59,27.6179516685846,0,36.1669998168945,1,0,0,0,0
2651,0,23,3.50978135788262,0,0.166500002145767,0,1,0,1,1
2652,0,32,14.4665461121157,0,8,1,0,0,1,0
2653,0,59,24.2262733934953,0,29.25,0,1,0,1,0
2654,1,53,16.3527345406093,0,32,0,1,0,1,0
2655,1,59,9.97314921365554,0,19.7084999084473,1,0,0,1,0
2656,1,56,10.9919447640967,0,26.625,0,1,0,0,0
2657,0,62,46.029919447641,0,34.25,1,0,0,0,0
2658,1,59,17.2612197928654,0,38.4169998168945,0,1,0,0,0
2659,0,51,15.1898734177215,1,12.2504997253418,0,1,0,1,0
2660,0,38,16.6858457997699,0,18.25,0,1,0,0,0
2661,0,36,17.4108170310702,0,11.9169998168945,0,1,0,0,0
2662,0,51,23.0149597238205,0,25.6669998168945,1,0,0,0,0
2663,0,40,54.6605293440737,0,15.1665000021458,1,0,0,0,0
2664,0,50,33.5634829305715,0,28.0830001831055,1,0,0,0,0
2665,0,37,12.3926706205187,0,15.9169998168945,0,0,1,0,1
2666,0,29,14.9597238204833,0,9.375,0,1,0,0,0
2667,0,40,31.0701956271577,0,18.5,1,0,0,0,0
2668,0,54,13.0418105101649,0,18.625,0,1,0,1,0
2669,0,48,15.0747986191024,0,26.9169998168945,0,1,0,0,0
2670,0,32,12.718793531585,0,3.33299994468689,1,0,0,0,1
2671,1,38,19.1791331031837,0,10.75,1,0,0,0,0
2672,1,31,9.78135788262371,0,3,1,0,0,0,1
2673,0,53,10.7403145377829,1,3.625,0,0,1,1,0
2674,1,40,12.2746451860376,0,6.24950003623962,0,1,0,1,0
2675,0,53,29.9194476409666,0,19.5830001831055,1,0,0,0,0
2676,1,60,21.8642117376295,0,35,1,0,0,0,0
2677,0,31,10.9321058688147,0,2.16700005531311,0,1,0,0,1
2678,0,50,25.7767548906789,0,9,1,0,0,1,0
2679,0,31,12.068820342979,0,6,1,0,0,0,1
2680,0,48,8.63060989643268,0,20.9169998168945,0,0,1,0,0
2681,0,45,30.4349827387802,0,15.5,1,0,0,1,0
2682,1,55,14.3843498273878,0,32.3330001831055,0,1,0,0,0
2683,0,57,9.89643268124281,1,32.2084999084473,0,1,0,1,0
2684,0,47,26.4614499424626,0,22.1669998168945,0,0,1,0,0
2685,0,45,17.2612197928654,0,23.7084999978542,0,1,0,0,0
2686,0,62,66.1680092059839,0,43.4169998168945,0,1,0,0,0
2687,1,29,8.39470655926352,0,2.33349996805191,1,0,0,1,1
2688,0,53,16.3406214039125,0,27.6669998168945,0,1,0,0,0
2689,0,38,27.0425776754891,0,7.5,1,0,0,0,0
2690,1,49,17.8365937859609,0,20.3330001831055,0,1,0,1,0
2691,0,26,16.5235608273583,0,3.91649997234345,1,0,0,0,1
2692,0,54,24.2262733934953,0,29,1,0,0,0,0
2693,0,63,36.8239355581128,0,44,0,1,0,1,0
2694,0,30,5.58112773302647,0,3.29150009155273,0,1,0,0,1
2695,0,60,42.6202957848528,0,38.8334999084473,1,0,0,1,0
2696,0,32,9.53739930955121,0,4.83350002765656,0,0,1,1,1
2697,0,49,55.6194859992328,0,23.5830001831055,1,0,0,0,0
2698,0,40,11.5074798619102,0,11.5,0,1,0,1,0
2699,0,55,51.2904816702285,0,25.5830001831055,1,0,0,0,0
2700,0,54,24.1376406859581,0,34.1669998168945,1,0,0,1,0
2701,1,61,26.5557227582544,0,41.25,1,0,0,0,0
2702,0,58,18.7571921749137,0,18.4165000915527,0,1,0,1,1
2703,0,48,15.343306482547,0,10.5834999084473,0,1,0,1,0
2704,1,53,16.3527345406093,0,31.3330001831055,0,1,0,0,0
2705,0,38,14.9597238204833,0,9.5,1,0,0,0,1
2706,0,53,25.7404154805887,0,23.9580001831055,0,1,0,1,0
2707,0,52,25.8918296892981,0,11.6665000915527,1,0,0,0,0
2708,0,24,13.2336018411968,0,4.25,0,1,0,0,0
2709,0,50,14.9597238204833,0,22.9165000915527,0,1,0,1,0
2710,1,47,20.7940161104718,0,23.625,1,0,0,0,0
2711,0,43,9.20598388952819,0,16.4584999978542,0,0,1,0,0
2712,1,58,14.2424242424242,0,24,0,1,0,1,0
2713,0,60,12.6582278481013,0,38.25,0,1,0,0,0
2714,0,30,6.47295742232451,0,1,1,0,0,0,1
2715,0,20,10.8499095840868,1,1.04149997234345,0,1,0,0,1
2716,0,50,16.5235608273583,0,23.75,0,1,0,1,0
2717,1,27,18.4119677790564,0,1.08350002765656,0,1,0,1,0
2718,0,59,16.5235608273583,0,39.3330001831055,0,1,0,1,0
2719,0,23,3.11469121595704,1,2.04149999842048,0,1,0,0,0
2720,0,34,18.9316604179814,0,10.0834998190403,0,1,0,1,0
2721,0,41,8.72981230903536,0,19,0,1,0,0,0
2722,0,30,15.343306482547,0,1.95850002765656,0,1,0,1,0
2723,1,62,16.6858457997699,0,29,0,1,0,0,0
2724,0,26,10.126582278481,1,3.20850002765656,0,1,0,0,0
2725,0,24,18.4803906322894,0,4.95850014686585,0,1,0,0,0
2726,0,52,6.90448791714615,0,27.3335000276566,0,1,0,0,0
2727,1,33,10.8860759493671,0,7.58300018310547,0,1,0,0,1
2728,0,20,21.0471806674338,0,1.41650000214577,0,1,0,1,0
2729,0,62,52.6056222258754,0,25.25,0,1,0,1,0
2730,0,58,131.514055564689,0,35.25,1,0,0,0,0
2731,0,38,15.5350978135788,0,7.16650009155273,0,0,1,0,0
2732,0,42,28.3851169927119,0,9.625,1,0,0,1,0
2733,0,48,6.90448791714615,0,24.5830001831055,0,1,0,1,0
2734,0,30,25.43758706317,0,2.45799994468689,0,1,0,1,0
2735,1,58,16.4392569455861,0,37.25,0,0,1,0,0
2736,0,57,11.1106702114995,0,15.875,0,1,0,1,0
2737,0,45,39.2938336748155,0,17,1,0,0,0,0
2738,0,31,19.4741966893866,0,4.33300018310547,1,0,0,0,0
2739,0,47,10.3567318757192,0,23.1669998168945,0,0,1,0,0
2740,1,51,9.78135788262371,1,21.3334999084473,0,1,0,1,0
2741,0,19,5.07509368268862,0,0,0,0,1,1,1
2742,0,54,18.9873417721519,0,35.3330001831055,0,0,1,0,0
2743,0,47,23.0149597238205,1,1.16649997234345,0,0,1,1,0
2744,0,32,12.4280782508631,0,12.4169998168945,0,1,0,0,0
2745,0,41,15.9334336549526,0,18,0,1,0,0,0
2746,1,42,15.1561929888574,0,18.9995001852512,0,1,0,0,0
2747,1,51,18.6996547756041,0,32.3330001831055,0,1,0,0,0
2748,0,53,46.029919447641,0,13,0,1,0,1,0
2749,0,54,28.275521946408,0,25.5830001831055,1,0,0,0,0
2750,1,55,29.3517453011124,0,15.1665000915527,1,0,0,1,0
2751,0,39,15.1898734177215,0,9.45849990844727,0,1,0,1,0
2752,0,49,68.2623705408516,0,25,1,0,0,0,0
2753,1,57,11.5074798619102,0,15.2915000915527,0,1,0,1,0
2754,0,28,29.4840294840295,0,3.29149997234345,1,0,0,0,0
2755,1,47,9.20598388952819,0,10.9165000915527,1,0,0,1,0
2756,0,55,29.9194476409666,0,24,1,0,0,0,0
2757,0,43,28.0670240534396,0,18.0830001831055,1,0,0,0,0
2758,0,53,14.3021535426599,1,23.5,0,1,0,1,0
2759,0,54,37.3993095512083,0,33.9169998168945,1,0,0,0,0
2760,0,48,38.8377445339471,0,6.83349990844727,1,0,0,1,0
2761,0,47,9.04159132007233,0,21.75,0,1,0,0,0
2762,0,60,33.8032220943613,0,32,1,0,0,0,0
2763,0,49,18.4119677790564,0,27,0,1,0,0,0
2764,0,45,23.0149597238205,0,22.25,0,1,0,0,0
2765,0,61,14.7953312510275,0,33,1,0,0,0,0
2766,0,58,38.3582662063675,0,36.1669998168945,1,0,0,0,0
2767,0,48,23.9355581127733,0,17.9165000915527,0,1,0,1,0
2768,1,39,9.11392405063291,0,9.79200005531311,1,0,0,1,0
2769,1,59,8.8722669735328,0,22.1245002746582,0,1,0,1,0
2770,0,34,10.126582278481,0,2.16650009155273,0,1,0,1,0
2771,0,46,19.4859992328347,0,14.9584999084473,0,1,0,1,0
2772,1,62,14.3843498273878,0,46.5830001831055,0,0,1,0,0
2773,0,43,11.9677790563867,0,10.4165000915527,0,1,0,1,0
2774,0,55,20.6544510341979,0,18.75,0,1,0,0,0
2775,0,47,23.0149597238205,0,27.5830001831055,0,1,0,0,0
2776,0,56,14.6056475170399,0,30.5415000915527,0,1,0,1,0
2777,1,50,32.2209436133487,0,21.25,1,0,0,0,0
2778,0,30,16.9583913754467,0,9.75,0,1,0,0,0
2779,0,48,41.1846647689419,0,20.75,1,0,0,1,0
2780,0,46,26.6489007328448,0,7.54150009155273,1,0,0,1,0
2781,0,60,37.576131802745,0,39.4169998168945,1,0,0,0,0
2782,1,27,13.2336018411968,0,4.9165001809597,0,1,0,1,0
2783,0,27,19.5627157652474,0,1.83299994468689,1,0,0,0,1
2784,0,42,41.4269275028769,0,16.6669998168945,1,0,0,0,0
2785,0,51,25.3164556962025,0,18.3334999084473,0,1,0,1,0
2786,0,55,16.7596116963206,0,14.1254997253418,0,1,0,1,0
2787,0,57,80.5523590333717,0,29.6669998168945,1,0,0,0,0
2788,0,54,18.5604513901778,0,10.8334999084473,1,0,0,1,0
2789,0,63,20.7134637514384,0,49.4584999084473,0,1,0,0,0
2790,0,19,2.5891829689298,0,0,0,0,1,1,1
2791,0,41,11.3102087785632,0,2.375,1,0,0,1,0
2792,1,56,19.1791331031837,0,22.3330001831055,1,0,0,0,0
2793,0,62,14.2692750287687,0,35,0,1,0,0,0
2794,0,56,63.2911392405063,0,27.6669998168945,1,0,0,0,0
2795,0,43,29.9800133244504,0,19.25,1,0,0,0,0
2796,0,54,33.3716915995397,0,23.4580001831055,1,0,0,0,0
2797,1,41,14.3843498273878,0,16.1669998168945,1,0,0,1,0
2798,0,38,23.0149597238205,0,8.50049984455109,0,1,0,1,0
2799,1,52,11.5074798619102,0,31.5835000276566,1,0,0,1,0
2800,0,49,17.7100115074799,0,9.25,1,0,0,1,0
2801,0,40,8.24702723436901,1,7.91650009155273,1,0,0,1,0
2802,0,60,26.3028111129377,0,31.1669998168945,1,0,0,1,0
2803,0,53,15.5350978135788,0,35.25,0,1,0,0,0
2804,0,27,16.4836873697633,0,6.83300018310547,0,0,1,0,0
2805,0,39,82.1962847279303,0,1,1,0,0,0,0
2806,1,23,16.1104718066743,0,0.333000004291534,0,1,0,1,0
2807,0,50,18.1757616134698,0,23.0830001831055,0,1,0,1,0
2808,1,59,34.5224395857307,0,29.6665000915527,1,0,0,1,0
2809,0,36,32.7963176064442,0,8.91649997234345,1,0,0,1,0
2810,0,53,18.4514219957258,0,14.25,0,1,0,1,0
2811,0,52,92.0598388952819,0,29,0,1,0,0,0
2812,0,54,7.47986191024166,0,20.5419998168945,1,0,0,1,0
2813,0,26,6.73608577282551,0,4.25,0,1,0,1,0
2814,0,57,26.3028111129377,0,17.0415000915527,1,0,0,1,0
2815,1,54,18.7753618799588,0,35.4169998168945,0,1,0,0,0
2816,0,54,10.406764396858,0,26.1254997253418,0,1,0,0,0
2817,0,37,28.7686996547756,0,13.75,0,1,0,0,0
2818,0,37,13.3244503664224,0,14.3330001831055,0,1,0,1,0
2819,0,33,19.5627157652474,0,5.16650009155273,0,1,0,1,0
2820,0,50,57.4729574223245,0,29.0830001831055,1,0,0,0,0
2821,0,49,11.9677790563867,0,13.375,1,0,0,1,0
2822,0,29,16.8776371308017,0,6.54149985313416,0,1,0,1,0
2823,0,48,19.8849252013809,0,19.125,0,1,0,1,0
2824,0,45,17.9628953942014,0,16.25,0,1,0,1,0
2825,1,26,18.1133953285852,0,4.41649997234345,1,0,0,0,0
2826,1,54,7.76754890678941,0,33.9169998168945,0,1,0,1,0
2827,0,28,38.7966463915831,0,4.08300018310547,1,0,0,0,1
2828,1,46,36.2485615650173,0,25.5830001831055,1,0,0,0,0
2829,0,48,48.9585730724971,0,19.25,1,0,0,0,0
2830,0,29,20.1380897583429,0,2.79149997234345,1,0,0,1,1
2831,0,28,30.686612965094,0,8,1,0,0,1,1
2832,0,54,6.90448791714615,0,21.625,0,1,0,1,0
2833,0,27,20.526855969894,0,3.66700005531311,0,1,0,1,0
2834,1,37,23.0149597238205,0,7.75,0,1,0,0,0
2835,1,64,24.1657077100115,0,39.75,1,0,0,0,0
2837,1,62,25.1553509781358,0,35.4165000915527,1,0,0,1,0
2838,1,27,21.4806290755658,0,1.08349999785423,1,0,0,0,1
2839,1,64,14.3843498273878,0,44.1669998168945,1,0,0,0,0
2840,0,26,6.27680719740559,1,3.75049996376038,0,0,1,1,0
2841,0,27,23.0149597238205,0,4.83300018310547,1,0,0,0,0
2842,0,56,21.1518439366541,0,30.125,0,1,0,1,0
2843,0,53,23.0149597238205,0,22.125,0,1,0,1,0
2844,0,43,35.9977575167449,0,17.25,1,0,0,0,0
2845,0,62,29.9194476409666,0,30.8330001831055,1,0,0,0,0
2846,0,58,39.4542166694066,0,31.0414999984205,1,0,0,0,0
2847,1,19,12.6582278481013,0,0.5,0,0,1,0,1
2848,0,33,28.1933256616801,0,13.75,1,0,0,0,0
2849,1,57,71.921749136939,0,27.8330001831055,1,0,0,0,0
2850,0,61,13.8089758342923,0,41,0,1,0,0,0
2851,1,59,10.4948216340621,0,27.0004997253418,0,1,0,1,0
2852,0,46,15.3394706559264,0,21,0,1,0,1,0
2853,0,51,51.7836593785961,0,21.624500181526,1,0,0,0,0
2854,1,27,19.5627157652474,0,3.04150009155273,1,0,0,1,1
2855,0,50,21.7709078468572,0,28.1669998168945,0,1,0,0,0
2856,0,53,13.3244503664224,0,30.5834999084473,0,0,1,1,0
2857,0,49,16.1104718066743,0,29.8754997253418,0,1,0,1,0
2858,0,53,16.3527345406093,0,31.75,0,1,0,0,0
2859,0,56,75.9493670886076,0,30.3330001831055,1,0,0,0,0
2860,1,21,3.97008055235903,0,0,0,0,1,0,1
2861,0,44,9.7036046403135,0,13.8334999084473,0,0,1,1,0
2862,0,35,24.7853412410375,0,9.20849990844727,1,0,0,1,0
2863,1,39,8.63060989643268,0,17.9169998168945,0,1,0,0,0
2864,1,37,10.57249712313,0,8.125,1,0,0,1,0
2865,0,23,5.17836593785961,0,1.125,0,1,0,1,1
2866,0,28,16.8186244135611,0,4.79149997234345,0,1,0,1,1
2867,0,32,24.383744170553,0,8.875,0,1,0,1,0
2868,0,51,17.9804372842348,0,16.1245002746582,1,0,0,1,0
2869,0,47,21.5613833202108,0,9.375,0,1,0,1,0
2870,0,43,11.5074798619102,1,16.4584999978542,0,1,0,1,0
2871,0,21,5.60620813785371,0,0,0,1,0,0,1
2872,0,31,34.5224395857307,0,3.08350002765656,1,0,0,1,1
2873,1,53,22.5337378386861,0,30.7080001831055,1,0,0,1,0
2874,0,25,13.8089758342923,1,2.5,1,0,0,0,0
2875,0,26,12.9827977929244,0,4.66699981689453,0,1,0,1,0
2876,0,57,19.2828040929307,0,34.6669998168945,0,1,0,0,0
2877,0,52,13.5667131003573,0,14.7915000915527,0,1,0,1,0
2878,0,53,10.9018230270729,0,29.0830001831055,0,1,0,0,0
2879,0,36,49.8657460682777,0,5.25,0,1,0,1,0
2880,0,52,12.5201380897583,0,15.375,0,1,0,1,0
2881,0,49,11.277330264672,0,12.2084999084473,0,1,0,1,0
2882,0,19,17.2612197928654,0,0.458499997854233,0,1,0,1,0
2883,0,39,11.5074798619102,0,7.25,0,1,0,1,0
2884,0,47,26.8507863444572,0,23.75,0,1,0,0,0
2885,0,21,6.3593967657925,0,1.33350002765656,0,1,0,1,1
2886,0,22,4.09154839534586,0,0,0,0,1,0,1
2887,0,31,12.2746451860376,0,8.83300018310547,0,1,0,1,0
2888,0,50,17.8365937859609,0,20.2084998190403,1,0,0,0,0
2889,0,54,13.8089758342923,0,32.25,0,1,0,1,0
2890,1,57,10.644418872267,0,35,0,1,0,0,0
2891,0,56,13.1514055564689,1,16.75,0,0,1,1,0
2892,0,36,15.2474108170311,0,17.3330001831055,0,1,0,0,0
2893,0,39,12.5081302846851,0,11.1669998168945,1,0,0,1,0
2894,1,62,11.7491369390104,0,42.5,0,1,0,0,0
2895,0,47,15.6501726121979,0,9.95800018310547,0,1,0,1,0
2896,0,47,17.150747986191,0,17.25,0,1,0,1,0
2897,0,56,9.78135788262371,0,26.2084999084473,0,1,0,1,0
2898,0,41,9.20598388952819,1,1.20850002765656,0,1,0,1,1
2899,0,41,8.63060989643268,1,4.08349990844727,0,1,0,1,0
2900,0,46,66.9526101056596,0,20.25,0,1,0,0,0
2901,0,30,18.2880410728512,0,8.66699981689453,1,0,0,1,0
2902,1,39,11.7936117936118,0,13.75,0,1,0,1,0
2903,0,54,30.4100296771849,0,35.8330001831055,0,1,0,1,0
2904,0,48,30.686612965094,0,18.75,0,1,0,1,0
2905,0,55,17.2612197928654,0,19.2084999084473,0,1,0,1,0
2906,0,45,23.0149597238205,0,20.1669998168945,1,0,0,0,0
2907,0,38,16.0569486445259,0,15,0,1,0,1,0
2908,0,20,4.31530494821634,0,0,0,0,1,0,1
2909,0,52,30.8784042961258,0,26.25,1,0,0,0,0
2910,0,24,15.8227848101266,0,3.45799994468689,1,0,0,1,0
2911,0,37,21.8347053790092,0,17.5830001831055,0,1,0,1,0
2912,1,29,12.0828538550058,0,4.58300018310547,0,1,0,1,0
2913,0,43,13.2336018411968,0,8,0,0,1,0,0
2914,1,43,14.137760973204,0,20.5830001831055,0,1,0,1,0
2915,0,54,16.9956625652828,0,32.25,0,1,0,0,0
2916,0,51,59.8388952819333,0,27.25,1,0,0,0,0
2917,0,60,36.3394100902429,0,32.4169998168945,1,0,0,0,0
2918,0,57,9.89643268124281,0,16.7084999084473,1,0,0,1,0
2919,1,40,12.6582278481013,0,2.58299994468689,0,1,0,0,1
2920,1,47,32.2209436133487,0,18.9169998168945,1,0,0,1,0
2921,0,21,10.3567318757192,0,1.41700005531311,0,1,0,1,0
2922,0,49,10.3567318757192,0,8,0,1,0,1,0
2923,0,45,9.89643268124281,1,12.5830001831055,0,0,1,1,1
2924,0,62,17.7215189873418,0,42.0830001831055,0,1,0,0,0
2925,0,43,18.9873417721519,0,8.33300018310547,0,1,0,0,0
2926,1,54,50.2186421173763,0,30.0834998190403,0,1,0,0,0
2927,0,56,28.1933256616801,0,30,0,1,0,1,0
2928,1,52,15.343306482547,0,20.1665000915527,1,0,0,1,0
2929,0,25,11.5074798619102,0,4.75,1,0,0,0,0
2930,0,61,16.8776371308017,0,37,0,1,0,0,0
2931,0,61,12.945914844649,0,27.4584999084473,0,1,0,1,0
2932,0,32,11.2046514444915,0,10,0,1,0,0,1
2933,0,55,15.343306482547,0,36,1,0,0,0,0
2934,0,25,10.3567318757192,0,2.91649997234345,0,1,0,0,0
2935,0,63,28.7686996547756,0,38.25,1,0,0,0,0
2936,0,42,12.0828538550058,0,14.7504997253418,0,0,1,0,0
2937,1,30,29.9194476409666,0,4.58300018310547,1,0,0,0,0
2938,0,38,5.23590333716916,0,3,1,0,0,1,1
2939,1,48,24.1657077100115,0,26.5,0,1,0,1,0
2940,0,48,10.126582278481,0,11.8335001468658,0,1,0,1,0
2941,1,52,23.0149597238205,1,11.75,0,1,0,0,0
2942,0,43,10.5638665132336,0,4.375,0,1,0,1,0
2943,1,19,2.87686996547756,0,0,0,1,0,0,1
2944,0,63,18.9873417721519,0,39.75,0,1,0,0,1
2945,0,52,15.343306482547,0,21.1669998168945,0,0,1,1,0
2946,0,63,32.3993095512083,0,31.75,1,0,0,1,0
2947,1,52,11.3348676639816,0,17.9169998168945,0,1,0,1,0
2948,0,51,31.6455696202532,0,22.6669998168945,1,0,0,0,0
2949,0,49,23.0149597238205,0,29.5830001831055,0,1,0,1,0
2950,0,45,23.0149597238205,0,20.8330001831055,0,1,0,1,0
2951,0,52,21.9688251909196,0,14.2084999084473,1,0,0,1,0
2952,0,44,31.5477560414269,0,20.5,1,0,0,1,0
2953,1,52,46.029919447641,0,24.4169998168945,1,0,0,1,0
2954,0,52,16.1104718066743,0,31.0830001831055,0,1,0,0,0
2955,0,54,30.8884985767064,0,31.4169998168945,0,1,0,0,0
2956,0,23,12.0554550934298,0,3.08350002765656,0,1,0,1,1
2957,1,55,16.1104718066743,0,37.583499789238,1,0,0,1,0
2958,1,24,15.2013808975834,0,0.874500002712011,0,1,0,1,0
2959,0,29,16.7381525264149,0,6.5,1,0,0,0,0
2960,0,33,41.4269275028769,0,4,1,0,0,0,0
2961,0,58,31.2345881966135,0,28.4169998168945,1,0,0,1,0
2962,0,37,24.1657077100115,0,7.33300018310547,1,0,0,0,0
2963,0,38,28.8749225458086,0,13.5834999084473,1,0,0,0,0
2964,1,44,50.9551208285386,0,13.75,1,0,0,1,0
2965,0,36,21.3309382806141,0,9.66699981689453,1,0,0,1,0
2966,0,48,35.4554784934532,0,24.5830001831055,1,0,0,1,0
2967,0,26,18.1697050451214,0,2.08299994468689,1,0,0,1,0
2968,1,37,10.3567318757192,0,15.25,0,1,0,0,0
2969,0,44,14.1829689298044,0,25.25,0,1,0,0,0
2970,0,46,26.4588346061304,0,18,1,0,0,0,0
2971,0,63,24.8810375392654,0,41.8335000276566,0,1,0,0,0
2972,0,51,6.32911392405063,0,20.7084999084473,0,1,0,1,0
2973,0,44,22.4248325514148,0,13.0830001831055,1,0,0,0,1
2974,0,44,14.9597238204833,0,9.5,0,1,0,0,0
2975,0,32,12.0554550934298,0,7.75,1,0,0,0,0
2976,1,33,16.2284972411555,0,3.75,1,0,0,1,0
2977,0,31,11.0071546505228,0,7.75,0,1,0,1,0
2978,0,48,23.0149597238205,0,3,1,0,0,1,0
2979,0,49,16.8776371308017,0,15.125,1,0,0,1,0
2980,0,26,8.05523590333717,0,2.95850002765656,0,0,1,0,1
2981,1,63,13.2778613791272,0,41.1665000915527,1,0,0,0,0
2982,0,59,21.2445782066035,0,27.4169998168945,1,0,0,1,0
2983,0,43,36.8239355581128,0,25.75,0,1,0,0,0
2984,0,50,9.20598388952819,0,11.3335000276566,0,0,1,1,0
2985,0,30,21.1488819083756,0,3,0,0,1,0,0
2986,1,41,20.1380897583429,0,19.1669998168945,1,0,0,0,0
2987,0,54,28.8761028001534,0,24,0,1,0,1,1
2988,0,45,23.0149597238205,0,8,0,1,0,0,0
2989,0,55,11.9500752412145,0,8.70849990844727,1,0,0,1,1
2990,1,50,28.1933256616801,0,20.5,1,0,0,0,0
2991,1,59,23.0149597238205,0,18.7915000915527,0,1,0,1,0
2992,0,51,26.2370540851554,0,31.25,0,1,0,0,0
2993,0,33,21.8097026224941,0,8.5,0,1,0,0,0
2994,0,43,12.6950517836594,0,9.16650009155273,0,0,1,1,0
2995,1,56,14.3843498273878,0,32.8330001831055,1,0,0,0,0
2996,0,34,25.3164556962025,0,12,1,0,0,0,0
2997,0,41,20.7134637514384,0,10.5830001831055,1,0,0,0,0
2998,1,43,7.6716532412735,0,4.95800000429153,0,1,0,1,0
2999,0,44,23.0149597238205,0,20,1,0,0,0,0
3000,0,37,16.8776371308017,0,8.08349990844727,0,1,0,1,0
3001,1,39,20.7134637514384,0,17.5,0,1,0,0,0
3002,0,52,21.341144471179,0,19.625,0,1,0,1,0
3003,0,61,39.4542166694066,0,41.5,1,0,0,0,0
3004,0,39,20.7134637514384,0,19.5830001831055,0,1,0,1,0
3005,0,48,14.5569620253165,0,18.4995002746582,0,1,0,1,0
3006,0,22,26.2114819076844,0,0,0,1,0,1,1
3007,1,39,4.98657460682777,0,6.125,0,1,0,1,0
3008,0,46,54.5783330593457,0,16.0830001831055,1,0,0,0,0
3009,0,41,28.1933256616801,0,14.9169998168945,0,1,0,0,0
3010,0,45,5.46605293440737,0,19,0,1,0,0,1
3011,0,41,56.8980948727784,0,6.12549996376038,1,0,0,1,0
3012,1,33,9.79779713956929,0,2.75050008296967,0,1,0,1,0
3013,1,37,8.82240122746452,0,14.2495002746582,0,1,0,1,0
3014,1,61,14.7531793101413,0,41.583499789238,0,1,0,1,0
3015,0,35,23.7821250479478,0,6.58349978923798,1,0,0,1,0
3016,0,25,10.6635980053702,0,1.16649997234345,0,1,0,1,0
3017,0,27,25.3164556962025,0,4.16699981689453,1,0,0,1,1
3018,1,55,24.1657077100115,0,32.4169998168945,0,1,0,1,0
3019,0,42,26.0432438980074,0,21,0,1,0,1,0
3020,1,54,16.6858457997699,0,35.1669998168945,0,0,1,1,0
3021,1,42,8.28538550057538,0,25.1669998168945,0,1,0,0,0
3022,0,20,7.38780207134638,0,0,0,0,1,1,1
3023,0,50,10.3567318757192,0,26.1669998168945,0,1,0,1,0
3024,0,25,10.1495972382048,1,0.791499972343445,0,0,1,0,0
3025,0,20,23.0149597238205,1,0.208499997854233,0,1,0,1,0
3026,0,55,28.7686996547756,0,28.4169998168945,1,0,0,0,0
3027,0,58,0.909090909090909,1,40.25,0,1,0,0,0
3028,0,52,17.4913693901036,0,30.0830001831055,1,0,0,1,0
3029,1,39,15.4813962408899,0,10.625,0,1,0,1,0
3030,1,44,9.20598388952819,0,9.33350002765656,0,1,0,1,1
3031,0,45,21.8642117376295,0,8.375,0,1,0,1,0
3032,0,52,12.3926706205187,0,19.5834999084473,0,1,0,0,0
3033,0,52,10.5868814729574,0,7.875,0,1,0,1,0
3034,0,46,10.9919447640967,0,18.7084999084473,0,0,1,1,0
3035,0,18,2.01380897583429,1,0,0,0,1,0,1
3036,0,53,31.4350669398524,0,27.9169998168945,1,0,0,0,0
3037,0,27,10.3199079401611,0,2.29200005531311,1,0,0,0,1
3038,0,48,31.5633733355252,0,24.4169998168945,0,1,0,1,0
3039,0,51,25.8918296892981,0,25.6669998168945,0,1,0,1,0
3040,1,44,5.17836593785961,0,18.7915000915527,0,1,0,1,1
3041,0,30,8.34292289988493,0,8.66699981689453,0,1,0,0,1
3042,0,22,6.63488410323853,0,0.749499969184399,0,0,1,0,1
3043,0,56,66.4876614243703,0,34.6669998168945,1,0,0,0,0
3044,0,50,17.95166858458,0,28.5,0,1,0,0,0
3045,1,59,39.1300345224396,0,35.25,1,0,0,1,0
3046,0,51,17.2612197928654,0,26.916500210762,1,0,0,0,0
3047,0,49,15.5350978135788,0,19,0,0,1,0,0
3048,0,41,57.2842347525892,0,7,1,0,0,1,0
3049,0,51,13.2778610544412,0,8.20800018310547,0,0,1,1,0
3050,0,35,19.5627157652474,0,5.58350002765656,1,0,0,1,0
3051,0,49,9.06789413118527,1,9.20849990844727,0,0,1,1,0
3052,0,48,10.3567318757192,0,4.20849990844727,0,0,1,1,0
3053,0,57,25.6452408351143,0,37.25,0,1,0,1,0
3054,1,56,11.795166858458,0,18.8330001831055,0,1,0,0,0
3055,0,20,11.5074798619102,0,0.166999995708466,0,0,1,0,1
3056,0,46,12.6582278481013,0,21.5,0,0,1,1,0
3057,1,20,12.6582278481013,1,1,0,1,0,1,1
3058,0,26,7.28807057920982,1,0.625,0,1,0,0,0
3059,0,21,5.45091151353643,0,0,0,1,0,1,1
3060,0,40,17.1333589055108,0,9.29150009155273,1,0,0,0,0
3061,0,48,13.8977478217985,0,23.3330001831055,1,0,0,0,0
3062,0,42,69.0448791714615,0,12,1,0,0,0,0
3063,0,49,29.6771849070317,0,19.5830001831055,1,0,0,1,0
3064,1,53,287.686996547756,0,30.5830001831055,1,0,0,1,0
3065,0,48,9.97314921365554,0,24.7080001831055,0,1,0,0,1
3066,0,55,13.8089758342923,0,23.9584999084473,0,1,0,1,0
3067,0,40,92.0598388952819,0,20.8330001831055,0,1,0,0,0
3068,0,47,8.95026211481908,1,11.1665000915527,0,1,0,1,0
3069,0,58,17.4913693901036,0,33.75,1,0,0,0,0
3070,0,48,42.0391254315305,0,19.9169998168945,1,0,0,0,0
3071,0,41,27.6179516685846,0,21,0,1,0,0,0
3072,0,31,5.95681310498883,1,4.58350002765656,0,1,0,1,0
3073,0,49,2.30149597238205,1,14.0415000915527,0,1,0,1,0
3074,0,62,4.02761795166859,0,21.0419998168945,1,0,0,1,0
3075,0,35,37.3993095512083,0,7.41699981689453,1,0,0,1,0
3076,1,52,25.8116260417756,0,21.7084999084473,0,1,0,1,0
3077,1,53,16.6858457997699,0,24.5834998190403,1,0,0,1,0
3078,0,53,38.3582662063675,0,31,0,1,0,0,0
3079,1,42,20.7134637514384,0,24.3745001554489,1,0,0,1,0
3080,1,39,10.6222891033018,0,12.8330001831055,1,0,0,0,0
3081,0,57,13.8089758342923,0,36.5830001831055,0,1,0,0,0
3082,0,48,22.3820483314154,0,25.4169998168945,1,0,0,0,0
3083,0,35,11.5074798619102,0,13.3330001831055,1,0,0,0,0
3084,0,57,17.2612197928654,0,27.6665000915527,0,1,0,1,0
3085,0,38,25.3958176262847,0,9.33349990844727,1,0,0,1,1
3086,0,57,18.3008610769414,0,25.4584999084473,0,1,0,1,0
3087,0,51,20.592332384471,0,18.1669998168945,1,0,0,0,0
3088,0,30,16.3894410154479,0,3.87549990415573,0,1,0,1,0
3089,0,28,9.78135788262371,0,1.83349996805191,0,1,0,1,0
3090,0,56,18.4119677790564,0,23.4169998168945,0,1,0,1,0
3091,0,42,31.6455696202532,0,14.3330001831055,1,0,0,0,0
3092,0,56,23.6725300016439,0,37.25,0,1,0,0,0
3093,0,43,19.3810187147962,0,12.1665000915527,1,0,0,1,0
3094,1,37,42.3475258918297,0,5.125,1,0,0,1,0
3095,0,59,17.4468243067671,0,21.7084999084473,0,1,0,1,0
3096,0,49,25.7767548906789,0,16.8334999084473,0,1,0,1,0
3097,0,38,19.3810187147962,0,18.5830001831055,0,1,0,0,0
3098,0,28,19.9048300314123,0,0.5,0,1,0,0,0
3099,0,38,20.253164556962,0,12.3330001831055,1,0,0,1,0
3100,0,54,18.4119677790564,0,6.62549996376038,0,1,0,1,0
3101,0,25,10.3567318757192,0,1.58299994468689,0,1,0,1,0
3102,0,52,29.005424954792,0,29.3334999084473,0,1,0,0,0
3103,0,50,34.1353698085574,0,21.625,1,0,0,1,0
3104,1,40,34.5224395857307,0,14.7085000276566,0,1,0,1,0
3105,0,23,3.63394100902429,0,0,0,0,1,1,1
3106,1,57,41.4269275028769,0,37.5830001831055,1,0,0,0,0
3107,0,63,21.4806290755658,0,16.6665000915527,0,1,0,1,0
3108,0,53,32.2209436133487,0,12.0834999084473,1,0,0,1,0
3109,0,35,53.8418543481835,0,8.83300018310547,0,1,0,1,0
3110,0,52,46.029919447641,0,23.9169998168945,0,1,0,1,0
3111,0,39,14.3843498273878,0,26.7915000915527,0,1,0,1,0
3112,0,24,14.0335120267198,0,4.75,0,1,0,0,0
3113,0,25,14.9597238204833,0,1,0,1,0,0,0
3114,0,40,17.7038151721696,0,13.75,0,1,0,0,0
3115,0,45,9.86355416735164,0,25.5830001831055,0,1,0,0,0
3116,1,53,25.7767548906789,0,16.1245002746582,1,0,0,0,0
3117,0,59,19.5627157652474,0,34.1669998168945,1,0,0,0,0
3118,0,35,13.6248561565017,0,1.95850002765656,0,0,1,1,0
3119,0,23,13.5212888377445,0,2,1,0,0,1,0
3120,0,50,17.2612197928654,0,24.0830001831055,0,1,0,0,0
3121,0,28,10.9321058688147,0,8,0,1,0,1,0
3122,0,59,10.126582278481,0,19.0834999084473,0,1,0,1,0
3123,0,53,16.8776371308017,0,17.2915000915527,0,1,0,1,0
3124,0,40,17.5640482102841,0,21.4169998168945,0,0,1,0,0
3125,1,62,11.1392405063291,0,40.75,0,1,0,0,0
3126,0,22,3.45224395857307,0,0.208499997854233,0,0,1,0,1
3127,0,47,10.9321058688147,0,15.625,0,1,0,1,0
3128,1,46,12.718793531585,0,22.1669998168945,0,1,0,1,0
3129,0,61,43.1530494821634,0,44.5,1,0,0,0,0
3130,0,42,25.2279366203417,0,10.6665000915527,0,1,0,1,0
3131,0,63,9.20598388952819,0,38.125,1,0,0,1,0
3132,0,57,40.2761795166859,0,34.6669998168945,0,1,0,0,0
3133,1,34,27.1994978554242,0,3.41650009155273,0,0,1,1,1
3134,0,45,11.2046514444915,0,20.9584999978542,0,1,0,0,1
3135,1,38,16.4392569455861,0,14.25,0,1,0,0,1
3136,0,43,23.6206165586579,0,23.25,1,0,0,0,0
3137,0,28,17.7333215307899,0,5.20799994468689,1,0,0,1,0
3138,1,44,15.3213874732862,0,9.5,0,1,0,0,0
3139,0,37,26.4672036823936,0,8.99950018525124,1,0,0,0,0
3140,0,56,19.7271083347033,0,27.25,0,1,0,1,0
3141,1,34,34.0046029919448,0,6.58300018310547,1,0,0,1,0
3142,1,35,23.4944380514001,0,5.95849990844727,1,0,0,1,0
3143,0,63,40.2761795166859,0,44.5,0,1,0,0,0
3144,1,42,18.9873417721519,0,20,0,1,0,0,0
3145,0,33,13.8089758342923,0,1.91700005531311,0,1,0,0,0
3146,1,43,13.4253931722286,0,16.5,1,0,0,0,0
3147,0,31,24.741081703107,0,7.54149999842048,1,0,0,0,0
3148,0,41,5.34522439585731,0,14.0830001831055,0,1,0,0,0
3149,0,55,31.0701956271577,0,17.083499789238,1,0,0,1,0
3150,0,52,20.1216505013973,0,16.833499789238,0,1,0,1,0
3151,1,50,10.3567318757192,0,23.7084999084473,0,1,0,1,0
3152,0,38,14.9597238204833,0,16.0830001831055,1,0,0,1,1
3153,0,50,6.90448791714615,0,27.2504998445511,0,1,0,0,0
3154,0,38,15.343306482547,0,19.4169998168945,0,1,0,0,0
3155,0,46,21.1488819083756,0,23,0,1,0,0,0
3156,0,46,18.0117076099465,0,15.9995002746582,1,0,0,1,1
3158,0,63,23.5763002048893,0,40.4169998168945,0,1,0,0,0
3159,0,52,12.566168009206,0,23.7915000915527,0,1,0,1,0
3160,0,27,9.58956655159187,0,0.75,0,0,1,1,0
3161,0,32,25.8918296892981,0,5.33300018310547,1,0,0,0,0
3162,0,52,27.6179516685846,0,32.8330001831055,0,1,0,0,0
3163,0,36,15.8547500319652,0,8.66699981689453,1,0,0,0,0
3164,0,58,26.8507863444572,0,32.5830001831055,1,0,0,1,0
3165,0,55,25.3164556962025,0,15.6665000915527,0,1,0,1,0
3166,0,51,23.0149597238205,0,29.9169998168945,0,1,0,1,0
3167,0,58,25.9655955858488,0,29.375,0,1,0,1,0
3168,0,47,12.5536143948112,0,14.5,0,0,1,1,0
3169,0,36,18.1697050451214,0,6.83350014686585,0,1,0,1,0
3170,0,43,11.5074798619102,0,13.625,0,1,0,1,0
3171,0,26,18.4119677790564,0,4.49949991703033,0,1,0,0,0
3172,1,64,24.1657077100115,0,41.75,1,0,0,0,0
3173,0,40,11.795166858458,0,21.0830001831055,0,0,1,0,1
3174,0,55,14.3065965850776,0,32.1669998168945,0,1,0,0,0
3175,0,40,19.5627157652474,0,5,1,0,0,1,1
3176,1,52,20.7134637514384,0,24.1669998168945,1,0,0,0,0
3177,0,30,4.6029919447641,1,8,0,0,1,0,0
3178,0,23,17.2612197928654,0,3.58349999785423,0,1,0,0,0
3179,0,61,46.029919447641,0,29,1,0,0,0,0
3180,0,34,61.1175041554789,0,8.16699981689453,1,0,0,1,0
3181,0,48,10.9018230270729,0,25.75,0,0,1,0,0
3182,1,51,14.2329356186785,0,28.1669998168945,0,1,0,1,0
3183,0,39,29.4591484464902,0,11.2915000915527,1,0,0,1,0
3184,0,39,12.6582278481013,0,13.75,1,0,0,0,0
3185,0,44,34.8010417297559,0,21.5830001831055,1,0,0,0,0
3186,0,47,80.5523590333717,0,17,1,0,0,0,0
3187,0,24,7.60151241163899,0,2.29150003194809,0,1,0,1,1
3188,0,59,17.7392228025139,0,35,0,0,1,0,0
3189,1,58,16.1104718066743,0,38.6669998168945,1,0,0,1,0
3190,1,40,13.0418105101649,0,12.0830001831055,0,1,0,1,0
3191,0,55,26.1250894162287,0,24.6669998168945,0,1,0,1,0
3192,0,30,2.01380897583429,1,2.24949991703033,0,1,0,0,1
3193,0,28,18.1242807825086,0,5.66699981689453,1,0,0,0,0
3194,0,54,30.4948216340621,0,34.3330001831055,0,1,0,0,0
3195,0,58,35.6731875719218,0,31.6669998168945,1,0,0,0,0
3196,0,40,18.4119677790564,0,5.16650009155273,0,1,0,1,0
3197,1,43,53.9413118527043,0,15.5830001831055,1,0,0,0,1
3198,0,39,19.3810187147962,0,7.83349990844727,1,0,0,1,0
3199,1,44,18.6996547756041,0,12.7080001831055,1,0,0,1,0
3202,0,32,10.9595046303907,0,2.08299994468689,1,0,0,0,1
3203,1,56,18.4119677790564,0,32.25,0,1,0,1,0
3204,0,18,4.02761795166859,0,0,0,0,1,0,1
3205,0,50,37.6608431844335,0,22.5,1,0,0,0,0
3207,1,32,21.7363508502749,0,5.74950009584427,1,0,0,0,0
3208,0,42,20.1380897583429,0,13.3335000276566,0,1,0,0,0
3209,0,27,15.7175334699262,0,7.58349978923798,1,0,0,0,0
3210,0,32,11.836265000822,0,8.29199981689453,0,1,0,1,0
3211,0,59,40.0920598388953,0,32,1,0,0,1,0
3212,0,46,6.32911392405063,0,9.125,1,0,0,1,0
3213,0,19,4.6733154328091,0,0.333000004291534,0,0,1,0,1
3214,0,52,39.0820070781857,0,27.1669998168945,1,0,0,0,0
3215,0,30,13.4900542495479,0,5.70799994468689,1,0,0,1,0
3216,0,41,10.2288709883647,0,1.04149997234345,0,1,0,1,0
3217,0,55,11.5074798619102,0,32.6669998168945,0,1,0,0,0
3218,0,53,63.2911392405063,0,27.2084999084473,1,0,0,0,0
3219,0,49,14.3843498273878,0,22.75,0,1,0,1,0
3220,1,50,5.5379746835443,0,16.2504997253418,0,1,0,1,0
3221,0,38,12.718793531585,0,19.5,1,0,0,1,0
3222,0,27,13.4253931722286,0,6.62549981474876,0,1,0,0,0
3223,1,45,14.6638171954628,0,24.0830001831055,1,0,0,0,0
3224,0,48,17.9005242296382,0,20.1665000915527,0,0,1,1,0
3225,0,52,57.5373993095512,0,24.6669998168945,1,0,0,0,0
3226,0,45,52.2523276493357,0,27.9169998168945,0,1,0,0,0
3227,0,18,6.19586942038641,0,0,0,0,1,1,1
3228,0,55,19.3534888586672,0,33,1,0,0,0,0
3229,0,51,41.4269275028769,0,25.4169998168945,1,0,0,0,0
3230,0,27,13.0198915009042,0,2.5,0,0,1,0,0
3231,0,58,13.8089758342923,0,26.0415000915527,0,1,0,1,0
3232,0,43,42.7420680585238,0,15,0,1,0,0,0
3233,0,36,23.0149597238205,0,12.3330001831055,0,1,0,1,0
3234,1,61,19.1791331031837,0,40.7085000276566,0,1,0,1,0
3235,0,54,41.3089020683958,0,22.6669998168945,1,0,0,0,0
3236,1,50,12.4664365170694,0,14.6664999723434,1,0,0,0,0
3237,0,22,6.90448791714615,1,0,0,1,0,1,0
3238,0,50,49.8657460682777,0,31.3330001831055,0,1,0,0,0
3239,1,42,2.41657077100115,1,8.41650000214577,0,1,0,1,0
3240,1,43,21.5765247410817,0,11.1665000915527,1,0,0,0,0
3241,1,58,23.4994851916904,0,32.0414999984205,1,0,0,0,0
3242,0,51,16.6660053172493,0,28.2084999084473,0,1,0,1,0
3243,0,43,38.7966463915831,0,10.5,1,0,0,0,0
3244,1,26,13.9301072012598,0,3.24949994683266,1,0,0,1,0
3245,1,40,9.78135788262371,0,8.66699981689453,0,1,0,1,0
3246,1,59,10.6855170146309,0,32.4165000915527,0,1,0,0,0
3247,0,35,5.91813250041098,0,2.29150009155273,1,0,0,1,0
3248,0,31,19.9462984273111,0,5.87450015544891,1,0,0,1,0
3249,0,43,21.7794197807522,0,28.9580001831055,0,1,0,0,0
3250,0,44,8.74568469505178,0,6.41650009155273,0,0,1,1,0
3251,0,44,21.2197928653625,0,19.5,0,1,0,1,0
3252,0,54,25.43758706317,0,34.4169998168945,1,0,0,0,0
3253,0,59,16.1104718066743,0,36.708499815315,0,1,0,0,0
3254,1,21,15.1414208709345,0,2.25,0,1,0,0,0
3255,0,41,6.90448791714615,0,14.2915000021458,0,0,1,0,0
3256,0,33,12.3705408515535,0,1.83350005745888,0,0,1,0,0
3257,0,58,17.4167262774858,0,37.25,0,1,0,0,0
3258,0,54,8.63060989643268,0,18.3330001831055,0,1,0,1,0
3259,0,44,30.686612965094,0,18,1,0,0,0,0
3260,0,57,41.3089020683958,0,27,1,0,0,0,0
3261,0,32,3.45224395857307,0,12.7085000276566,0,0,1,0,0
3262,0,51,21.6772151898734,0,14.75,1,0,0,1,0
3263,0,48,21.6216216216216,0,26.8330001831055,0,1,0,1,0
3264,0,49,23.0149597238205,0,27.25,0,1,0,0,0
3265,0,44,4.6029919447641,0,11.9165000915527,0,0,1,1,0
3266,0,47,86.3060989643268,0,20.4169998168945,1,0,0,0,0
3267,0,44,28.6131931701552,0,15.4169998168945,1,0,0,0,0
3268,0,50,31.6455696202532,0,22.7915000915527,1,0,0,0,0
3269,0,48,11.5074798619102,0,24.5,1,0,0,1,0
3270,0,53,25.2205600306866,0,22,0,1,0,1,0
3271,1,63,31.5384310146423,0,23.625,1,0,0,0,0
3272,1,54,16.8776371308017,0,35.7914999723434,0,1,0,0,0
3273,0,61,8.45799769850403,1,23.125,0,0,1,1,0
3274,0,35,9.11008822401227,0,14,0,0,1,0,0
3275,0,47,11.5074798619102,0,17.5,0,0,1,1,0
3276,0,47,31.0701956271577,0,19,0,1,0,1,0
3277,0,30,24.741081703107,0,4.625,1,0,0,0,0
3278,1,28,17.2612197928654,0,6.83299994468689,0,1,0,0,0
3279,1,34,10.126582278481,0,3.83349990844727,0,1,0,0,0
3280,0,62,1.38089758342923,1,22.75,0,1,0,1,0
3281,0,57,21.5765247410817,0,20.3754997253418,1,0,0,1,0
3282,0,39,10.3567318757192,0,7.375,0,1,0,1,0
3283,0,19,1.15074798619102,1,0,0,0,1,1,1
3284,0,50,18.2762385294031,0,19.0419998168945,0,1,0,1,1
3285,0,55,34.193654446819,0,33,0,1,0,0,0
3286,0,45,10.9321058688147,0,12,0,0,1,0,1
3287,0,47,25.4660529344074,0,20.5414999723434,1,0,0,0,0
3288,0,39,16.9583913754467,0,15.25,0,1,0,0,0
3289,0,51,43.1162255466053,0,23.5830001831055,1,0,0,0,0
3290,0,40,21.8036460541457,0,18.5419998168945,0,1,0,0,0
3291,0,25,15.5506484620409,0,0.833000004291534,0,1,0,0,1
3292,0,25,13.9301072012598,0,4.41699981689453,0,0,1,0,0
3293,0,23,6.90448791714615,0,0.25,0,1,0,1,1
3294,0,54,16.7381525264149,0,28.7915000915527,0,1,0,1,0
3295,1,56,15.7553838566497,0,5.33349990844727,0,1,0,1,0
3296,0,59,95.8956655159187,0,29.5830001831055,1,0,0,0,0
3297,0,27,4.6029919447641,0,0,1,0,0,0,1
3298,1,47,27.1065081191664,0,20,1,0,0,1,0
3299,0,44,17.7038151721696,0,22.3330001831055,0,1,0,0,0
3300,1,60,29.3166748862951,0,36.25,1,0,0,1,0
3301,0,20,6.57570277823442,0,0.458499997854233,0,1,0,1,1
3302,0,40,12.0740019474197,0,13.375,0,1,0,1,1
3303,0,35,12.945914844649,0,3.5,0,1,0,1,1
3304,0,61,34.403528960491,0,44.8330001831055,1,0,0,0,0
3305,0,64,12.945914844649,0,38.625,0,1,0,0,0
3306,0,25,10.126582278481,1,1.625,0,1,0,1,1
3307,1,58,38.755980861244,0,33.25,1,0,0,0,0
3308,0,62,15.1414208709345,0,40.1669998168945,0,1,0,0,0
3309,0,52,37.3215563088981,0,29.25,1,0,0,0,0
3310,0,29,18.4119677790564,0,5.33350002765656,1,0,0,1,1
3311,0,36,4.89067894131185,0,7,1,0,0,0,1
3312,0,51,35.4813962408899,0,12.4995002746582,1,0,0,1,0
3313,1,53,8.63060989643268,0,14.6664999723434,0,1,0,1,0
3314,0,54,16.9583913754467,0,27.9165000915527,1,0,0,1,0
3315,0,49,47.2412331173157,0,15.0415000915527,1,0,0,1,0
3316,0,51,52.9344073647871,0,24.3330001831055,1,0,0,0,0
3317,0,31,20.9226906580186,0,2.25,1,0,0,1,1
3318,0,49,10.5211244451751,0,23.6669998168945,0,0,1,1,0
3319,0,63,297.341772151899,0,37.0834999084473,1,0,0,0,0
3320,0,46,14.3843498273878,0,20.75,0,1,0,0,0
3321,1,48,18.4119677790564,0,25.3330001831055,0,1,0,0,0
3322,0,22,15.5350978135788,0,2.08299994468689,0,1,0,0,0
3323,0,60,17.0968272234095,0,23.8754997253418,1,0,0,0,0
3324,1,33,11.5074798619102,0,0.916500002145767,0,0,1,1,1
3325,0,40,22.8078250863061,0,7.83349990844727,1,0,0,1,0
3326,0,45,16.6858457997699,0,25,0,1,0,0,0
3327,0,53,7.82508630609897,0,20.5,1,0,0,1,0
3328,0,42,9.97314921365554,0,13.4995001554489,0,0,1,1,0
3329,0,35,14.9597238204833,0,3.5,0,1,0,1,0
3330,1,40,12.3053317990027,0,9.125,0,0,1,1,0
3331,0,26,17.2612197928654,0,4.95799994468689,1,0,0,0,0
3332,0,42,23.0149597238205,0,15.5834999084473,0,1,0,1,0
3333,0,56,25.5256826027827,0,34.5,0,1,0,0,0
3334,0,24,5.58112773302647,0,0.166999995708466,0,1,0,0,1
3335,0,61,30.686612965094,0,33.3330001831055,1,0,0,0,0
3336,1,41,20.8141542002301,0,16.7085000276566,1,0,0,1,0
3337,0,22,9.78135788262371,0,3.41700005531311,0,0,1,0,1
3338,1,23,8.81472957422325,0,2.41700005531311,0,0,1,0,1
3339,0,40,47.9478327579593,0,16.5830001831055,1,0,0,0,0
3340,1,29,12.6582278481013,0,9.25,0,1,0,0,0
3341,0,44,9.39010356731876,0,2,0,1,0,1,0
3342,0,42,23.0149597238205,0,18,0,1,0,0,0
3343,0,52,34.5224395857307,0,32.1669998168945,1,0,0,0,0
3344,0,36,17.644802454929,0,6.66650009155273,1,0,0,1,0
3345,0,48,103.548139624089,0,28.25,1,0,0,0,0
3346,0,51,42.521023280517,0,23.5,1,0,0,0,0
3347,0,30,7.88262370540852,0,7.16699981689453,0,0,1,0,0
3348,0,47,8.43881856540084,0,17.1665000021458,1,0,0,1,1
3349,0,29,12.0828538550058,0,5,0,0,1,0,1
3350,0,39,15.180079817839,0,15.6669998168945,0,1,0,0,0
3351,0,52,23.0149597238205,0,12.625,1,0,0,1,0
3352,0,21,4.22324510932106,0,0,0,0,1,0,1
3353,0,18,5.39034583005269,0,0,0,0,1,0,1
3354,0,58,16.1104718066743,0,18.75,1,0,0,0,0
3355,1,39,21.288837744534,0,14.1669998168945,1,0,0,0,0
3356,0,20,9.20598388952819,0,0.5,0,1,0,1,0
3357,0,60,16.1104718066743,0,39.4169998168945,0,1,0,0,0
3358,0,53,24.3301002794674,0,30.5,0,0,1,0,0
3359,1,62,11.5074798619102,0,42.1669998168945,0,1,0,0,0
3360,0,49,12.8538550057537,0,10.0834999084473,0,1,0,1,0
3361,0,38,14.9597238204833,0,9.5,1,0,0,1,0
3362,0,55,38.3582662063675,0,33.0830001831055,0,1,0,1,0
3363,0,57,20.253164556962,0,32.75,0,1,0,1,0
3364,0,30,18.2939423445753,0,6.33300018310547,1,0,0,0,0
3365,0,39,10.9735327963176,0,12.25,0,1,0,1,0
3366,0,36,15.7470777057719,0,10.25,0,1,0,1,0
3367,0,44,58.5835338424521,0,13.25,1,0,0,0,0
3368,0,28,5.20713463751439,0,1.04149997234345,0,0,1,1,1
3369,0,41,9.20598388952819,0,16.4169998168945,0,1,0,0,0
3370,0,42,28.3774453394707,0,14.0834999978542,1,0,0,0,0
3371,0,56,29.1522823168393,0,32.5004998147488,1,0,0,1,0
3372,1,58,3.0686612965094,1,18.1254997253418,0,1,0,0,0
3373,0,51,11.7632016366194,0,19.0830001831055,0,0,1,0,0
3374,1,24,16.9583913754467,0,1.75,1,0,0,0,0
3375,1,52,107.418488684312,0,17.875,1,0,0,0,0
3376,0,30,10.3567318757192,0,6.41699981689453,0,0,1,0,0
3377,1,22,5.98388952819333,0,0.541499972343445,0,1,0,1,1
3378,0,40,11.5074798619102,0,7.66650009155273,0,1,0,0,0
3379,0,39,12.0490083260001,0,15.6254998445511,0,1,0,0,0
3380,1,31,8.43881856540084,0,2.79150009155273,0,1,0,0,0
3381,0,42,18.8840695169809,0,23,0,1,0,0,0
3382,0,23,9.20598388952819,0,2.91700005531311,0,0,1,0,1
3383,0,23,14.3843498273878,0,5,0,0,1,0,1
3384,0,27,12.3494905835134,0,2.5,0,1,0,0,1
3385,0,43,2.87686996547756,0,8.54150009155273,0,0,1,1,1
3386,1,61,17.7038151721696,0,29.4169998168945,1,0,0,1,0
3387,1,58,10.3567318757192,0,29.25,1,0,0,1,0
3388,1,26,20.7134637514384,0,0.375,0,1,0,1,0
3389,1,35,16.5707710011508,0,7.54150021076202,0,1,0,1,1
3390,1,51,9.30461943120171,0,23.4169998168945,0,1,0,1,0
3391,0,50,14.7531793101413,0,29,0,1,0,0,0
3392,0,26,8.00920598388953,0,3.91700005531311,0,0,1,0,0
3393,0,36,21.5765247410817,0,9.33300018310547,0,1,0,0,0
3394,0,60,10.5868814729574,0,8.875,0,1,0,1,0
3395,0,46,9.20598388952819,0,2.8335000872612,0,1,0,1,0
3396,0,42,23.0083840210423,0,9.5,0,1,0,1,0
3397,0,51,54.3408771256873,0,20.6669998168945,1,0,0,0,0
3398,1,36,11.5074798619102,0,9.33300018310547,0,0,1,0,1
3399,0,55,29.355581127733,0,34.3330001831055,0,1,0,0,0
3400,0,52,13.3486766398159,0,33.8330001831055,0,1,0,1,0
3401,0,35,2.76179516685846,1,9.33300018310547,1,0,0,1,0
3402,1,52,15.2550824702723,0,25,1,0,0,0,0
3403,1,41,12.6582278481013,0,16.5,0,1,0,0,0
3404,0,37,19.1791331031837,0,6.83350014686585,0,1,0,1,0
3405,0,64,48.9067894131185,0,44.6669998168945,1,0,0,0,0
3406,0,39,20.7134637514384,0,17.25,0,1,0,0,0
3407,1,28,17.2612197928654,0,5.08349999785423,0,1,0,1,0
3408,0,41,17.7543975012329,0,21.625,0,1,0,0,0
3409,0,37,17.2151898734177,0,8.25,0,1,0,0,0
3410,1,53,29.3440736478711,0,27.75,1,0,0,1,0
3411,0,57,15.2128883774453,0,30.6669998168945,1,0,0,0,0
3412,0,44,7.05792098197162,0,9.08349990844727,0,1,0,1,0
3413,0,62,21.4806290755658,0,24.9584999084473,0,1,0,1,0
3414,0,35,19.3810187147962,0,13.4584999978542,1,0,0,1,0
3415,0,49,3.0686612965094,1,5.41650009155273,1,0,0,1,0
3416,0,59,12.945914844649,0,32.4580001831055,0,1,0,1,0
3417,0,49,17.9005242296382,0,21.4995001852512,1,0,0,0,0
3418,1,32,8.63060989643268,0,13.5004998147488,0,0,1,0,1
3419,0,46,9.97314921365554,0,2.79150009155273,0,0,1,1,1
3420,1,54,35.3643025861547,0,35.25,0,1,0,0,0
3421,0,54,13.4801906953806,0,21.9169998168945,0,1,0,0,1
3422,0,51,27.6179516685846,0,28.6669998168945,1,0,0,0,0
3423,0,55,7.05792098197161,1,26.5,0,0,1,0,0
3424,0,31,51.7683160721136,0,8.1254997253418,0,1,0,1,0
3425,0,23,8.78202410514203,0,1.66699999570847,0,1,0,1,0
3426,0,25,30.2482327798784,0,1.41700005531311,1,0,0,0,0
3427,0,57,11.9869581894898,0,29.5834999084473,1,0,0,1,0
3428,0,49,17.5297276563099,0,23.5,0,1,0,1,0
3429,0,45,7.3520010228871,0,10.0834999084473,0,0,1,1,1
3430,0,60,15.1898734177215,0,40.25,0,1,0,0,0
3431,0,41,37.0448791714615,0,20,0,1,0,0,0
3432,1,48,12.2746451860376,0,28.5,0,1,0,1,0
3433,0,26,8.05523590333717,0,3.91700005531311,0,1,0,0,0
3434,1,63,9.20598388952819,1,38.7084999084473,1,0,0,1,0
3435,0,19,4.31530494821634,0,0.75,0,0,1,1,1
3436,1,48,12.6582278481013,0,28.5830001831055,0,1,0,1,0
3437,0,41,11.5765247410817,0,19,0,0,1,0,0
3438,1,39,31.4941554115438,0,14.6669998168945,0,1,0,0,0
3439,0,29,9.20023014959724,0,6,1,0,0,0,1
3440,0,53,32.2209436133487,0,29,1,0,0,0,0
3441,0,57,15.9148446490219,0,14.0830001831055,1,0,0,1,0
3442,0,43,16.3774453394707,0,23,0,1,0,0,0
3443,1,53,11.9042895123209,0,18.5415000915527,0,1,0,1,0
3444,0,46,31.5239191188558,0,20.1669998168945,0,1,0,0,0
3445,1,21,10.9321058688147,0,3.16700005531311,0,0,1,0,0
3446,1,58,16.8776371308017,0,27.6669998168945,0,1,0,1,0
3447,0,20,6.75653460463587,0,0,0,1,0,1,1
3448,1,31,10.3567318757192,0,9.16699981689453,0,0,1,0,0
3449,0,57,27.6179516685846,0,37.9169998168945,0,1,0,0,0
3450,0,51,41.9383710522951,0,9,1,0,0,0,0
3451,0,35,16.1104718066743,0,13.6254997253418,1,0,0,0,0
3452,0,41,12.4280782508631,0,10.875,1,0,0,1,0
3453,0,52,34.5224395857307,0,8.625,1,0,0,0,1
3454,0,52,17.5640482102841,0,34,0,1,0,0,0
3455,0,23,10.0690448791715,0,0.833000004291534,0,1,0,0,1
3456,1,64,9.89643268124281,0,43.25,0,1,0,0,0
3457,0,49,23.590333716916,0,29.1669998168945,1,0,0,0,0
3458,1,57,32.7963176064442,0,31.2080001831055,1,0,0,1,0
3459,1,37,161.104718066743,0,10.9585000276566,1,0,0,1,0
3460,1,46,20.7134637514384,0,21.0834999084473,0,1,0,0,0
3461,1,38,11.5074798619102,0,5.83349990844727,0,1,0,1,0
3462,1,49,28.6131931701552,0,21.4169998168945,1,0,0,1,0
3463,0,30,25.4049747720634,0,2.41700005531311,0,1,0,1,0
3464,1,38,10.126582278481,0,7.29150009155273,0,1,0,1,0
3465,0,35,12.4280782508631,0,11,1,0,0,0,0
3466,0,36,10.3567318757192,0,3.08350002765656,0,1,0,1,0
3467,1,56,9.63751438434983,0,35.9164999723434,0,1,0,0,0
3468,0,22,7.2974262538943,0,1.83299994468689,0,1,0,0,0
3469,0,53,20.1380897583429,0,19.25,1,0,0,0,0
3470,0,36,40.4316860013063,0,15.25,1,0,0,0,0
3471,0,59,23.8085790246419,0,15.1665000915527,1,0,0,1,0
3472,1,52,33.3716915995397,0,29.4169998168945,1,0,0,0,0
3473,0,25,18.660778154449,0,3.91700005531311,0,1,0,0,0
3474,0,24,16.6858457997699,0,4.08300018310547,0,1,0,0,0
3475,0,64,191.791331031837,0,38.25,1,0,0,0,0
3476,0,41,37.3993095512083,0,21.5,1,0,0,0,0
3477,0,57,25.2603216480957,0,35.666500210762,0,1,0,0,0
3478,1,29,9.14378129568003,0,1.29149999842048,0,1,0,0,1
3479,0,45,17.2612197928654,0,2.25,0,1,0,1,0
3480,1,18,5.75373993095512,0,0,0,0,1,1,1
3481,1,24,10.7019562715765,0,3.08300000429153,1,0,0,1,0
3482,0,21,9.86355416735164,0,0.166999995708466,0,1,0,1,1
3483,0,44,11.5074798619102,0,24,0,1,0,0,0
3484,0,61,26.3028111129377,0,37.25,0,1,0,1,0
3485,0,49,44.9528193325662,0,11.6245002746582,1,0,0,1,0
3486,1,54,11.795166858458,0,36,0,1,0,1,0
3487,0,51,28.7686996547756,0,16.3745002746582,1,0,0,0,0
3488,0,20,8.05523590333717,0,0.708000004291534,0,1,0,1,0
3489,0,51,20.6544510341979,0,24.4584999084473,0,1,0,1,0
3490,0,31,42.0273177565418,0,6.2504997253418,0,1,0,1,0
3491,0,57,22.5304342559506,0,34.25,0,1,0,0,0
3492,0,34,17.2612197928654,0,3.4164999127388,0,1,0,1,1
3493,0,61,19.1791331031837,0,35.25,0,1,0,1,0
3494,0,60,11.5074798619102,0,41,0,1,0,0,0
3495,1,35,13.3244503664224,0,9.5,1,0,0,0,0
3496,0,41,14.7295742232451,0,6.5,0,1,0,1,1
3497,0,37,29.4080040915484,0,3.8335000872612,1,0,0,1,0
3498,0,35,9.6905093573981,0,14.75,0,0,1,0,0
3499,0,36,16.278873950995,0,11,1,0,0,0,1
3500,0,52,31.9071032534784,0,25.6669998168945,1,0,0,0,0
3501,0,54,42.8826237054085,0,28.9169998168945,1,0,0,0,0
3502,1,59,24.9443805140008,0,40.4169998168945,1,0,0,0,0
3503,0,60,39.5765247410817,0,30.0830001831055,1,0,0,0,0
3504,0,23,9.58956655159187,0,1.91700005531311,0,0,1,1,0
3505,1,50,6.44418872266974,0,27.25,0,1,0,0,0
3506,0,28,17.95166858458,0,4.20850002765656,0,1,0,1,0
3507,1,57,37.7445339470656,0,31.0830001831055,1,0,0,0,0
3508,0,50,32.3647871116226,0,20.9165000915527,1,0,0,0,0
3509,0,56,14.2692750287687,0,17.2915000915527,0,1,0,1,0
3510,1,41,20.1380897583429,0,10.25,0,1,0,1,0
3511,1,23,8.63060989643268,0,1,0,1,0,0,0
3512,0,46,36.6142437028513,0,25.5830001831055,1,0,0,0,0
3513,1,62,7.6716532412735,0,25.7084999084473,0,1,0,1,0
3514,0,20,4.72101737924523,0,0,0,1,0,1,1
3515,0,54,14.3065965850776,0,24.9165000915527,0,1,0,1,0
3516,0,45,11.9102416570771,0,11,0,1,0,0,0
3517,1,50,60.574095384222,0,16.9584999084473,1,0,0,0,0
3518,1,34,24.1196777905639,0,9.41699981689453,1,0,0,1,0
3519,1,45,25.5721774709117,0,15,1,0,0,0,0
3520,0,19,2.5891829689298,0,0,0,0,1,0,1
3521,0,21,21.8642117376295,1,1.29149997234345,0,1,0,0,1
3522,0,45,25.8918296892981,0,23.6669998168945,0,1,0,0,0
3523,0,38,28.7686996547756,0,7.58300018310547,1,0,0,0,0
3524,0,57,19.5627157652474,0,38.25,0,1,0,0,0
3525,0,61,26.5557227582544,0,41.4169998168945,1,0,0,0,0
3526,0,48,23.9355581127733,0,26.9169998168945,0,1,0,0,0
3527,0,58,22.9559470065799,0,36.4169998168945,0,1,0,0,0
3528,0,22,10.3567318757192,0,0.416500002145767,0,1,0,1,0
3529,1,48,28.6131931701552,0,27.5834998190403,0,1,0,0,0
3530,0,30,12.718793531585,0,1.16700005531311,0,1,0,1,1
3531,0,48,17.5680859225163,0,12.7915000915527,0,1,0,1,0
3532,0,62,21.795166858458,0,41.4169998168945,0,1,0,0,0
3533,0,28,12.241999853096,0,9.16699981689453,0,1,0,0,0
3534,1,63,28.7686996547756,0,43,0,1,0,0,0
3535,0,51,19.5627157652474,0,25.25,1,0,0,1,0
3536,1,43,6.90448791714615,0,14.9165000915527,1,0,0,0,0
3537,0,36,9.20598388952819,0,8.16650009155273,0,1,0,1,0
3538,0,43,10.5211244451751,0,10.0414998531342,0,1,0,1,0
3539,0,58,18.7571921749137,0,27.5415000915527,0,1,0,1,0
3540,0,55,31.6455696202532,0,33.1669998168945,0,1,0,0,0
3541,0,58,14.9597238204833,0,22.125,0,1,0,1,0
3542,0,26,17.2612197928654,0,6.58350002765656,0,1,0,0,0
3543,0,43,8.63060989643268,0,8.91699981689453,0,1,0,1,0
3544,0,53,15.0693188667872,0,24.4169998168945,1,0,0,0,0
3545,0,23,6.90448791714615,0,2.75,0,1,0,0,1
3546,0,47,38.1390761137597,0,25.4169998168945,0,1,0,0,0
3547,1,48,25.3279631760644,0,27.25,0,1,0,0,0
3548,0,42,21.0422488903502,0,10.9165000915527,0,1,0,1,0
3549,0,21,10.9321058688147,1,0.291500002145767,0,1,0,1,0
3550,1,52,43.1530494821634,0,33,0,1,0,0,0
3551,1,35,9.92520138089758,0,10.3330001831055,0,1,0,1,0
3552,0,55,13.8089758342923,0,34.875,0,1,0,0,0
3553,0,31,16.6858457997699,0,10.25,0,1,0,0,0
3554,0,53,15.0419201052113,0,10.6665000915527,1,0,0,1,0
3555,0,32,6.1373225930188,0,7,0,1,0,0,1
3556,0,48,24.1657077100115,0,27.4169998168945,0,1,0,0,0
3557,1,49,46.029919447641,0,27.3330001831055,0,1,0,0,0
3558,0,53,23.0149597238205,0,24,1,0,0,0,0
3559,0,52,28.6131931701552,0,31.3330001831055,0,0,1,0,0
3560,0,32,8.63060989643268,0,9.83300018310547,0,1,0,1,0
3561,0,31,7.47986191024166,0,6.33350014686585,0,0,1,0,1
3562,0,50,26.7471153547103,0,25.4169998168945,0,1,0,0,0
3563,0,53,11.5074798619102,0,31.5830001831055,0,1,0,1,0
3564,0,39,21.8097026224941,0,19.25,1,0,0,0,0
3565,0,48,20.4577419767293,0,6.58300018310547,1,0,0,1,0
3566,0,37,23.0149597238205,0,12.2915000915527,0,1,0,1,0
3567,0,55,17.9804372842348,0,5.29150009155273,0,1,0,1,0
3568,1,46,5.41528464089894,0,17.75,1,0,0,0,0
3569,0,61,36.8239355581128,0,42.5,0,1,0,0,0
3570,0,49,11.836265000822,0,7.79150009155273,0,1,0,1,0
3571,0,52,21.1979892193083,0,26.1669998168945,0,1,0,1,0
3572,0,51,36.8239355581128,0,15.7915000915527,1,0,0,0,0
3573,0,32,20.9226906580186,0,7.875,1,0,0,1,0
3574,1,32,5.75373993095512,0,6.5,0,1,0,0,0
3575,1,60,15.343306482547,0,37.1669998168945,0,1,0,1,0
3576,1,60,20.7134637514384,0,37.6669998168945,1,0,0,0,0
3577,0,60,15.1898734177215,0,23.3334999084473,0,1,0,1,0
3578,0,49,20.3846786125267,0,27.25,1,0,0,1,0
3579,0,23,11.836265000822,0,1.33299994468689,0,1,0,0,1
3580,1,49,34.5224395857307,0,23.3330001831055,1,0,0,1,0
3581,1,53,22.819332566168,0,30.541500210762,0,1,0,1,0
3582,0,44,13.8089758342923,0,18.208499815315,0,1,0,0,0
3583,0,64,11.5074798619102,0,29.5,1,0,0,0,0
3584,0,33,9.20598388952819,0,9.66699981689453,0,1,0,1,0
3585,0,44,19.1791331031837,0,29.1669998168945,0,1,0,0,0
3586,1,44,23.0065906475573,0,20.3330001831055,0,1,0,0,0
3587,0,41,12.4938352786454,0,19.5830001831055,0,1,0,0,1
3588,0,18,4.6029919447641,0,0,0,0,1,1,1
3589,1,47,12.0828538550058,0,4.91649997234345,0,1,0,1,0
3590,1,36,31.4941554115438,0,8.58350002765656,1,0,0,0,0
3591,0,39,31.3840359870279,0,19.8754998445511,0,1,0,0,0
3592,1,21,3.41388569236671,1,1.04150000214577,0,0,1,1,0
3593,0,49,14.5454545454545,0,26.4584999978542,0,1,0,1,0
3594,0,39,34.5224395857307,0,21.5,0,1,0,0,0
3595,1,34,10.9321058688147,0,5.91699981689453,0,1,0,1,0
3596,0,46,10.4602991944764,0,13.1245000958443,0,0,1,0,1
3597,0,52,6.47295742232451,0,11.5415000915527,0,1,0,1,0
3598,0,55,30.439585730725,0,32.3330001831055,0,1,0,0,0
3599,0,44,11.214562192698,0,22.5830001831055,0,1,0,0,0
3600,1,37,20.7134637514384,0,15.4169998168945,1,0,0,0,0
3601,0,64,37.9320632485189,0,36,0,1,0,0,0
3602,1,50,7.66398158803222,0,20.2915000915527,1,0,0,1,0
3603,0,50,20.1380897583429,0,27.1669998168945,0,1,0,0,0
3604,1,56,11.6609129267357,0,21.7504997253418,0,1,0,0,0
3605,0,56,36.3515232269396,0,34.75,0,1,0,0,0
3606,0,43,18.4119677790564,0,21.3330001831055,0,1,0,0,0
3607,0,23,16.0499061231906,0,0.916999995708466,0,1,0,1,0
3608,0,55,50.6329113924051,0,33.0830001831055,0,1,0,0,0
3609,0,31,16.4392569455861,0,6.25,1,0,0,1,0
3610,0,48,28.7686996547756,0,22.9584999978542,1,0,0,0,0
3611,0,59,60.4142692750288,0,31.25,1,0,0,0,0
3612,0,53,8.09491686837824,0,25.1665000915527,0,1,0,1,0
3613,0,53,15.8227848101266,0,29.75,0,1,0,1,1
3614,0,49,17.95166858458,0,16.125,1,0,0,1,0
3615,0,50,36.8239355581128,0,21.8330001831055,1,0,0,0,0
3616,0,27,12.6582278481013,0,3.91700005531311,1,0,0,0,1
3617,0,42,6.52090525508247,0,5.16650000214577,0,1,0,1,1
3618,0,38,57.5373993095512,0,13.5,1,0,0,1,0
3619,0,64,20.5490711819826,0,16.1665000915527,1,0,0,1,0
3620,0,18,3.83582662063675,0,0,0,0,1,0,1
3621,0,62,51.7836593785961,0,36,1,0,0,0,0
3622,0,42,12.8883774453395,0,15.8745001554489,0,1,0,1,0
3623,0,50,25.8918296892981,0,26.3330001831055,0,1,0,0,0
3624,1,56,27.2545575676822,0,34.5830001831055,0,1,0,0,0
3625,0,46,25.3164556962025,0,15.4169998168945,1,0,0,1,1
3626,1,45,25.3164556962025,0,14.3334999084473,0,1,0,1,0
3627,0,50,12.6582278481013,0,26.6669998168945,0,1,0,0,0
3628,0,48,40.2761795166859,0,25.6669998168945,1,0,0,0,0
3629,0,39,20.0416757378783,0,15.6669998168945,0,1,0,0,0
3630,0,42,11.277330264672,0,6.16650009155273,0,0,1,1,0
3631,0,39,17.2612197928654,0,6.45849990844727,0,1,0,1,0
3632,1,44,13.2336018411968,0,7.08300018310547,0,1,0,0,0
3633,0,25,12.6582278481013,0,2.125,1,0,0,1,0
3634,1,33,8.54841361170475,0,9.87549984455109,0,1,0,1,0
3635,1,56,27.6179516685846,0,17.1245002746582,1,0,0,1,0
3636,0,52,37.2300819061802,0,23.7085000276566,1,0,0,0,0
3637,0,26,14.3843498273878,0,2.83350002765656,0,1,0,0,0
3638,0,57,20.1249383527865,0,34,1,0,0,0,0
3639,0,37,23.0149597238205,0,7.66650009155273,1,0,0,1,1
3640,1,44,16.655562958028,0,24.5,0,1,0,0,0
3641,0,60,30.686612965094,0,40.25,1,0,0,0,0
3642,1,46,12.2746451860376,0,2.625,0,0,1,1,0
3643,0,40,17.2612197928654,0,10.9165000915527,0,1,0,1,0
3644,0,54,21.8642117376295,0,32.9169998168945,1,0,0,0,0
3645,0,38,16.3527345406093,0,14,1,0,0,1,1
3646,0,61,29.2917669212261,0,38,1,0,0,0,0
3647,0,49,53.7015726889145,0,11.0834999084473,1,0,0,1,0
3648,0,42,12.4664365170694,0,7.95849990844727,0,1,0,1,0
3649,0,50,15.9826109193198,0,18.5830001831055,1,0,0,1,0
3650,0,34,22.3929337853389,0,14.9169998168945,0,1,0,0,0
3651,0,25,9.77560414269275,0,2.25050008296967,0,1,0,1,0
3652,0,43,22.6743383199079,0,16.5,0,1,0,1,0
3653,0,57,13.2975322848741,0,36.9169998168945,0,0,1,0,0
3654,0,54,37.4815058359362,0,35.5830001831055,1,0,0,0,0
3655,1,58,14.5357640360972,0,37.8330001831055,0,1,0,0,0
3656,0,38,18.7955504411201,0,10.2915000915527,0,1,0,1,0
3657,1,36,20.1380897583429,0,9.3334998190403,0,1,0,0,0
3658,0,45,17.7038151721696,0,22.8330001831055,0,1,0,0,0
3659,0,24,14.9286225235592,0,3.5,0,1,0,0,0
3660,0,52,38.8697097557857,0,25.4169998168945,0,1,0,0,0
3661,0,45,14.8446490218642,0,13.0834999084473,0,1,0,1,0
3662,1,41,30.686612965094,1,20.5,0,0,1,0,0
3663,0,51,14.7953312510275,0,19,0,0,1,1,0
3664,0,52,21.288837744534,0,2.25,1,0,0,1,1
3665,0,34,19.9462984273111,0,11.7084999978542,0,1,0,1,0
3666,0,57,27.9911672316736,0,35.25,0,1,0,0,0
3667,0,45,9.49367088607595,0,21.5,0,1,0,0,0
3668,0,63,18.4119677790564,0,43.1669998168945,1,0,0,0,0
3669,1,34,23.590333716916,0,6.41699981689453,1,0,0,1,0
3670,0,52,19.8404825205349,0,20.2084999084473,0,1,0,1,0
3671,1,51,12.0828538550058,0,34.6669998168945,0,1,0,0,0
3672,1,58,10.644418872267,0,38.25,0,1,0,0,0
3673,0,46,17.7038151721696,0,23.75,0,1,0,0,0
3674,0,64,13.2336018411968,0,42.5,0,1,0,0,0
3675,1,57,36.1663652802893,0,35,1,0,0,1,0
3676,0,60,23.3544303797468,0,39.25,0,1,0,1,0
3677,0,55,14.3843498273878,0,32.6669998168945,0,1,0,0,0
3678,0,50,49.5706824820749,0,29.5830001831055,0,1,0,0,0
3679,1,42,11.5074798619102,0,6.25049984455109,0,0,1,0,0
3680,1,40,16.1104718066743,0,12.0830001831055,0,1,0,0,0
3681,0,50,38.1711527126779,0,25,1,0,0,0,0
3682,0,50,24.8319302283326,0,24.8330001831055,0,1,0,0,0
3683,1,33,18.1760644418872,0,11.1669998168945,0,1,0,0,0
3684,0,19,3.45224395857307,0,0,0,1,0,1,1
3685,0,64,6.90448791714615,1,41.1665000021458,0,1,0,0,0
3686,0,22,23.0149597238205,0,0,0,0,1,1,1
3687,0,27,16.1104718066743,0,6,0,1,0,0,0
3688,0,37,18.8840695169809,0,13.5,0,1,0,0,0
3689,0,26,23.0149597238205,0,1.70850002765656,1,0,0,0,0
3690,0,26,9.20598388952819,1,1.5,0,1,0,0,0
3691,0,51,25.3164556962025,0,21.5830001831055,1,0,0,1,0
3692,0,57,14.0621403912543,0,5.70850002765656,0,1,0,1,0
3693,0,48,12.0828538550058,0,17.9169998168945,1,0,0,0,0
3694,0,24,5.2819332566168,0,1.75,1,0,0,0,0
3695,0,41,28.7686996547756,0,13.5,1,0,0,1,0
3696,0,52,193.325661680092,0,23.8334998190403,1,0,0,0,0
3697,0,47,22.0560030686613,0,11.8334999084473,1,0,0,1,0
3698,0,60,24.0506329113924,0,21.5834999084473,1,0,0,1,0
3699,0,47,47.8003009648579,0,14.75,1,0,0,0,0
3700,0,55,24.5492903720752,0,25.1669998168945,0,1,0,1,0
3701,0,44,25.9655955858488,0,11,1,0,0,1,0
3702,0,47,21.1862034646845,0,23.0830001831055,0,1,0,0,0
3703,0,35,27.9911672316736,0,12.9169998168945,0,0,1,1,1
3704,0,43,18.9534962431463,0,13.4165000915527,0,1,0,1,0
3705,1,50,54.0851553509781,0,22.3330001831055,1,0,0,0,0
3706,0,49,46.029919447641,0,20.4169998168945,1,0,0,0,0
3707,1,47,26.6489007328448,0,26.0830001831055,1,0,0,0,0
3708,0,39,16.1508489289968,0,14,1,0,0,0,0
3709,0,47,32.2209436133487,0,18.6669998168945,1,0,0,0,0
3710,0,53,13.2336018411968,0,30.5830001831055,0,1,0,0,1
3711,0,37,27.2545575676822,0,9.625,1,0,0,1,0
3712,0,59,30.686612965094,0,15.7919998168945,1,0,0,1,0
3713,0,61,13.0370157268891,0,24.9169998168945,0,1,0,1,0
3714,0,56,19.1791331031837,0,22,1,0,0,1,0
3715,0,55,5.7825086306099,1,5.5,0,0,1,0,0
3716,0,56,12.6979088131423,0,27.5415000915527,0,1,0,1,0
3717,0,22,4.31530494821634,0,0.958000004291534,0,1,0,1,1
3718,0,59,16.1104718066743,0,40.3330001831055,1,0,0,0,0
3719,0,30,4.25776754890679,0,2.70799994468689,0,0,1,0,1
3720,1,51,19.8765561251177,0,22.9169998168945,1,0,0,0,0
3721,0,53,13.8319907940161,0,31.1669998168945,0,1,0,0,1
3722,1,56,12.945914844649,0,36.25,0,1,0,1,0
3723,0,55,16.7381525264149,0,24.8754998445511,0,1,0,0,0
3724,0,29,18.2939423445753,0,3,1,0,0,1,1
3725,0,43,10.126582278481,0,20.2504998445511,0,1,0,1,0
3726,0,47,69.0448791714615,0,19.25,1,0,0,0,0
3727,0,32,18.4119677790564,0,7.16649985313416,1,0,0,0,0
3728,0,33,20.3298810893748,0,4.58349990844727,0,1,0,1,0
3729,0,29,17.9628953942014,0,9.41699981689453,0,0,1,0,1
3730,0,37,16.5235608273583,0,14,0,1,0,0,0
3731,0,48,24.5492903720752,0,14.7084999084473,0,1,0,1,0
3732,0,42,21.0970464135021,0,22,1,0,0,0,0
3733,0,64,36.2485615650173,0,24.7495002746582,1,0,0,1,0
3734,0,53,36.0365816728242,0,23.3330001831055,1,0,0,0,0
3735,0,22,5.12082853855006,0,3,0,0,1,0,1
3736,1,54,13.8089758342923,0,19.9584999084473,0,1,0,1,0
3737,0,37,31.1680092059839,0,11.6669998168945,1,0,0,0,0
3738,1,62,2.87686996547756,0,32.1669998168945,1,0,0,0,0
3739,0,60,60.6247719554296,0,29.6669998168945,1,0,0,1,0
3740,0,38,8.63060989643268,0,5.95849990844727,0,1,0,0,0
3741,0,44,48.9067894131185,0,22.9995001852512,1,0,0,0,0
3742,1,57,6.90448791714615,0,35.1669998168945,1,0,0,1,0
3743,0,46,17.0968272234095,0,26.1254998147488,0,1,0,1,0
3744,1,53,40.7537399309551,0,31.9169998168945,1,0,0,1,0
3745,0,56,37.0796573328219,0,9.375,1,0,0,1,0
3746,0,51,34.248451969971,0,19.5,1,0,0,0,0
3747,0,42,12.4405187696327,0,14.3330001831055,0,1,0,1,0
3748,1,21,16.3022631377062,0,0.916499972343445,0,1,0,0,0
3749,0,49,18.4119677790564,0,15.5834999084473,0,1,0,1,0
3750,0,44,14.9597238204833,0,9.83299994468689,0,1,0,1,0
3751,0,52,13.2336018411968,0,21.0834999084473,0,1,0,1,0
3752,1,38,34.5224395857307,0,13,1,0,0,0,0
3753,0,50,40.5790079341045,0,24.5,0,1,0,0,0
3754,0,59,44.1638416321961,0,38.5,0,1,0,0,0
3755,0,43,15.8688147295742,0,15.1665000915527,0,0,1,0,0
3756,0,23,16.7625623321826,1,2.20849990844727,0,1,0,1,0
3757,0,43,34.5224395857307,0,17,0,1,0,1,0
3758,1,59,35.1280964205681,0,40.5830001831055,1,0,0,0,0
3759,0,56,14.3843498273878,0,24.4169998168945,1,0,0,0,0
3760,0,50,29.0715280721943,0,32.25,0,1,0,0,0
3761,0,26,16.6858457997699,0,3.79149999842048,0,1,0,1,0
3762,0,29,2.36050868962261,1,4.79199981689453,0,1,0,1,0
3763,0,57,35.7882623705409,0,27.75,1,0,0,0,0
3764,0,24,11.2197928653625,0,1.58299994468689,1,0,0,0,1
3765,0,34,13.2336018411968,0,12.3330001831055,0,1,0,0,0
3766,0,39,18.9873417721519,0,18.75,0,1,0,0,0
3767,0,48,22.9900786862812,0,26.8330001831055,0,1,0,0,0
3768,1,41,15.5506484620409,0,21.2085000276566,0,0,1,0,0
3769,1,20,14.0966628308401,0,0.416999995708466,0,0,1,0,0
3770,0,40,8.63060989643268,0,3.58349990844727,0,0,1,1,0
3771,0,56,9.92520138089758,1,14.4579999446869,0,1,0,1,0
3772,1,47,9.58956655159187,0,4.25049996376038,0,1,0,1,1
3773,0,60,9.20598388952819,1,34.0830001831055,0,1,0,0,0
3774,0,44,35.6817116310787,0,6.58349990844727,1,0,0,1,0
3775,0,55,19.4741966893866,0,35.8330001831055,0,1,0,0,0
3776,0,35,13.1645569620253,0,8.16699981689453,0,1,0,1,0
3777,0,33,17.2612197928654,0,7.91699981689453,0,1,0,1,0
3778,0,41,26.0836210203299,0,12.3745001852512,1,0,0,1,0
3779,0,53,11.5074798619102,1,14.625,0,1,0,1,0
3780,1,37,9.78135788262371,0,7.41699981689453,0,1,0,0,1
3781,1,40,10.126582278481,0,0.291500002145767,0,1,0,1,0
3782,1,29,15.343306482547,0,3.29150009155273,0,1,0,0,0
3783,1,61,24.1657077100115,0,22.1669998168945,1,0,0,0,0
3784,0,52,4.14269275028769,0,16.5415000915527,0,1,0,1,0
3785,1,42,20.1380897583429,0,12.3334999978542,1,0,0,0,0
3786,0,36,23.0149597238205,0,13.375,1,0,0,1,0
3787,0,38,12.2746451860376,0,6.5,0,1,0,1,0
3788,0,44,30.3861398798108,0,8.83349990844727,1,0,0,1,0
3789,1,42,16.4392569455861,0,18.958499815315,0,1,0,1,0
3790,0,47,26.5557227582544,0,27.1669998168945,0,1,0,0,0
3791,0,61,15.4600490318707,0,38.5834999084473,0,1,0,1,0
3792,0,34,9.12926735711546,1,13.75,0,0,1,0,0
3793,0,58,27.7494657241493,0,40.5,0,1,0,0,0
3794,0,34,27.1031433589728,0,3,0,1,0,0,0
3795,0,45,23.0149597238205,0,25,1,0,0,1,0
3796,0,36,15.5350978135788,0,11.6669998168945,0,1,0,0,1
3797,0,20,2.53164556962025,1,0,0,0,1,1,1
3798,0,46,13.4253931722286,0,23.5,1,0,0,1,1
3799,0,51,46.3993701168918,0,27.25,0,1,0,0,0
3800,0,24,11.5074798619102,0,2.83299994468689,0,1,0,1,0
3801,0,37,32.7963176064442,0,11,1,0,0,0,0
3802,0,46,36.1663652802893,0,12.4165000915527,1,0,0,1,0
3804,0,46,24.7472680126923,0,16.1669998168945,0,1,0,1,0
3805,0,41,24.1657077100115,0,14.75,0,1,0,0,0
3806,0,45,9.64140204646534,0,19.8330001831055,1,0,0,1,0
3807,0,39,29.2253456810419,0,8.33300018310547,1,0,0,0,0
3808,0,43,44.9504082415475,0,14.0830001831055,1,0,0,0,0
3809,0,46,29.2112950340799,0,26.5,0,1,0,1,0
3810,0,61,88.7719875061647,0,30,0,1,0,1,0
3811,0,36,0.908485252256072,1,1.375,0,1,0,1,0
3812,0,54,19.1791331031837,0,9.75,1,0,0,1,0
3813,0,62,24.2262733934953,0,44,0,1,0,1,0
3814,1,50,3.45224395857307,0,29.5830001831055,1,0,0,0,0
3815,0,31,4.97123130034523,0,1.5,0,1,0,0,1
3816,0,46,0.794016110471807,1,23,0,0,1,0,1
3817,0,26,9.20598388952819,0,2.20799994468689,0,0,1,0,0
3818,0,48,44.87917146145,0,22.6669998168945,1,0,0,0,0
3819,0,22,11.7376294591484,0,2,0,1,0,1,0
3820,1,51,31.7146144994246,0,14.7915000915527,0,0,1,1,0
3821,0,21,9.20598388952819,0,1.08349996805191,0,0,1,0,0
3822,0,41,27.6179516685846,0,5.25,1,0,0,0,0
3823,0,19,7.08860759493671,0,0.333000004291534,0,1,0,0,1
3824,0,26,8.26178041367915,0,1.04149997234345,1,0,0,0,1
3825,1,53,25.1072287896224,0,34.1669998168945,0,0,1,0,0
3826,0,62,13.8089758342923,0,39.4169998168945,0,1,0,0,0
3827,0,54,23.0149597238205,0,28.25,1,0,0,1,0
3828,0,24,19.2488754053771,0,3.66700005531311,1,0,0,0,1
3829,0,50,38.92750287687,0,21.5,0,1,0,0,0
3830,0,49,25.8918296892981,0,31.25,0,1,0,0,0
3831,0,23,16.6858457997699,0,3.5,1,0,0,1,1
3832,0,33,26.1533633225233,0,12.75,1,0,0,0,0
3833,0,26,8.63060989643268,0,0.75,1,0,0,0,1
3834,0,33,8.91829689298044,0,8.5,1,0,0,0,1
3835,0,60,15.5350978135788,0,44.5,0,1,0,0,0
3836,0,47,35.9608745684695,0,9.79150009155273,1,0,0,1,0
3837,0,50,23.0149597238205,1,14.3334999084473,0,1,0,1,0
3838,0,53,9.58956655159187,0,7.33349990844727,0,1,0,1,0
3839,0,30,3.2345348801045,0,3.91700005531311,0,1,0,0,1
3840,0,58,29.9252013808976,0,28.4169998168945,1,0,0,0,0
3841,0,40,4.21173762945915,1,9.875,0,1,0,0,1
3842,1,52,20.1380897583429,0,22.75,1,0,0,0,0
3843,0,33,8.21962847279303,1,5,0,0,1,0,0
3844,1,32,19.5627157652474,0,5.75,1,0,0,0,0
3845,0,42,23.0149597238205,1,1.125,1,0,0,1,0
3846,1,29,18.1051016494055,0,5.50049981474876,0,1,0,1,0
3847,0,50,23.8518673501412,0,25.25,0,1,0,0,0
3848,0,41,12.9827977929244,0,19.8330001831055,0,0,1,0,0
3849,0,61,33.4763050528298,0,32.5,1,0,0,0,0
3850,0,50,15.5350978135788,0,25.2495001554489,0,1,0,0,0
3851,0,38,21.7709078468572,0,17.25,0,1,0,1,0
3852,0,21,7.1921749136939,1,0.625,0,1,0,0,0
3853,0,18,2.87686996547756,0,0,0,0,1,1,1
3854,1,32,12.6582278481013,0,4.16699981689453,0,1,0,1,1
3855,0,56,34.4303797468354,0,12.625,1,0,0,1,0
3856,1,64,8.24702723436901,1,24.6254997253418,0,1,0,1,0
3857,1,33,12.5815113156885,0,6.20849990844727,0,1,0,0,0
3858,1,62,15.8342922899885,0,30.6245002746582,1,0,0,1,0
3859,0,53,36.6800920598389,0,28.9169998168945,1,0,0,0,0
3860,0,48,32.2209436133487,0,18,1,0,0,0,0
3861,0,47,40.9154839534586,0,23.4169998168945,1,0,0,1,0
3862,0,33,16.542002301496,0,3.29200005531311,1,0,0,1,0
3863,0,45,9.28489232286701,0,14.7914999723434,0,1,0,1,0
3864,0,43,23.4358047016275,0,17.25,0,1,0,1,0
3865,0,52,74.7986191024166,0,27.4169998168945,1,0,0,0,0
3866,0,33,10.3567318757192,0,5.79150009155273,0,1,0,1,0
3867,0,42,28.9543041686774,0,14.5834999084473,1,0,0,1,0
3868,0,54,18.4119677790564,0,23.3745001554489,1,0,0,1,1
3869,0,50,54.6605293440737,0,23.6669998168945,1,0,0,0,0
3870,0,54,21.6110471806674,0,34.9169998168945,1,0,0,0,0
3871,1,50,9.20598388952819,0,6.87549996376038,0,1,0,1,0
3872,1,18,11.5074798619102,0,0.166500002145767,0,0,1,1,1
3873,0,38,23.0149597238205,0,5.54150009155273,1,0,0,1,0
3874,0,36,23.0149597238205,0,6.54149985313416,1,0,0,1,0
3875,0,53,30.686612965094,0,29.5,1,0,0,0,0
3876,1,62,10.2288709883647,0,18.2915000915527,1,0,0,1,0
3877,0,22,16.3331972233565,0,1.58350005745888,0,1,0,1,1
3878,0,50,20.1380897583429,0,31,0,0,1,0,0
3879,1,49,23.0149597238205,0,17.125,0,1,0,0,0
3880,0,54,17.0886075949367,0,28.25,0,1,0,0,0
3881,1,50,30.3970080552359,0,24.4169998168945,1,0,0,0,0
3882,0,50,3.45224395857307,0,9.45849990844727,1,0,0,1,1
3883,0,64,10.3567318757192,0,29.9165000915527,0,1,0,1,0
3884,0,23,5.74798619102417,0,0.5,0,1,0,0,1
3885,0,32,17.2612197928654,0,7.58349990844727,0,1,0,0,0
3886,0,52,17.2612197928654,0,26.6669998168945,0,1,0,0,1
3887,0,55,28.078250863061,0,11.0834999084473,1,0,0,1,0
3888,1,49,19.1791331031837,0,30.3330001831055,1,0,0,0,0
3889,1,41,6.90448791714615,0,11.25,0,1,0,1,0
3890,0,56,7.43843498273878,0,30.3754997253418,0,1,0,1,0
3891,0,24,2.03107019562716,1,2.25,0,0,1,0,1
3892,0,41,14.7953312510275,0,17.2495002746582,1,0,0,1,0
3893,0,22,8.63060989643268,0,0.0414999984204769,0,1,0,1,0
3894,0,47,16.6219153560926,0,15,0,1,0,1,0
3895,0,56,13.8089758342923,0,26.9165001809597,0,1,0,0,1
3896,0,53,20.5042368448583,0,29.3334999084473,0,1,0,1,0
3897,1,58,13.4253931722286,0,21.7504997253418,1,0,0,1,0
3898,0,64,18.8840695169809,0,37.8754997253418,0,1,0,1,0
3899,0,53,55.2359033371692,0,26.9169998168945,1,0,0,1,0
3900,0,57,56.6168009205984,0,30.9169998168945,1,0,0,1,0
3901,0,32,13.8089758342923,0,2.79149997234345,0,1,0,0,1
3902,1,55,32.2209436133487,0,33.1254998147488,1,0,0,0,0
3903,1,63,12.6582278481013,0,31.6669998168945,1,0,0,0,0
3904,1,62,28.7686996547756,0,35.1669998168945,1,0,0,1,0
3905,0,42,46.029919447641,0,13.3330001831055,1,0,0,0,0
3906,0,37,26.8507863444572,0,7.54150009155273,1,0,0,1,0
3907,0,36,13.5021097046414,0,14.5,1,0,0,0,0
3908,0,44,17.5258918296893,0,11.875,1,0,0,1,0
3909,0,51,20.7134637514384,0,15.5415000915527,0,1,0,1,0
3910,0,53,10.3567318757192,0,29.7504997253418,0,1,0,0,0
3911,0,53,22.439585730725,0,29.4169998168945,1,0,0,0,0
3912,0,32,25.8918296892981,0,4,1,0,0,1,0
3913,1,59,19.720532631925,0,37,1,0,0,1,0
3914,1,53,13.4253931722286,0,16.5834999084473,0,1,0,1,0
3915,0,53,24.1952140686318,0,28.4169998168945,1,0,0,0,0
3916,0,47,12.6582278481013,0,27.5,1,0,0,1,0
3917,0,44,5.75373993095512,1,0.791499972343445,0,0,1,1,0
3918,0,62,14.9597238204833,0,44.25,0,1,0,0,0
3919,0,39,13.6651323360184,0,20,0,0,1,0,1
3920,0,53,19.1791331031837,0,25.1664999723434,0,1,0,1,0
3921,0,55,13.3244503664224,0,21.2495002746582,1,0,0,0,0
3922,0,63,45.5235903337169,0,23.5,1,0,0,1,0
3923,1,52,62.7680719740559,0,26.0830001831055,1,0,0,0,0
3924,0,42,21.9308339894616,0,21.1669998168945,0,1,0,1,0
3925,1,42,9.20598388952819,0,6.5,0,0,1,1,1
3926,0,49,12.6034303249493,0,22.3330001831055,0,1,0,0,0
3927,0,23,4.6029919447641,0,0,0,1,0,0,1
3928,0,31,15.9826109193198,0,3.75,0,1,0,0,0
3929,0,56,16.8831168831169,0,25.8745002746582,0,1,0,1,0
3930,1,41,42.1940928270042,0,9.70849990844727,0,1,0,1,0
3931,1,38,17.644802454929,0,2.83349990844727,0,0,1,1,1
3932,0,37,16.1104718066743,0,5.00050008296967,1,0,0,0,0
3933,1,33,17.2612197928654,0,14.5,0,1,0,0,0
3934,0,22,11.0471806674338,1,2.08349990844727,0,1,0,1,0
3935,0,34,13.6993807879884,0,13.25,0,1,0,0,0
3936,0,30,13.5212888377445,0,10.1669998168945,1,0,0,0,0
3937,0,63,32.1619308961081,0,23.5,1,0,0,1,0
3938,0,58,46.029919447641,0,31.1669998168945,1,0,0,0,0
3939,1,25,16.4392569455861,0,0.0834999978542328,0,1,0,0,1
3940,0,46,52.1672420406598,0,11.7084999084473,1,0,0,1,0
3941,0,38,22.5163022631377,0,13.2080001831055,1,0,0,1,0
3942,0,25,6.90448791714615,0,1.95850002765656,0,1,0,1,0
3943,1,45,31.8668673099053,0,20.374500181526,1,0,0,0,0
3944,1,63,30.686612965094,0,27.25,1,0,0,1,0
3945,0,30,25.8918296892981,0,8.62549981474876,0,1,0,0,0
3946,0,25,6.61680092059839,0,0,0,1,0,1,1
3947,0,45,26.8507863444572,0,9.83349990844727,0,1,0,1,0
3948,0,45,40.2761795166859,0,24.8754998445511,1,0,0,0,0
3949,1,38,13.9301072012598,0,16.0830001831055,0,1,0,0,0
3950,0,50,26.6489007328448,0,26.7914999723434,1,0,0,0,0
3951,0,46,23.0149597238205,0,21.3330001831055,1,0,0,1,0
3952,1,41,11.5074798619102,0,16.75,1,0,0,1,0
3953,0,31,11.0471806674338,0,4.16650000214577,0,0,1,0,1
3954,0,43,2.46588854183791,1,0.875,0,1,0,0,0
3955,1,63,19.5627157652474,0,41.4580001831055,1,0,0,1,0
3956,0,47,37.5507237599176,0,17.5,1,0,0,0,0
3957,0,33,12.0828538550058,0,12.5,0,0,1,0,0
3958,0,36,46.029919447641,0,11.125,1,0,0,1,0
3959,0,48,16.2458539226968,0,25.6669998168945,0,1,0,0,0
3960,1,49,16.3335398778437,0,26,1,0,0,0,0
3961,0,44,14.4994246260069,0,9.33300018310547,0,1,0,1,0
3962,1,18,9.49367088607595,0,0.5,0,1,0,0,0
3963,0,52,14.7953312510275,0,24.75,0,1,0,0,0
3964,0,53,23.0149597238205,0,25.625,1,0,0,1,0
3965,0,54,17.4355755483489,0,29.7495001852512,1,0,0,1,1
3966,0,48,13.2336018411968,0,17,1,0,0,0,0
3967,0,55,10.3567318757192,0,9.54150009155273,0,1,0,1,0
3968,1,21,6.61680092059839,0,0,0,1,0,1,1
3969,0,64,43.0279681793166,0,38.4169998168945,1,0,0,1,0
3970,0,32,15.5350978135788,0,6.66699981689453,0,1,0,1,0
3971,0,28,15.7175334699262,0,4.33300018310547,1,0,0,0,0
3972,0,34,18.4119677790564,0,4.91649997234345,1,0,0,1,0
3973,0,57,24.8561565017261,0,13.9165000915527,0,1,0,1,0
3974,0,56,33.9470655926352,0,17.2084999084473,0,1,0,1,0
3975,0,41,33.5605322947095,0,10,1,0,0,0,0
3976,0,44,20.1380897583429,0,22.25,1,0,0,0,0
3977,0,52,26.5557227582544,0,33.4169998168945,0,1,0,0,0
3978,0,23,10.644418872267,0,0.666999995708466,1,0,0,0,0
3979,0,55,17.1945975410333,0,21.3330001831055,0,1,0,1,0
3980,0,39,13.2336018411968,0,15.5,0,1,0,1,0
3981,0,35,17.2612197928654,0,11,0,1,0,0,0
3982,0,28,10.9321058688147,0,7.83300018310547,0,0,1,0,0
3983,0,52,35.6731875719218,0,33.3330001831055,0,1,0,0,0
3984,0,52,41.8453813160372,0,34,0,1,0,0,0
3985,0,56,19.3810187147962,0,16.1254997253418,0,1,0,1,0
3986,0,38,9.51285001917913,0,1.33350002765656,1,0,0,1,0
3987,0,18,5.52359033371692,0,0,0,0,1,1,1
3988,1,53,17.2612197928654,0,19.6669998168945,1,0,0,1,0
3989,0,46,50.6329113924051,0,15.4169998168945,1,0,0,0,0
3990,1,29,21.288837744534,0,9.25,1,0,0,0,0
3991,1,56,34.5224395857307,0,29.25,1,0,0,0,0
3992,0,42,20.1380897583429,0,26.9580001831055,0,0,1,0,0
3993,0,21,5.23067266450466,0,0,0,0,1,1,1
3994,0,47,29.1522823168393,0,6.33350014686585,0,1,0,0,0
3995,0,39,103.107019562716,1,12.375,0,0,1,1,1
3996,1,51,25.9493670886076,0,5.12449991703033,0,1,0,1,0
3997,0,33,15.1035673187572,0,6.62450018525124,0,1,0,1,0
3998,0,61,49.3266569215936,0,29.8330001831055,1,0,0,1,0
3999,0,58,22.2957422324511,0,33.75,0,1,0,0,0
4000,1,49,6.90448791714615,0,31.5,0,1,0,0,0
4001,0,46,82.8538550057538,0,18.3330001831055,0,1,0,0,0
4002,1,33,15.3460463587046,0,6.83300018310547,0,1,0,1,0
4003,0,35,7.6716532412735,0,8.66699981689453,0,1,0,0,0
4004,1,45,26.4672036823936,0,23.6665001809597,1,0,0,0,0
4005,0,51,36.6180122342681,0,28.125,0,1,0,0,0
4006,0,55,24.8810375392654,0,36,0,1,0,0,0
4007,0,22,8.91829689298044,0,0.583000004291534,0,1,0,0,1
4008,0,57,14.3843498273878,0,36.5830001831055,0,1,0,0,0
4009,0,34,17.9628953942014,0,11.5830001831055,1,0,0,0,0
4010,0,42,17.3417721518987,0,8.875,0,1,0,0,0
4011,0,37,17.4299961641734,0,7.5,0,1,0,1,0
4012,0,56,10.9321058688147,0,29.875,0,1,0,1,0
4013,0,42,15.6501726121979,0,8.375,0,1,0,1,0
4014,0,28,55.3003452243959,0,10.75,0,1,0,0,0
4015,0,56,19.5627157652474,0,36.5834999978542,0,1,0,0,0
4016,0,53,29.3440736478711,0,18.3330001831055,1,0,0,1,0
4017,0,29,36.8239355581128,0,2.125,1,0,0,0,1
4018,1,50,8.78753007636782,0,30.4169998168945,0,1,0,0,0
4019,0,47,29.5906625020549,0,23.75,0,1,0,0,0
4020,0,59,27.1994978554242,0,26.5,1,0,0,1,0
4021,0,23,3.22209436133487,1,2.79149997234345,0,1,0,0,1
4022,0,57,51.7836593785961,0,30.75,1,0,0,0,0
4023,0,42,10.9321058688147,0,12.4169998168945,0,1,0,0,1
4024,1,39,10.9866149839501,0,8.04199981689453,0,1,0,1,1
4025,0,58,12.4938352786454,0,40.1669998168945,0,1,0,1,0
4026,0,24,17.9804372842348,0,1,0,1,0,0,1
4027,0,27,33.1247017878694,0,6.79199981689453,1,0,0,0,0
4028,0,45,23.7054085155351,0,12.4995000362396,0,1,0,1,0
4029,0,21,11.5074798619102,0,0.416999995708466,0,1,0,0,0
4030,1,54,53.2978014656896,0,28,1,0,0,0,0
4031,0,25,18.2939423445753,0,3,0,1,0,1,0
4032,0,59,10.9595046303907,0,39.25,0,1,0,0,0
4033,0,37,27.6179516685846,0,15,1,0,0,0,0
4034,0,47,12.6582278481013,0,16.25,0,1,0,0,0
4035,0,59,16.4392569455861,0,39.1669998168945,0,1,0,0,0
4036,0,46,19.7271083347033,0,23.3330001831055,1,0,0,0,0
4037,0,32,11.5074798619102,0,2.25,0,1,0,0,1
4038,0,56,43.3640199462984,0,19.8334999084473,0,1,0,1,0
4039,0,37,25.891829689298,0,9.83349990844727,0,1,0,1,0
4040,0,60,16.3527345406093,0,34.25,1,0,0,0,0
4041,0,46,9.86355416735164,1,5.04150009155273,0,1,0,1,0
4042,0,50,13.8089758342923,0,10.7084999084473,0,1,0,1,0
4043,0,57,20.9680973483828,0,32.25,1,0,0,0,0
4044,1,32,10.9321058688147,0,6.66699981689453,1,0,0,0,1
4045,0,45,11.19363950204,0,15.8334999084473,0,1,0,1,0
4046,0,53,15.8803222094361,0,25.7084999084473,0,1,0,1,0
4047,0,18,5.23590333716916,0,0,0,0,1,1,1
4048,0,60,30.2164148632095,0,19.0834999084473,1,0,0,0,0
4049,0,54,17.7215189873418,0,31.25,0,1,0,0,0
4050,0,55,26.5277693658773,0,16.625,0,1,0,1,0
4051,0,60,16.4114366646012,0,40.3330001831055,1,0,0,1,0
4052,0,49,13.1514055564689,0,26.3330001831055,0,1,0,0,0
4053,0,53,18.9873417721519,0,26.9169998168945,0,1,0,0,0
4054,0,55,12.6582278481013,0,33,1,0,0,0,0
4055,1,46,12.692750287687,0,25.25,0,1,0,0,0
4056,0,38,18.2681242807825,0,19.6669998168945,0,1,0,0,0
4057,0,56,45.7422324510932,0,28.4169998168945,1,0,0,0,0
4058,0,24,11.7750956726523,0,2.16700005531311,0,1,0,1,0
4059,0,34,26.5557227582544,0,13,0,1,0,0,0
4060,1,32,19.9462984273111,0,8.625,0,1,0,1,0
4061,0,54,92.0598388952819,0,33.1669998168945,0,1,0,0,0
4062,0,48,37.9746835443038,0,10.2915000915527,1,0,0,1,0
4063,0,57,55.5811277330265,0,29.1669998168945,1,0,0,0,0
4064,0,45,13.0418105101649,0,13.541500210762,1,0,0,1,0
4065,1,48,32.3647871116226,0,13,1,0,0,1,0
4066,0,59,32.2209436133487,0,32.9169998168945,0,1,0,0,0
4067,0,59,16.5235608273583,0,38.0830001831055,0,1,0,0,0
4068,1,62,29.5560535400642,0,38.7919998168945,0,1,0,1,0
4069,0,45,19.8765561251177,0,10.0834999084473,0,1,0,1,0
4070,0,51,19.7271083347033,0,16.5415000915527,0,1,0,1,0
4071,0,57,25.1630226313771,0,16.375,0,1,0,1,0
4072,1,50,39.8335841373816,0,28,0,1,0,0,0
4073,0,40,21.8642117376295,0,20.25,0,1,0,0,0
4074,1,61,39.4542166694066,0,28.3330001831055,1,0,0,1,0
4075,0,61,29.9194476409666,0,36.9169998168945,1,0,0,1,0
4076,0,47,19.5627157652474,0,25.3330001831055,0,1,0,0,0
4077,0,44,8.63060989643268,0,5.79150009155273,1,0,0,1,0
4078,0,40,16.7817414652858,0,26.3754997253418,0,0,1,0,0
4079,0,25,10.3567318757192,0,3.37550008296967,0,1,0,1,1
4080,0,53,19.9462984273111,0,32.5,0,0,1,0,0
4081,1,55,16.5344315910605,0,27.1669998168945,1,0,0,1,0
4082,0,56,11.5074798619102,0,17.7084999084473,0,1,0,1,0
4083,0,53,19.7271083347033,0,28,1,0,0,0,0
4084,1,20,18.6996547756041,0,0.833000004291534,0,1,0,0,0
4085,0,51,12.1566197515565,0,17.7080001831055,0,1,0,1,1
4086,1,57,28.7686996547756,0,17.4584999084473,1,0,0,1,0
4087,0,25,13.9733684037482,0,5.125,1,0,0,1,1
4088,0,54,26.0432438980074,0,33,0,1,0,0,0
4089,0,42,60.1929715853767,0,15.3330001831055,1,0,0,0,0
4090,0,55,18.660778154449,0,15.1670000553131,0,1,0,1,0
4091,0,33,11.5074798619102,0,15.5830001831055,0,0,1,0,0
4092,1,42,11.1786947229985,0,19.8754997253418,0,1,0,1,0
4093,0,30,21.4092648593679,0,6.45849978923798,0,1,0,0,0
4094,1,48,10.9321058688147,0,23.375,0,1,0,1,0
4095,0,50,40.0696350063439,0,21.9169998168945,1,0,0,0,0
4096,0,25,12.3705408515535,1,2.04150009155273,1,0,0,0,0
4097,0,31,24.741081703107,0,7.16700005531311,1,0,0,0,1
4098,0,55,38.3582662063675,0,31.1669998168945,1,0,0,0,0
4099,0,41,13.8089758342923,0,8.58349990844727,0,1,0,1,0
4100,0,53,35.1280964205681,0,33.4169998168945,0,1,0,0,0
4101,1,63,22.439585730725,0,38.5,1,0,0,0,0
4102,0,39,5.75373993095512,0,12.3330001831055,0,1,0,0,0
4103,0,36,14.8318629331288,0,10.3330001831055,1,0,0,0,0
4104,1,58,9.49367088607595,0,33.4165000021458,0,1,0,0,0
4105,0,49,13.8089758342923,0,24.1665000915527,0,1,0,1,1
4106,0,44,32.2209436133487,0,17.1245002746582,0,1,0,1,0
4107,0,49,16.542002301496,0,19.4584999084473,1,0,0,1,0
4108,0,47,31.7783482340444,0,23.2084999978542,1,0,0,0,0
4109,0,49,98.6355416735164,0,22.5830001831055,1,0,0,0,0
4110,0,33,18.4119677790564,0,9.66650009155273,0,1,0,1,0
4111,0,60,1.22746451860376,1,30,1,0,0,0,1
4112,0,37,15.8227848101266,0,6.79150021076202,0,1,0,0,0
4113,0,55,13.1514055564689,0,20.25,1,0,0,0,0
4114,0,32,11.9677790563867,0,7.16650009155273,1,0,0,0,0
4115,0,51,30.2548084826566,0,24.8330001831055,1,0,0,0,0
4116,0,32,20.9920658954636,0,4.83349990844727,1,0,0,1,0
4117,1,53,20.0690448791715,0,27.916500210762,1,0,0,1,0
4118,0,49,36.8239355581128,0,10.375,0,1,0,1,0
4119,0,47,36.3394100902429,0,24.4169998168945,1,0,0,0,0
4120,0,43,17.5640482102841,0,7.20799994468689,0,1,0,1,1
4121,0,46,26.4199935086011,0,13.5830001831055,1,0,0,0,0
4122,1,35,14.137760973204,0,3.70799994468689,1,0,0,0,0
4123,1,58,16.1104718066743,0,36,1,0,0,0,0
4124,1,52,11.5074798619102,0,30.541500210762,0,1,0,0,0
4125,0,44,33.1190883830588,0,15.5830001831055,1,0,0,0,0
4126,1,32,20.1380897583429,0,7.08350014686585,1,0,0,0,0
4127,1,32,14.9597238204833,0,8.70800018310547,0,0,1,1,0
4128,0,39,14.3843498273878,0,9.20849990844727,0,1,0,1,0
4129,0,55,10.9321058688147,0,29.3330001831055,0,1,0,1,0
4130,0,58,92.0598388952819,0,33.25,0,1,0,0,0
4131,1,41,16.8776371308017,0,18.9164999723434,0,1,0,0,0
4132,0,43,43.1530494821634,0,17,1,0,0,0,0
4133,0,27,13.6248561565017,0,0.625,0,1,0,1,0
4134,0,30,21.288837744534,0,3.75,1,0,0,1,0
4135,0,33,23.6206165586579,0,5,1,0,0,1,0
4136,1,55,31.4941554115438,0,29.3330001831055,1,0,0,0,0
4137,1,48,17.5352074086251,0,24.25,1,0,0,1,0
4138,0,20,6.58725468852051,0,0,0,1,0,0,1
4139,0,46,4.8331415420023,1,12.7915000915527,0,1,0,0,1
4140,1,31,30.2071346375144,0,5.16699981689453,1,0,0,0,0
4141,0,50,24.5867130708131,0,30.4169998168945,1,0,0,1,0
4142,0,51,11.8103082793289,0,28.5,1,0,0,1,1
4143,0,36,15.343306482547,0,12.3330001831055,0,1,0,0,0
4144,0,42,22.357389445997,0,17.9169998168945,0,1,0,1,0
4145,0,45,11.5074798619102,0,20.5,0,0,1,0,1
4146,0,35,18.9873417721519,0,11.6669998168945,1,0,0,0,0
4147,1,36,21.0422488903502,0,8.41649985313416,0,1,0,1,0
4148,0,64,31.9579155022193,0,36.4169998168945,1,0,0,0,0
4149,0,27,11.8025434481131,0,3.00050008296967,1,0,0,1,1
4150,0,35,15.343306482547,0,6.37549996376038,1,0,0,1,0
4151,0,31,12.945914844649,0,5.75049984455109,1,0,0,1,0
4152,0,51,19.3810187147962,0,19.6254997253418,0,1,0,1,0
4153,0,27,28.275521946408,0,6.08300018310547,0,1,0,0,0
4154,1,63,10.3567318757192,0,39.6669998168945,0,1,0,0,0
4155,0,21,8.05523590333717,0,1.29199999570847,0,1,0,1,1
4156,0,23,5.63260856398765,0,0.916999995708466,0,0,1,0,1
4157,0,39,15.5811277330265,0,13.375,0,1,0,1,0
4158,1,52,14.3843498273878,0,36.2914999723434,0,1,0,0,0
4159,1,22,16.4392569455861,0,0.708500027656555,0,1,0,1,1
4160,0,54,14.3843498273878,0,23.9584999084473,1,0,0,1,0
4161,0,45,20.7134637514384,0,23.75,0,1,0,0,0
4162,1,33,18.4119677790564,0,2.45799994468689,1,0,0,1,0
4163,1,30,11.5074798619102,0,3.5,1,0,0,1,0
4164,0,33,18.7407529179681,0,6.83300018310547,0,1,0,0,0
4165,0,19,4.43775633649051,0,0.5,0,0,1,0,1
4166,0,48,13.2336018411968,0,23.3330001831055,0,1,0,0,0
4167,1,27,10.3567318757192,0,4.91699981689453,0,1,0,0,0
4168,1,53,31.0701956271577,0,26.9580001831055,1,0,0,1,0
4169,0,27,0.920598388952819,1,0.666499972343445,1,0,0,0,1
4170,0,46,17.7038151721696,0,25.4169998168945,0,1,0,1,0
4171,1,48,12.3705408515535,0,26.6669998168945,0,1,0,1,0
4172,0,54,16.1104718066743,0,28.25,1,0,0,0,0
4173,0,54,44.1120061373226,0,32.25,1,0,0,0,0
4174,0,51,49.3177708367582,0,31.4169998168945,0,1,0,0,0
4175,0,37,10.7403145377829,0,12.25,0,1,0,1,0
4176,0,58,38.6219792865363,0,23.4169998168945,1,0,0,1,0
4177,0,64,5.75373993095512,1,37.75,0,1,0,0,0
4178,1,51,10.6222891033018,0,33.4169998168945,1,0,0,0,0
4179,1,39,18.4119677790564,0,10.7915000915527,1,0,0,1,0
4180,0,56,8.36210203298811,1,20.8335000276566,1,0,0,1,1
4181,0,23,5.2872204770939,0,0,0,0,1,0,1
4182,0,49,65.7570277823442,0,10.0834999084473,1,0,0,1,0
4183,0,41,18.660778154449,0,19,0,1,0,0,0
4184,0,57,13.8089758342923,0,22,1,0,0,1,1
4185,0,50,25.3754684134431,0,29.75,0,1,0,0,0
4186,1,40,12.8730341388569,0,13.5830001831055,0,1,0,1,0
4187,0,21,10.3567318757192,0,1.5,0,0,1,0,1
4188,0,54,23.0149597238205,0,24.25,1,0,0,0,0
4189,0,57,13.3486766398159,0,34.5830001831055,0,0,1,0,0
4190,1,53,14.7439585730725,0,23.2495002746582,0,1,0,1,0
4191,0,51,184.119677790564,0,21.5830001831055,1,0,0,0,0
4192,0,54,9.97314921365554,0,15.5004998445511,1,0,0,1,0
4193,1,49,26.8507863444572,0,12.8334999084473,1,0,0,1,0
4194,1,20,8.82546988876103,0,0,0,0,1,0,1
4195,0,50,24.1657077100115,0,31,1,0,0,0,0
4196,0,37,24.1657077100115,0,5.62450015544891,1,0,0,1,0
4197,0,55,37.3993095512083,0,26.4169998168945,1,0,0,1,0
4198,0,31,11.795166858458,0,3.58299994468689,0,1,0,1,0
4199,0,57,15.7816866677626,0,33.6669998168945,0,1,0,0,0
4200,1,29,20.5696202531646,0,5.25,1,0,0,1,0
4201,0,50,29.2851328973589,0,19.0415000915527,1,0,0,0,0
4202,1,60,7.5321686368867,0,39.25,1,0,0,0,0
4203,0,51,16.6858457997699,0,36.4169998168945,0,1,0,0,0
4204,0,35,15.1035673187572,0,7.54199981689453,0,1,0,1,0
4205,1,25,14.3843498273878,0,4.75,0,1,0,0,0
4206,0,25,22.1518987341772,0,1.08299994468689,1,0,0,0,0
4207,1,51,34.0962366278822,0,27.6669998168945,1,0,0,1,0
4208,1,39,15.8912817140665,0,17,0,1,0,0,0
4209,1,60,19.4741966893866,0,39.4169998168945,0,1,0,0,0
4210,0,61,9.58956655159187,0,16.7504997253418,0,1,0,1,0
4211,0,63,24.9033666755186,0,41.9169998168945,0,1,0,1,0
4212,0,41,10.9321058688147,0,19.9169998168945,0,0,1,0,1
4213,0,56,11.9500752412145,0,35.3330001831055,0,1,0,0,0
4214,0,42,11.7632016366194,0,14.5,0,1,0,1,0
4215,0,52,32.2209436133487,0,29.9169998168945,0,1,0,0,0
4216,0,63,12.6877342067216,0,43.0830001831055,0,0,1,0,1
4217,0,28,15.5350978135788,0,2.66700005531311,1,0,0,1,0
4218,1,52,51.7146144994246,0,27.75,1,0,0,0,0
4220,0,50,26.5557227582544,0,23.8330001831055,1,0,0,0,0
4221,1,46,13.8089758342923,0,13.2084999084473,0,1,0,0,0
4222,0,42,39.4542166694066,0,16.4169998168945,1,0,0,0,0
4223,0,23,9.99506822291633,0,0.416500002145767,0,1,0,1,0
4224,0,36,11.4950393431406,0,8.04149997234345,0,0,1,1,1
4225,1,46,10.0172612197929,0,10.2080001831055,0,1,0,0,0
4226,0,44,14.3065965850776,0,18.3745001852512,1,0,0,1,0
4227,1,21,5.39572944636236,1,0.0414999984204769,0,1,0,1,0
4228,1,44,40.2761795166859,0,14.1254998445511,1,0,0,1,0
4229,1,44,7.36478711162256,0,1.70850002765656,0,1,0,1,0
4230,0,53,19.7271083347033,0,29,0,1,0,0,0
4231,0,56,8.82240122746452,0,38.1669998168945,0,1,0,1,0
4232,0,37,15.343306482547,0,17.3330001831055,0,1,0,0,0
4233,0,42,9.12707545618938,0,15.25,1,0,0,0,1
4234,0,46,23.0149597238205,0,14.1669998168945,1,0,0,1,0
4235,1,64,12.945914844649,0,43.1669998168945,1,0,0,0,0
4236,0,52,34.5224395857307,0,25.9169998168945,1,0,0,0,0
4237,0,41,12.6582278481013,0,11.3334999084473,0,1,0,1,0
4238,1,50,23.0149597238205,0,29.9169998168945,0,1,0,0,0
4239,0,55,13.8089758342923,0,35.5830001831055,0,1,0,0,0
4240,0,53,12.0828538550058,0,28.8330001831055,1,0,0,0,0
4241,0,49,76.716532412735,0,21,1,0,0,0,0
4242,0,24,0.690448791714615,1,3,0,1,0,1,0
4243,0,55,20.6544510341979,0,34.3330001831055,0,1,0,0,0
4244,1,37,28.7686996547756,0,12.5830001831055,1,0,0,0,0
4245,0,44,17.7038151721696,0,21.5830001831055,1,0,0,0,0
4246,0,50,12.3041515446579,0,25.8745001554489,0,1,0,0,0
4247,0,54,18.7753618799588,0,29.6669998168945,0,1,0,0,0
4248,0,37,18.4119677790564,0,16.7915000021458,0,1,0,1,0
4249,1,27,6.2685482405669,0,0,1,0,0,0,1
4250,0,46,46.029919447641,0,19.5830001831055,1,0,0,0,0
4251,0,49,24.1657077100115,0,18.9584999084473,0,1,0,1,0
4252,1,48,10.3567318757192,0,28.7084999978542,0,1,0,0,0
4253,0,37,5.07863444572305,1,0.5,0,0,1,1,1
4254,0,44,11.5074798619102,0,25.4169998168945,0,1,0,0,0
4255,0,46,14.0335120267198,0,27.4169998168945,0,1,0,0,0
4256,0,41,20.0643238617922,0,9.5834998190403,0,1,0,0,0
4257,1,52,33.6939010356732,0,31.4169998168945,0,1,0,0,0
4258,0,30,16.1104718066743,0,8.33300018310547,0,1,0,1,0
4259,0,49,11.7126131985791,0,13.8330000042915,0,0,1,1,0
4260,0,27,13.4253931722286,1,3.25,0,1,0,0,0
4261,1,48,10.3567318757192,0,23.5834999084473,0,1,0,1,0
4262,0,49,40.2761795166859,0,9.79150009155273,1,0,0,1,0
4263,0,54,121.131366967476,0,31.25,1,0,0,0,0
4264,1,50,32.3820483314154,0,21.4169998168945,1,0,0,0,0
4265,0,23,14.7531793101413,0,3.16700005531311,0,1,0,1,0
4266,1,22,10.9321058688147,0,2,0,1,0,0,1
4267,0,43,29.2895645327358,0,17.4169998168945,1,0,0,1,0
4268,0,47,46.029919447641,0,25.6669998168945,0,1,0,0,0
4269,0,44,22.439585730725,0,25.2919998168945,0,0,1,0,1
4270,1,31,14.4665461121157,0,8.41649997234345,0,1,0,1,0
4271,0,31,12.6582278481013,0,5.99950018525124,1,0,0,0,1
4272,0,59,6.32911392405063,1,9.04150009155273,1,0,0,1,0
4273,0,39,11.0471806674338,0,5,1,0,0,1,0
4274,0,47,82.8538550057538,0,20,1,0,0,0,0
4275,0,36,13.684570646596,0,10.7084998190403,0,1,0,0,0
4276,0,36,14.5761411584196,0,15.6665000915527,0,0,1,1,0
4277,0,27,13.8089758342923,0,3,1,0,0,1,1
4278,1,32,12.6582278481013,0,7.83349978923798,0,1,0,1,0
4279,0,51,43.3448408131953,0,19.5830001831055,0,1,0,1,0
4280,0,51,29.3210586881473,0,11.5834999084473,1,0,0,1,0
4281,0,60,23.0149597238205,0,39.1669998168945,0,1,0,0,0
4282,0,45,14.3843498273878,0,21.8330001831055,0,1,0,0,0
4283,0,56,36.0775044319348,0,18.2084999084473,1,0,0,1,0
4284,0,59,9.6662830840046,1,22.625,0,1,0,1,0
4285,1,34,25.8918296892981,0,6.33300018310547,1,0,0,0,0
4286,0,41,11.5074798619102,0,19.75,0,1,0,0,0
4287,0,51,13.472171545651,0,16.0830001831055,1,0,0,1,0
4288,0,51,21.2469923632179,0,8.29150009155273,1,0,0,1,0
4289,1,21,11.5074798619102,0,1.25,0,1,0,0,0
4290,0,45,9.41521079610838,0,9.08349990844727,0,1,0,1,0
4291,0,36,9.86355416735164,0,13.0415000915527,0,1,0,1,0
4292,0,54,8.63060989643268,0,27.1665000915527,0,1,0,0,0
4293,0,50,28.1933256616801,0,19.0830001831055,1,0,0,0,0
4294,0,46,27.0425776754891,0,28.8330001831055,0,1,0,0,0
4295,1,61,17.8365937859609,0,41.5830001831055,0,1,0,0,0
4296,0,56,48.331415420023,0,29.25,1,0,0,0,0
4297,0,23,14.3843498273878,0,0.583000004291534,1,0,0,0,1
4298,0,24,10.3567318757192,0,1.79149997234345,0,1,0,1,0
4299,0,64,15.1414208709345,0,39.3330001831055,1,0,0,0,0
4300,0,43,8.22784810126582,1,6.29150009155273,0,1,0,1,0
4301,0,26,11.5074798619102,0,1.45799994468689,0,1,0,0,0
4302,0,62,17.644802454929,0,39.7085000276566,0,1,0,1,0
4303,0,28,11.3176064441887,0,0.416999995708466,1,0,0,0,1
4304,0,57,11.9677790563867,0,21,0,1,0,1,0
4305,0,22,6.96505360062988,0,0.875,0,1,0,1,1
4306,0,52,30.2828417418691,0,30.25,0,1,0,0,0
4307,1,42,8.05523590333717,0,5.04150021076202,0,1,0,1,1
4308,0,40,15.8227848101266,0,19.125,0,1,0,1,0
4309,0,26,9.58956655159187,0,1.83350002765656,0,1,0,1,0
4310,1,58,97.935998824768,0,34.5,1,0,0,0,0
4311,0,54,9.14269275028769,0,15.6254997253418,0,1,0,1,0
4312,0,49,2.49328730341389,0,28.1669998168945,0,0,1,0,0
4313,0,49,33.6804288641275,0,25.5830001831055,1,0,0,0,0
4314,0,53,9.20598388952819,0,27,1,0,0,1,0
4315,0,31,16.9583913754467,0,1.75,1,0,0,0,1
4316,0,53,20.6341018213563,0,21.8334999084473,0,1,0,1,0
4317,0,51,16.9872321771056,0,28.75,1,0,0,0,0
4318,1,35,18.4119677790564,0,8.12549996376038,0,1,0,1,0
4319,0,39,17.2612197928654,0,1.58350002765656,1,0,0,1,0
4320,1,32,26.6489007328448,0,8.25,0,1,0,0,0
4321,0,23,4.66519453861226,0,0.958500027656555,0,1,0,0,1
4322,1,40,18.4119677790564,0,13.6669998168945,1,0,0,0,0
4323,0,34,22.5546605293441,0,4.70849990844727,0,0,1,0,0
4324,0,39,15.5350978135788,0,18.1669998168945,0,1,0,0,0
4325,0,37,14.3843498273878,0,6.54149999842048,1,0,0,0,1
4326,0,48,28.7686996547756,0,27.5830001831055,0,1,0,1,0
4327,1,53,24.1657077100115,0,35.4169998168945,0,1,0,0,0
4328,1,36,12.6582278481013,0,2.91700005531311,0,0,1,1,0
4329,0,19,4.6029919447641,1,1.29149997234345,0,1,0,1,0
4330,1,27,17.2612197928654,0,2.375,0,1,0,1,1
4331,0,27,22.3508137432188,0,3.5,1,0,0,0,0
4332,1,56,15.1072556135847,0,25.7495002746582,1,0,0,1,0
4333,0,50,22.5788868027376,0,20.9584999084473,0,1,0,1,0
4334,0,49,38.3582662063675,0,21.5,1,0,0,0,0
4335,0,64,20.7134637514384,0,5.33300018310547,0,1,0,0,0
4336,0,35,23.7341772151899,0,5.16649997234345,1,0,0,1,0
4337,1,42,50.9090909090909,0,14.8334999084473,1,0,0,0,0
4338,0,47,1.5343306482547,1,23.0414999723434,1,0,0,0,1
4339,0,41,20.2082573184765,0,19.3330001831055,0,1,0,0,0
4340,0,45,85.6904487917146,0,13.75,1,0,0,0,0
4341,0,45,27.4836977368623,0,7.79150009155273,1,0,0,1,1
4342,0,57,24.7289685664103,0,36.75,0,1,0,0,0
4343,0,40,27.9467368074963,0,13.2495002746582,0,1,0,1,0
4344,0,43,21.2274645186038,0,12.3335000276566,1,0,0,1,0
4345,0,36,16.9583913754467,0,10.4169998168945,0,1,0,1,0
4346,0,63,5.11443549418233,1,36.5,1,0,0,1,0
4347,1,41,12.4938352786454,0,15.291500210762,0,1,0,0,0
4348,1,34,10.3567318757192,0,2.33300000429153,1,0,0,0,0
4349,0,64,85.5466052934408,0,42.5,0,1,0,0,0
4350,0,46,9.78135788262371,0,21,0,1,0,0,0
4351,1,58,11.5074798619102,0,15.7915000915527,0,1,0,1,0
4352,1,57,27.6179516685846,0,28.75,1,0,0,0,0
4353,1,62,23.0149597238205,0,40.4169998168945,1,0,0,0,0
4354,0,45,7.6716532412735,0,4.50050008296967,0,0,1,1,0
4355,0,41,16.1104718066743,0,10,0,1,0,1,0
4356,0,55,24.0506329113924,0,11.8334999084473,0,1,0,1,0
4357,0,31,21.1488819083756,0,5.5,0,1,0,0,0
4358,0,36,9.38768093997941,0,16.9169998168945,0,1,0,0,0
4359,0,26,11.5074798619102,0,0,0,0,1,0,1
4360,0,21,5.75373993095512,1,0.958500027656555,0,1,0,1,0
4361,1,46,17.2612197928654,0,18.9165001809597,1,0,0,1,0
4362,1,39,8.31095767804629,0,22.7915000021458,0,1,0,0,1
4363,1,49,9.97766195085629,0,15.7915000915527,0,1,0,1,0
4364,0,43,18.4119677790564,0,19.9169998168945,0,1,0,0,0
4365,0,21,14.3843498273878,0,1.5,0,1,0,0,0
4366,1,37,20.1380897583429,0,13.0830001831055,1,0,0,0,0
4367,0,37,56.2587904360056,0,12,1,0,0,0,0
4368,0,52,13.8808975834292,0,22.1665000915527,0,0,1,1,0
4369,0,19,11.1964668926694,0,0.416999995708466,0,0,1,1,1
4371,1,53,17.2612197928654,0,29,1,0,0,0,0
4372,1,54,12.1634062140391,0,19.7084999084473,0,1,0,1,0
4373,0,57,76.716532412735,0,38.1669998168945,0,1,0,0,0
4374,0,31,8.56370594374716,0,0.916999995708466,0,1,0,1,0
4375,0,44,20.9292289988493,0,12.5,1,0,0,1,0
4376,0,40,37.3993095512083,0,15.4169998168945,1,0,0,0,0
4377,0,34,15.3213874732862,0,2.95849990844727,0,1,0,1,1
4378,0,48,30.6276002478534,0,26.5830001831055,0,1,0,0,0
4379,1,42,9.20598388952819,0,10.5830001831055,0,1,0,1,0
4380,1,45,9.20598388952819,0,22.8334999084473,0,1,0,1,1
4381,0,23,10.644418872267,0,3.00050008296967,0,1,0,0,0
4382,0,61,14.7531793101413,0,36.5004998147488,0,1,0,0,0
4383,0,53,70.3528960490986,0,30.9995002746582,1,0,0,0,0
4384,0,20,9.20598388952819,0,0.0829999968409538,0,1,0,1,1
4385,0,58,13.8089758342923,0,13.1665000915527,0,1,0,1,0
4386,0,56,25.3164556962025,0,33.75,1,0,0,0,0
4387,0,45,28.4925201380898,0,13.5,1,0,0,1,0
4388,1,55,18.1697050451214,0,10.1665000915527,0,1,0,1,0
4389,0,50,29.8572450471185,0,26.4165000021458,0,1,0,0,0
4390,0,55,19.433831990794,0,21.4584999084473,0,1,0,1,0
4391,0,56,13.2336018411968,0,25.1669998168945,1,0,0,0,1
4392,0,59,82.1962847279303,0,34.3330001831055,0,1,0,0,0
4393,0,27,17.7038151721696,0,5.25,0,1,0,1,0
4394,0,51,46.029919447641,0,14.4169998168945,1,0,0,1,0
4395,0,50,18.0283851169927,0,16.7084999084473,0,1,0,1,0
4396,1,48,29.0635788262371,0,10.75,1,0,0,1,0
4397,1,26,6.1373225930188,1,1.125,1,0,0,0,1
4398,0,51,37.3215563088981,0,13.5419998168945,1,0,0,1,0
4399,1,30,15.8227848101266,0,6.95800018310547,1,0,0,0,0
4400,0,34,19.4741966893866,0,13.2919998168945,0,1,0,1,0
4401,0,48,19.5627157652474,0,14.1669998168945,1,0,0,1,0
4402,1,33,8.05523590333717,0,0.583000004291534,0,0,1,1,0
4404,0,55,18.4119677790564,0,30.2915000021458,0,1,0,0,0
4405,0,42,5.17836593785961,0,14.2914998531342,0,1,0,1,0
4406,1,41,39.050788417877,0,17.6254998445511,1,0,0,0,0
4407,0,46,18.4119677790564,0,25,1,0,0,0,0
4408,0,52,23.0149597238205,0,21,0,1,0,1,0
4409,0,63,57.5373993095512,0,42,0,1,0,0,0
4410,1,43,35.8010484592763,0,15.1254998445511,1,0,0,1,0
4411,0,20,4.72412331173157,0,0.5,0,1,0,1,1
4412,0,25,14.3843498273878,0,4.99950018525124,0,1,0,0,0
4413,0,57,25.43758706317,0,37.1669998168945,0,1,0,0,0
4414,1,42,17.2612197928654,0,15.6669998168945,0,1,0,1,0
4415,0,43,16.195712398244,0,3.625,1,0,0,1,0
4416,0,26,14.3843498273878,0,4.66699981689453,0,1,0,1,0
4417,0,54,22.439585730725,0,28.8745002746582,0,1,0,1,0
4418,0,55,76.716532412735,0,35,0,0,1,0,0
4419,0,44,15.8803222094361,0,12.8334999084473,0,1,0,1,0
4420,0,22,10.3567318757192,0,0.333499997854233,0,1,0,0,1
4421,0,53,39.7531122502354,0,26.0830001831055,0,1,0,1,0
4422,1,42,11.8910625239739,0,13.3334999084473,0,1,0,1,0
4423,0,56,24.2262733934953,0,37.1669998168945,0,0,1,0,0
4424,0,26,11.5074798619102,0,5,0,0,1,0,1
4425,0,25,20.2252676360847,0,4.29200005531311,0,1,0,1,0
4426,1,30,16.3661935813835,0,11.3330001831055,1,0,0,0,0
4427,0,34,27.49009078123,0,8,1,0,0,1,0
4428,0,38,19.3810187147962,0,18.5830001831055,0,1,0,0,0
4429,0,57,11.2398640511681,0,36.6669998168945,0,1,0,0,0
4430,1,63,24.1657077100115,0,31.9169998168945,1,0,0,1,0
4431,0,44,16.2166946977074,0,13.625,0,1,0,1,0
4432,0,51,30.3123859777148,0,19.7084999084473,1,0,0,1,0
4433,0,52,37.2497123130035,0,22.75,1,0,0,1,0
4434,1,46,18.4119677790564,0,13.9169998168945,0,1,0,1,0
4435,1,39,14.1807559529079,0,4.70850014686585,0,1,0,0,0
4436,0,38,21.6998191681736,0,16,0,1,0,1,0
4437,0,55,27.3228880823818,0,34.25,1,0,0,0,0
4438,0,51,14.3400902894574,0,21.4169998168945,0,1,0,1,1
4439,0,59,24.9876705572908,0,40.8330001831055,0,1,0,0,0
4440,1,35,13.3244503664224,0,11.8334998190403,0,1,0,0,0
4441,1,52,40.3107019562716,0,27,1,0,0,0,0
4442,0,52,12.6582278481013,0,33.4169998168945,0,1,0,1,1
4443,0,26,10.0115074798619,0,7.25,0,0,1,0,1
4444,0,39,17.0694284618335,0,17.2080001831055,0,1,0,1,0
4445,0,50,12.2746451860376,0,19.833499789238,0,1,0,1,0
4446,0,39,26.8003149415541,0,19.4169998168945,0,1,0,0,0
4447,0,34,12.9827977929244,0,4.16699999570847,0,0,1,1,1
4448,1,62,11.5074798619102,0,30.6665000915527,0,0,1,1,0
4449,0,43,8.40046029919448,1,2.66649994254112,0,1,0,1,1
4450,1,36,11.5074798619102,0,3.79149997234345,1,0,0,1,0
4451,1,46,18.9873417721519,0,21.6669998168945,0,1,0,0,0
4452,0,20,7.46431126177962,0,0,0,1,0,0,1
4453,0,45,35.6183900487698,0,20.9164999723434,1,0,0,0,0
4455,0,44,24.7853412410374,0,20.0830001831055,0,1,0,0,0
4456,0,51,18.7974683544304,0,26.1669998168945,0,1,0,0,0
4457,0,44,23.0149597238205,0,14.1669998168945,0,1,0,0,0
4458,0,52,21.8642117376295,0,23.5830001831055,0,1,0,1,0
4459,1,51,13.2336018411968,0,30.25,0,1,0,0,0
4460,0,39,12.5937859608746,0,9.66650009155273,0,1,0,1,0
4461,0,22,7.76754890678941,0,0.124499995261431,0,0,1,0,1
4462,0,18,4.74683544303798,0,0.166500002145767,0,0,1,1,1
4463,0,61,25.8918296892981,0,40.25,1,0,0,0,0
4465,0,49,13.9801127142899,0,23.4165000021458,0,0,1,0,1
4466,0,45,61.1540358375802,0,24.25,0,1,0,0,0
4467,0,48,8.71778777417443,0,11.8334999084473,0,1,0,1,0
4468,0,26,15.1414208709345,0,2.66700005531311,0,1,0,0,0
4469,0,59,35.4890678941312,0,39,0,1,0,1,0
4470,0,45,18.5242358752702,0,19.25,1,0,0,1,0
4471,0,26,2.45492903720752,0,0.91650003194809,1,0,0,1,1
4472,1,63,20.7134637514384,0,44.3330001831055,0,1,0,1,0
4473,0,44,29.9194476409666,0,18,0,1,0,0,0
4474,1,45,10.9321058688147,0,22.6669998168945,0,1,0,0,0
4475,0,23,4.6029919447641,1,0.916499972343445,0,1,0,0,0
4476,0,51,49.8657460682777,0,31,1,0,0,0,0
4477,0,54,23.0149597238205,0,36.5830001831055,1,0,0,0,0
4478,0,31,10.3567318757192,0,2.91700005531311,1,0,0,0,1
4479,0,59,10.1393683672165,0,30.3334999084473,0,1,0,1,0
4480,1,63,10.1841196777906,0,41.25,0,1,0,1,0
4481,0,39,20.1579302408635,0,13.375,0,1,0,1,0
4482,0,41,20.592332384471,0,14.5419998168945,0,1,0,0,0
4483,0,40,15.6501726121979,0,10.75,0,1,0,1,0
4484,0,58,12.6706683668709,0,37.4169998168945,0,1,0,0,0
4485,1,57,20.1174353073087,0,36.25,0,1,0,0,0
4486,1,38,18.4119677790564,0,14.9585000276566,0,1,0,0,0
4487,0,31,21.8642117376295,0,6.08349990844727,1,0,0,1,0
4488,0,44,19.9462984273111,0,10.7915000915527,0,1,0,1,0
4489,0,24,16.1104718066743,0,4.5,1,0,0,0,0
4490,0,46,28.1293952180028,0,27.6669998168945,0,1,0,1,0
4491,0,59,31.5633733355252,0,33.1669998168945,0,1,0,0,0
4492,0,57,33.6372488271223,0,34.25,1,0,0,0,0
4493,0,54,21.1979892193083,0,34.5,0,1,0,1,0
4494,0,52,44.1120061373226,0,27.5830001831055,1,0,0,0,0
4495,0,46,16.6219153560926,0,19.0414999984205,0,1,0,0,0
4496,0,30,11.5074798619102,0,1.5,1,0,0,0,1
4497,0,63,24.1657077100115,0,35.3330001831055,1,0,0,0,0
4498,0,44,14.9597238204833,0,0.166500002145767,1,0,0,1,1
4499,0,38,19.3409352442724,0,10.25,1,0,0,0,0
4500,0,25,17.2612197928654,0,4.08300018310547,0,1,0,1,0
4501,0,51,13.8089758342923,0,31.75,0,0,1,0,0
4502,0,47,23.6050868962261,0,14.5,1,0,0,0,0
4503,0,36,17.2554660529344,0,13.5,0,0,1,0,0
4504,0,41,23.5763002048893,0,8.16649997234345,1,0,0,0,0
4505,0,60,27.2545575676822,0,34.3330001831055,1,0,0,0,0
4506,0,64,41.482163406214,0,14.1665000915527,1,0,0,1,0
4507,0,41,25.1726121979287,0,11.2080001831055,1,0,0,0,0
4508,0,45,15.7470777057719,0,5.62549996376038,1,0,0,1,1
4509,0,58,19.5627157652474,0,8.25,1,0,0,1,0
4510,0,46,26.8507863444572,0,13.1665000915527,1,0,0,1,0
4511,0,46,14.7953312510275,0,20,0,1,0,0,0
4512,0,58,30.2482327798784,0,16.5,1,0,0,1,0
4513,0,54,15.8227848101266,0,35.5,0,1,0,1,0
4514,0,36,21.5765247410817,0,9.33349999785423,0,1,0,0,0
4515,0,39,16.8776371308017,0,16.8330001831055,0,1,0,1,0
4516,0,51,28.5339470655926,0,29,1,0,0,0,0
4517,1,53,18.4119677790564,0,35.25,1,0,0,1,0
4518,0,33,26.3028111129377,0,12.0830001831055,0,1,0,0,0
4519,1,63,18.6996547756041,0,28.7084999084473,1,0,0,1,0
4520,0,33,12.6582278481013,0,14.6254998445511,0,1,0,0,0
4521,0,39,10.9321058688147,0,5.95850002765656,0,0,1,1,1
4522,0,53,46.029919447641,0,23,1,0,0,0,0
4523,0,61,21.1737629459149,0,23.625,1,0,0,1,0
4524,0,40,16.1104718066743,0,8.33349990844727,0,1,0,1,0
4525,1,35,14.3843498273878,0,7.5,0,0,1,0,1
4526,1,36,13.1514055564689,0,5.75049996376038,0,1,0,1,0
4527,0,32,28.1933256616801,0,7.04199981689453,1,0,0,1,0
4528,0,50,22.1518987341772,0,29.4169998168945,0,1,0,0,0
4529,0,44,14.0091059188473,0,18.9165000915527,0,1,0,1,0
4530,1,44,13.1514055564689,0,8.41649997234345,0,1,0,1,0
4531,1,49,20.1380897583429,0,25,0,1,0,0,0
4532,0,21,6.90448791714615,1,2.125,0,1,0,1,1
4533,0,64,21.6937305544901,0,24.625,0,1,0,1,0
4534,0,57,27.1458499306601,0,20.875,1,0,0,1,0
4535,0,47,18.4119677790564,0,8.91650009155273,1,0,0,1,0
4536,0,38,8.11967779056387,0,9.45849999785423,1,0,0,0,1
4537,0,55,10.3567318757192,0,35.6669998168945,0,1,0,0,0
4538,0,24,10.9321058688147,0,1.58299994468689,0,0,1,0,0
4539,0,43,31.1012969240817,0,25.4169998168945,0,1,0,1,0
4540,0,24,2.95906625020549,0,2.66649997234345,0,1,0,1,1
4541,0,43,38.8319907940161,0,15.3330001831055,1,0,0,0,0
4542,1,60,10.517836593786,0,18.6669998168945,0,1,0,1,0
4543,1,22,18.7859608745685,0,2.25,0,1,0,0,0
4544,1,46,29.9194476409666,0,22.5,1,0,0,0,0
4545,1,46,18.7529301453352,0,18.2084999084473,0,1,0,1,0
4546,0,28,16.4413118527043,0,5.66649997234345,0,1,0,1,0
4547,0,50,19.5627157652474,0,13.7080001831055,1,0,0,1,0
4548,0,61,10.6550739462132,0,34.4169998168945,1,0,0,0,0
4549,0,32,38.3582662063675,0,4.25,0,1,0,0,0
4550,0,41,23.0149597238205,0,7.8745002746582,1,0,0,1,0
4551,0,41,76.716532412735,0,17,1,0,0,1,0
4552,1,53,14.3065965850776,0,33.8330001831055,0,1,0,0,0
4553,0,57,26.4672036823936,0,21.625,1,0,0,1,0
4554,0,63,44.2820265605076,0,39.25,1,0,0,0,0
4555,0,50,19.1791331031837,0,22,1,0,0,1,0
4556,0,54,9.44203475849046,0,22.9169998168945,0,1,0,0,0
4557,1,23,2.5891829689298,0,0,0,1,0,0,1
4558,0,55,23.0149597238205,0,31.8330001831055,0,1,0,0,0
4559,0,29,20.7134637514384,0,2.95849990844727,1,0,0,0,1
4560,0,44,11.5074798619102,1,0.5,0,0,1,1,0
4561,0,60,17.2612197928654,0,30.8754998445511,1,0,0,1,0
4562,1,51,11.9677790563867,0,27.0834998190403,0,1,0,0,0
4563,0,59,30.7976500514808,0,31.1669998168945,1,0,0,0,0
4564,0,44,28.7686996547756,0,22.8330001831055,0,1,0,0,0
4565,0,45,21.288837744534,0,12,0,0,1,1,0
4566,0,45,26.4245833866087,0,27.25,1,0,0,0,0
4567,0,54,18.0117076099465,0,17.4169998168945,0,1,0,1,0
4568,0,53,16.1104718066743,0,31.5830001831055,1,0,0,0,0
4569,1,60,13.4087156651824,0,30.8334999084473,0,1,0,1,0
4570,0,44,11.5074798619102,0,5.41700005531311,0,1,0,1,0
4571,0,55,32.2209436133487,0,40.7919998168945,0,1,0,0,0
4572,0,55,12.5536143948112,0,35,1,0,0,0,0
4573,0,50,26.1250894162287,0,30,0,1,0,0,0
4574,0,59,23.0149597238205,0,38.5830001831055,0,1,0,0,0
4575,1,26,13.8089758342923,0,3.41649994254112,0,1,0,1,0
4576,0,24,9.95241501570616,0,4.5,1,0,0,1,1
4577,0,25,15.9186804756425,0,4.25,0,1,0,1,0
4578,0,40,20.592332384471,0,18.6669998168945,0,1,0,1,0
4579,0,48,27.977929243752,0,24.25,0,1,0,0,0
4580,0,42,21.6084899629203,0,11.4165000915527,1,0,0,1,0
4581,1,53,9.20598388952819,0,27.25,1,0,0,1,1
4582,1,60,23.9470655926352,0,37.6669998168945,1,0,0,0,0
4583,0,26,5.04890678941312,1,2.04150009155273,1,0,0,1,1
4584,1,47,25.5721774709117,0,18.9585000276566,1,0,0,0,0
4585,0,62,12.8883774453395,0,35.2915000915527,0,1,0,1,0
4586,1,39,19.0123580327213,0,10.9169998168945,0,1,0,0,0
4587,0,49,32.1595703874185,0,16.7504997253418,0,1,0,1,0
4588,0,40,15.5478839023143,0,18.1669998168945,0,1,0,0,0
4589,1,43,11.9390103567319,0,10.6665000915527,0,1,0,0,0
4590,0,21,4.74683544303798,0,0,0,0,1,0,1
4591,0,60,28.6283645345084,0,39.1669998168945,1,0,0,0,0
4592,0,59,11.2197928653625,0,39.2080001831055,0,1,0,1,0
4593,0,22,6.27157652474108,0,0.5,0,1,0,1,1
4594,0,58,17.2612197928654,0,14.7084999084473,1,0,0,1,0
4595,0,29,16.4392569455861,0,9.25,1,0,0,0,0
4596,0,57,19.0138974949102,0,35.5,0,1,0,0,0
4597,0,47,19.8184375399565,0,18.7084999084473,0,1,0,1,0
4598,1,42,15.9090909090909,0,22.7504997253418,0,1,0,0,0
4599,1,45,13.0625447081143,0,21.75,0,1,0,0,0
4600,1,57,168.776371308017,0,36.3330001831055,0,1,0,0,0
4601,0,56,14.3459915611814,0,23.0415000915527,0,1,0,1,0
4602,1,41,19.4092827004219,0,17,0,1,0,1,0
4603,0,25,10.3567318757192,0,0.666500002145767,0,1,0,1,1
4604,0,40,21.992072624984,0,18.5,1,0,0,0,0
4605,0,30,8.50552859358583,0,5.91650009155273,0,1,0,0,1
4606,0,48,14.9597238204833,0,10.0834999084473,0,1,0,1,0
4607,0,22,2.99194476409666,1,1.04149997234345,1,0,0,0,1
4608,0,29,8.31095767804629,0,3.91700005531311,0,1,0,0,1
4609,0,53,10.0321619308961,0,27.874500181526,0,1,0,0,0
4610,0,55,29.0942771337955,0,33.6669998168945,0,1,0,0,0
4611,0,48,40.5790079341045,0,16.8330001831055,1,0,0,0,0
4612,1,24,17.4167262774858,0,2.33299994468689,0,1,0,1,0
4613,0,27,18.4119677790564,0,3.125,1,0,0,1,1
4614,0,60,36.9965477560414,0,35.25,1,0,0,0,0
4615,0,41,8.63060989643268,0,15.5,0,1,0,1,0
4616,1,33,13.2975322848741,0,8.75,0,1,0,1,0
4617,1,56,29.9194476409666,0,31.25,1,0,0,0,0
4618,1,38,52.9344073647871,0,9.33300018310547,1,0,0,0,0
4619,1,29,20.5638665132336,0,2.58350002765656,1,0,0,1,1
4620,0,43,11.5074798619102,0,21.125,0,1,0,1,0
4621,0,53,37.3993095512083,0,28,0,1,0,0,0
4622,0,44,27.1458499306601,0,19.1664999723434,0,1,0,0,0
4623,0,58,19.0695380568798,0,22.625,0,1,0,1,0
4624,0,21,4.02761795166859,0,0.374500002712011,0,0,1,0,1
4625,0,41,15.5506484620409,0,21.4169998168945,0,1,0,0,1
4626,0,58,32.7963176064442,0,26.25,1,0,0,1,0
4627,1,50,10.5945531261987,0,9.125,0,1,0,1,0
4628,1,49,26.0836210203299,0,15.4584999084473,0,1,0,1,0
4629,0,24,10.0428915158489,0,1.95849996805191,0,1,0,1,1
4630,1,58,25.5721774709117,0,34.25,1,0,0,1,0
4631,0,55,17.2612197928654,0,33.25,1,0,0,0,0
4632,0,40,23.9840106595603,0,17.7085000276566,0,1,0,1,0
4633,0,61,18.4119677790564,0,32.25,1,0,0,0,0
4634,0,38,13.2336018411968,0,12.25,0,1,0,0,0
4635,0,59,57.6639815880322,0,23.8334999084473,0,1,0,1,0
4636,0,49,18.0387522159674,0,28.666500210762,1,0,0,0,1
4637,0,54,45.6331097972303,0,29.9169998168945,1,0,0,0,0
4638,0,41,17.2612197928654,0,19.3330001831055,0,1,0,0,0
4639,0,33,24.2262733934953,0,10.875,1,0,0,0,0
4640,0,47,18.7753618799588,0,24.1669998168945,0,1,0,0,0
4641,1,51,11.5074798619102,0,22.8334999084473,0,1,0,1,0
4642,0,56,29.7238204833142,0,33.3330001831055,0,1,0,0,0
4643,0,61,34.5224395857307,0,28.5,1,0,0,1,0
4644,0,49,27.6230661040788,0,13.9584999084473,1,0,0,1,0
4645,0,59,12.2746451860376,0,21.2915000915527,0,1,0,1,0
4646,0,33,18.4119677790564,0,13.5415001809597,1,0,0,0,0
4647,0,19,15.343306482547,1,0,0,1,0,1,0
4648,0,25,10.4718066743383,0,7.0834998190403,1,0,0,0,0
4649,1,57,22.9413118527043,0,22.7084999084473,0,1,0,1,0
4650,0,54,23.0149597238205,0,25,1,0,0,1,0
4651,1,34,19.7338526452451,0,1.875,0,1,0,0,0
4652,1,62,23.0868814729574,0,17.7915000915527,1,0,0,1,0
4653,0,47,11.5074798619102,0,18.4169998168945,1,0,0,0,0
4654,0,40,60.6271576524741,0,14.75,1,0,0,0,0
4655,0,55,6.93901035673188,0,9.83350002765656,0,1,0,1,1
4656,0,46,14.5357640360972,0,22.6665000915527,0,1,0,1,0
4657,1,36,9.20598388952819,0,4.375,0,1,0,1,0
4658,0,54,26.9603813907611,0,32.5830001831055,0,1,0,0,0
4659,0,38,11.8224214160257,0,11.2084999084473,0,1,0,1,0
4660,0,50,12.4280782508631,0,17.875,0,1,0,1,0
4661,0,53,17.8365937859609,0,27.958499789238,0,1,0,0,0
4662,1,24,9.20598388952819,0,1,0,1,0,0,0
4663,0,53,19.0448791714615,0,19.25,0,1,0,1,0
4664,1,39,12.6582278481013,0,8.95850002765656,0,0,1,1,0
4665,0,39,25.1726121979287,0,12.75,0,0,1,0,0
4666,0,38,27.2497123130035,0,19.1669998168945,0,0,1,0,0
4667,0,52,37.3993095512083,0,30.75,0,1,0,0,0
4668,0,32,125.536143948112,0,10,1,0,0,1,0
4669,0,45,6.47295742232451,0,9.66650009155273,0,1,0,1,1
4670,0,63,10.3567318757192,0,40.6665000915527,0,1,0,0,0
4671,0,28,17.4167262774858,0,11.5414999723434,0,1,0,1,0
4672,0,44,40.4602991944764,0,16.1669998168945,1,0,0,0,0
4673,1,52,23.0149597238205,0,27.1669998168945,1,0,0,0,0
4674,0,47,27.6179516685846,0,10.1665000915527,1,0,0,1,0
4675,0,46,30.6098964326813,0,12.6245002746582,1,0,0,1,0
4676,0,45,30.686612965094,0,24,1,0,0,0,0
4677,0,31,9.86355416735164,0,4.5,0,0,1,0,0
4678,0,49,21.288837744534,0,29.25,0,1,0,0,0
4679,1,38,7.3590333716916,0,6.91699981689453,1,0,0,0,0
4680,0,50,22.4248325514148,0,32.5,1,0,0,0,0
4681,0,49,23.0149597238205,0,26,0,1,0,0,0
4682,0,36,26.3137706175681,0,10.208499789238,1,0,0,1,0
4683,1,47,15.1241163899392,0,24.541500210762,0,1,0,1,0
4684,0,45,29.2112950340798,0,7.41699981689453,1,0,0,1,0
4685,0,49,17.8365937859609,0,30.5830001831055,0,1,0,0,0
4686,0,39,17.9900268507864,0,18.25,1,0,0,1,0
4687,0,47,9.20598388952819,1,13.5,0,1,0,1,0
4688,1,40,34.5224395857307,0,14.75,1,0,0,0,0
4689,0,57,10.3567318757192,0,11.3334999084473,1,0,0,1,0
4690,0,26,16.1104718066743,0,5.08300018310547,0,1,0,0,0
4691,0,43,16.3527345406093,0,11,1,0,0,0,1
4692,0,50,38.8697097557857,0,15,0,1,0,0,0
4693,0,47,13.4253931722286,0,28.75,0,1,0,1,0
4694,0,25,4.14269275028769,0,5,0,1,0,0,1
4695,0,46,19.0695380568798,0,22.8330001831055,0,1,0,0,0
4696,0,23,10.3567318757192,0,1,0,1,0,0,1
4697,0,34,23.0149597238205,0,8.29199981689453,1,0,0,1,0
4698,1,60,19.3810187147962,0,37.8330001831055,0,1,0,0,0
4699,0,19,5.40212249073009,0,0.0414999984204769,0,0,1,1,1
4700,0,57,42.4891564132071,0,21.4169998168945,1,0,0,0,0
4701,0,44,5.45091151353643,0,2.45850002765656,0,1,0,1,0
4702,0,35,20.1380897583429,0,6.33350014686585,0,1,0,1,0
4703,0,44,14.0627305184267,0,25.5830001831055,0,1,0,0,0
4704,1,64,34.5224395857307,0,25.5,1,0,0,1,0
4705,0,60,20.9226906580186,0,35.8330001831055,0,1,0,1,0
4706,0,56,5.17836593785961,0,19.5834999084473,1,0,0,1,0
4707,0,42,16.3661935813835,0,20.1669998168945,0,0,1,0,1
4708,0,56,18.8881393595492,0,28.3754997253418,0,1,0,1,0
4709,0,45,22.4248325514148,0,23,0,1,0,0,0
4710,0,58,13.6384946511529,0,17.6669998168945,0,1,0,1,0
4711,0,51,3.72842347525892,1,21.5,0,1,0,1,0
4712,1,49,10.9838895281933,0,20.4169998168945,1,0,0,1,0
4713,0,60,21.4806290755658,0,16.9584999084473,1,0,0,1,0
4714,0,58,96.662830840046,0,17.9584999084473,0,1,0,0,0
4715,0,33,7.36478711162256,0,10.8754998445511,0,1,0,1,0
4716,0,55,19.3810187147962,0,27.75,0,1,0,1,0
4717,0,57,15.7816866677626,0,25.875,0,1,0,0,0
4718,0,51,10.3567318757192,0,16.9584999084473,1,0,0,1,0
4719,0,21,10.7403145377829,0,1.75,0,1,0,1,0
4720,0,42,31.6455696202532,0,22.1669998168945,0,1,0,1,0
4721,1,58,8.82240122746452,0,29.2495001554489,0,1,0,1,1
4722,0,28,21.7709078468572,0,7.83300018310547,0,0,1,0,0
4723,0,47,37.9804372842348,0,21.5,0,1,0,0,0
4724,1,49,12.0554550934298,0,22.8330001831055,0,1,0,0,0
4725,0,34,7.31875719217492,1,4.875,0,1,0,1,0
4726,0,22,10.3567318757192,0,4.08300018310547,0,0,1,0,0
4727,0,20,3.83582662063675,1,0.499499998986721,0,0,1,0,1
4728,0,60,24.2262733934953,0,15.6665000915527,1,0,0,1,0
4729,0,44,15.8227848101266,0,11.7915000915527,0,1,0,1,0
4730,0,39,17.2612197928654,0,20.5830001831055,0,0,1,0,0
4731,0,40,28.7686996547756,0,14.4169998168945,1,0,0,1,0
4732,1,45,13.5327963176064,0,25.2084998190403,0,1,0,0,0
4733,0,42,23.0149597238205,0,18,1,0,0,0,0
4734,1,64,20.2895039670523,0,30.7915000021458,1,0,0,0,0
4735,1,60,18.4119677790564,0,30.0830001831055,1,0,0,0,0
4736,0,48,15.4827910869338,0,4.875,0,1,0,1,0
4737,0,53,26.8507863444572,0,32,1,0,0,0,0
4738,0,28,18.4119677790564,0,5.87450015544891,0,1,0,1,0
4739,0,39,14.9597238204833,0,15.25,0,1,0,0,0
4740,0,51,20.1380897583429,0,15.9169998168945,1,0,0,1,0
4741,0,50,12.0828538550058,0,3,0,1,0,0,0
4742,1,63,26.4499424626007,0,42.4169998168945,1,0,0,1,0
4743,0,49,29.2917669212261,0,20,1,0,0,0,0
4744,0,22,23.1588032220944,0,0.583000004291534,0,1,0,0,0
4745,0,58,8.05523590333717,1,9.66650009155273,1,0,0,1,0
4746,0,52,23.0149597238205,0,19.6665000915527,0,0,1,1,0
4747,1,48,25.8918296892981,0,29.5,0,1,0,0,0
4748,0,58,16.4392569455861,0,31.6669998168945,1,0,0,0,0
4749,1,43,31.6455696202532,0,20.9169998168945,0,1,0,1,0
4750,0,25,21.6998191681736,0,6,0,1,0,0,0
4751,0,18,5.75373993095512,0,0,0,0,1,0,1
4752,0,42,10.996036312492,1,5.125,0,1,0,1,0
4753,0,32,14.3843498273878,0,9.75,0,0,1,0,0
4754,0,45,35.4076303443392,0,13.8330001831055,1,0,0,1,0
4755,1,50,19.5627157652474,0,27.5,1,0,0,1,0
4756,1,45,14.2500958956655,0,25.3330001831055,0,0,1,0,0
4757,0,24,13.1514055564689,0,3.25,0,1,0,1,0
4758,0,44,10.9321058688147,0,26.8330001831055,0,1,0,0,0
4759,0,53,11.5074798619102,0,23,0,0,1,0,0
4760,0,35,21.0970464135021,0,7.45849990844727,0,1,0,1,0
4761,0,62,83.6907626320745,0,27,1,0,0,0,0
4762,0,44,17.2036823935558,0,12.875,0,1,0,1,0
4763,0,62,19.1791331031837,0,34.25,1,0,0,0,0
4764,1,56,9.85381238545795,0,21.5830001831055,0,1,0,0,1
4765,0,64,7.98235519754507,0,41.791500210762,1,0,0,0,0
4766,0,22,9.20598388952819,0,4.83300018310547,0,0,1,0,1
4767,1,57,15.5350978135788,0,34.1669998168945,0,1,0,0,0
4768,0,45,14.4366565540329,0,13.0834999084473,0,1,0,1,0
4769,0,54,23.6725300016439,0,33.1669998168945,0,1,0,0,0
4770,0,20,8.3035552056205,0,0,0,1,0,0,1
4771,0,52,8.63060989643268,0,10.0830001831055,0,0,1,1,1
4772,0,33,13.8089758342923,0,3.16650009155273,0,0,1,1,0
4773,0,54,19.1791331031837,0,36.0830001831055,0,1,0,0,0
4774,0,49,15.343306482547,0,27.5830001831055,0,1,0,0,0
4775,0,32,15.1414208709345,0,8.5,0,1,0,1,0
4776,0,40,10.5868814729574,0,16.7915000915527,0,1,0,1,0
4777,0,21,15.1898734177215,1,0.291500002145767,0,1,0,1,1
4778,1,57,13.2336018411968,0,35.0830001831055,0,1,0,0,0
4779,0,44,20.0643238617922,0,14.5830001831055,1,0,0,0,0
4780,0,56,16.5235608273583,0,26.7085000276566,0,1,0,1,0
4781,0,55,35.4076303443392,0,34,1,0,0,0,0
4783,0,62,12.04833141542,0,40,1,0,0,1,0
4784,0,45,55.0517836593786,0,26.0830001831055,0,1,0,0,0
4785,0,43,19.9462984273111,0,17.2915000915527,0,1,0,1,0
4786,0,54,16.5235608273583,0,27.4169998168945,0,1,0,0,0
4787,0,27,17.2612197928654,0,4.33300018310547,1,0,0,0,0
4788,0,21,4.14269275028769,0,0.75,0,0,1,1,0
4789,1,26,18.9873417721519,0,5.75,0,1,0,1,0
4790,1,55,36.4403528960491,0,37,0,1,0,0,0
4791,1,27,15.7119200651155,0,8.66699981689453,1,0,0,0,0
4792,0,47,40.9154839534586,0,22,1,0,0,0,0
4793,0,41,23.5763002048893,0,14.3330001831055,0,1,0,0,0
4794,1,43,19.355581127733,0,13.9584999084473,1,0,0,1,0
4795,0,48,8.63060989643268,0,21.0415000915527,0,0,1,1,0
4796,0,48,13.684570646596,0,18.8330001831055,0,1,0,1,0
4797,0,64,13.7054085155351,0,30.5,0,1,0,1,0
4798,0,43,32.8785138911721,0,21,0,1,0,0,0
4799,0,64,29.2917669212261,0,39.6669998168945,1,0,0,0,0
4800,0,50,14.3843498273878,0,24.25,0,1,0,0,0
4801,1,62,20.4577419767293,0,28.8330001831055,1,0,0,1,0
4802,0,22,29.2917669212261,0,1.04199999570847,0,1,0,1,1
4803,1,31,4.90985807441504,0,6.75,0,0,1,0,0
4804,0,63,17.2324510932106,0,38.5,0,0,1,1,0
4805,0,54,47.9478327579593,0,36.1669998168945,0,1,0,0,0
4806,0,53,59.3543698140634,0,24.3330001831055,0,1,0,1,0
4807,1,33,8.05523590333717,0,8.66699981689453,1,0,0,0,0
4808,0,25,4.2174913693901,0,1.66649997234345,1,0,0,0,1
4810,0,28,6.3593967657925,0,0,0,1,0,0,1
4811,0,39,10.3567318757192,0,14.125,0,0,1,1,0
4812,0,35,9.3210586881473,0,1.33299994468689,0,0,1,0,1
4813,1,60,23.0149597238205,0,41.5414999723434,1,0,0,0,0
4814,0,22,13.2336018411968,0,1.08299994468689,0,1,0,0,0
4815,1,59,24.6588854183791,0,34,1,0,0,0,0
4816,1,50,8.56485286865034,0,13.7915000915527,0,1,0,1,0
4817,0,45,32.7963176064442,0,13.8330001831055,1,0,0,0,0
4818,0,46,14.6754213768361,0,16.458499789238,1,0,0,1,0
4819,1,52,20.6544510341979,0,27.5830001831055,1,0,0,1,0
4820,1,34,7.47986191024166,0,2,0,1,0,1,0
4821,0,34,12.9976985040276,0,7.33300018310547,0,1,0,0,1
4822,0,29,17.8365937859609,0,6.24950018525124,1,0,0,1,0
4823,1,46,17.2612197928654,0,18.5,0,1,0,1,0
4824,0,40,34.5224395857307,0,12.9169998168945,1,0,0,1,0
4825,0,26,10.3567318757192,0,1.95849999785423,0,0,1,1,1
4826,0,50,9.20598388952819,0,0,0,0,1,1,1
4827,0,41,22.2477943996931,0,14.4169998168945,0,1,0,1,0
4828,0,45,30.379746835443,0,9.16700005531311,0,1,0,1,0
4829,1,38,15.343306482547,0,11.083499789238,1,0,0,1,0
4830,0,42,16.968867601779,0,18,0,1,0,0,0
4831,0,60,0.958956655159187,1,34.5830001831055,1,0,0,0,0
4832,1,51,26.0836210203299,0,27.7915000915527,0,1,0,0,0
4833,0,32,17.0968272234095,0,8,0,0,1,1,0
4834,0,59,20.6544510341979,0,41.25,0,1,0,0,0
4835,1,45,28.7686996547756,0,9.83300018310547,1,0,0,1,0
4836,0,26,3.75507237599176,0,3.83299994468689,0,0,1,0,1
4837,0,42,31.1012969240817,0,18.3330001831055,1,0,0,0,0
4838,0,40,37.3993095512083,0,9.41650009155273,1,0,0,1,0
4839,0,45,26.8507863444572,0,16.2080001831055,1,0,0,0,0
4840,1,48,9.58956655159187,0,25.3330001831055,1,0,0,0,0
4841,0,46,23.0149597238205,0,15.3330001831055,0,1,0,1,0
4842,0,50,8.74568469505178,0,14.7504997253418,0,1,0,1,0
4843,0,22,13.5673187571922,0,0.333000004291534,0,1,0,1,0
4844,0,56,13.4253931722286,0,38.25,0,1,0,1,0
4845,0,61,51.7836593785961,0,33.4169998168945,1,0,0,0,0
4846,0,34,38.3582662063675,0,3.41700005531311,1,0,0,1,0
4847,0,58,18.1697050451214,0,38.1669998168945,0,1,0,1,0
4848,0,39,10.644418872267,0,6.12450003623962,0,0,1,0,1
4849,0,25,15.1241163899392,0,3,0,0,1,0,0
4850,0,56,18.9873417721519,0,18.2084999084473,0,1,0,1,0
4851,0,57,50.6329113924051,0,25.75,1,0,0,1,0
4852,1,44,9.91944764096663,0,14.25,0,1,0,0,0
4853,0,60,17.4167262774858,0,22.8330001831055,0,1,0,1,0
4854,0,54,18.4119677790564,0,30.4584999978542,0,1,0,1,0
4855,1,60,20.8668968162639,0,17.9165000915527,1,0,0,1,0
4856,1,33,10.9321058688147,0,7.9165001809597,0,1,0,0,0
4857,0,30,5.75373993095512,0,2.08299994468689,0,1,0,0,0
4858,0,55,22.8905545361242,0,37.9169998168945,0,0,1,0,0
4859,0,43,40.2761795166859,0,13.1669998168945,1,0,0,0,0
4860,0,51,14.3843498273878,0,25.25,0,0,1,0,0
4861,0,57,30.6920927174092,0,19.3330001831055,1,0,0,1,0
4862,0,43,26.6489007328448,0,7.5,1,0,0,1,0
4863,1,53,43.1530494821634,0,29.6669998168945,1,0,0,0,0
4864,1,47,8.28538550057538,0,15.8334999084473,0,1,0,1,0
4865,1,61,24.1657077100115,0,24,0,1,0,1,0
4866,0,22,16.1104718066743,0,2.50050005316734,0,1,0,0,0
4867,0,56,12.6582278481013,0,18.125,0,1,0,1,0
4868,0,50,32.5891829689298,0,29.25,0,1,0,0,0
4869,0,25,21.1488819083756,0,5.25,0,1,0,0,0
4870,0,52,21.1979892193083,0,23.3330001831055,1,0,0,0,0
4871,0,27,24.741081703107,0,6.41699981689453,1,0,0,0,0
4872,1,62,17.2612197928654,0,42.5,0,1,0,1,0
4873,0,42,27.3987615759768,0,8.91699981689453,1,0,0,1,0
4874,0,32,9.6662830840046,1,7.125,0,1,0,0,0
4875,0,61,34.5224395857307,0,7.91650009155273,1,0,0,1,1
4876,0,60,27.7511961722488,0,37.25,0,1,0,1,0
4877,0,62,35.8010484592763,0,35.1669998168945,1,0,0,0,0
4878,0,21,4.3114691215957,0,0,0,0,1,1,1
4879,0,52,41.0025891829689,0,17.1254997253418,1,0,0,0,0
4880,0,38,16.8776371308017,0,13.5419998168945,1,0,0,0,0
4881,0,46,14.7953312510275,0,27.1669998168945,0,1,0,0,0
4882,1,46,29.741081703107,0,13.5419998168945,1,0,0,1,0
4883,0,27,15.5350978135788,0,6.58300018310547,0,1,0,1,0
4884,0,53,36.288837744534,0,23.6669998168945,1,0,0,0,0
4885,0,60,46.029919447641,0,34.1665000915527,0,1,0,1,0
4886,0,35,29.4591484464902,0,9.58300018310547,1,0,0,0,0
4887,1,42,14.6903998237152,0,17.4169998168945,0,1,0,0,0
4888,0,61,26.5557227582544,0,41.25,0,1,0,0,0
4889,0,26,3.8115018664571,0,7.83300018310547,0,0,1,0,1
4890,1,53,10.5868814729574,0,10.1665000915527,0,0,1,1,1
4891,0,35,17.9005242296382,0,10.0830001831055,0,0,1,0,0
4892,0,42,13.8089758342923,0,22.4169998168945,0,1,0,0,0
4893,0,51,12.4938352786454,0,30.1669998168945,0,1,0,1,0
4894,1,42,14.3843498273878,0,21.3330001831055,0,1,0,1,0
4895,0,38,9.20598388952819,0,15.3330001831055,0,0,1,0,0
4896,0,37,19.5627157652474,0,17.6669998168945,0,1,0,0,0
4897,0,50,14.7953312510275,0,29.1669998168945,0,1,0,0,0
4898,0,39,15.343306482547,0,8.75,0,1,0,1,0
4899,1,60,18.4119677790564,0,39.25,0,1,0,0,0
4900,0,54,16.0407295044809,0,31.8745002746582,0,1,0,1,0
4901,0,37,16.1104718066743,0,19,0,0,1,0,0
4902,0,42,15.7816866677626,0,11.3754998445511,0,1,0,1,0
4903,0,57,25.9655955858488,0,29.6669998168945,1,0,0,0,0
4904,0,49,7.6716532412735,0,30.25,0,1,0,0,0
4905,0,20,6.90448791714615,0,0.874500006437302,0,0,1,0,0
4906,0,33,10.5868814729574,0,6.66650009155273,1,0,0,1,0
4907,1,48,21.6998191681736,0,10.2084999084473,1,0,0,1,0
4908,0,53,30.4948216340621,0,24.75,0,1,0,0,0
4909,0,48,15.8688147295742,0,22.0830001831055,0,1,0,1,0
4910,0,45,32.8785138911721,0,23.25,0,1,0,0,0
4911,0,21,9.20598388952819,0,1.16650000214577,0,1,0,0,0
4912,1,44,12.4938352786454,0,15.5834999084473,0,1,0,1,0
4913,0,48,19.5627157652474,0,18,0,1,0,0,0
4914,1,56,15.343306482547,0,14.7084999084473,1,0,0,1,0
4915,1,45,92.0598388952819,0,21.3330001831055,1,0,0,0,0
4916,0,34,21.2445782066035,0,6.62549984455109,1,0,0,0,0
4917,0,29,20.7134637514384,0,8.62450015544891,0,1,0,0,0
4918,1,25,2.07134637514384,1,4.33300018310547,0,1,0,1,1
4919,0,47,23.0149597238205,0,28,0,1,0,0,0
4920,1,28,7.29659463836679,0,4.62549990415573,1,0,0,1,0
4921,1,45,14.6646602342805,0,22.8334999978542,0,1,0,0,0
4922,0,34,1.72612197928654,1,9.875,1,0,0,0,1
4923,0,20,5.90924641557553,0,0.166500002145767,0,1,0,1,1
4924,0,42,20.9666283084005,0,16.5830001831055,0,0,1,0,0
4925,0,64,20.7134637514384,0,39,1,0,0,1,0
4926,0,48,16.1104718066743,0,12.5,1,0,0,0,0
4927,0,57,29.9194476409666,0,19.2084999084473,0,1,0,1,0
4928,0,57,12.3820483314154,0,27.0834999084473,1,0,0,1,0
4929,1,63,71.1208285385501,0,29.1669998168945,1,0,0,0,0
4930,0,38,10.3567318757192,0,0.5,0,0,1,1,1
4931,0,49,19.150364403529,0,15.8334999084473,0,1,0,1,0
4932,0,42,23.0149597238205,0,24.75,1,0,0,0,0
4933,0,59,15.2252810480659,0,31.5,1,0,0,0,0
4934,1,37,25.3164556962025,0,4.54149997234345,1,0,0,1,0
4935,0,31,10.3567318757192,0,6.66649997234345,0,1,0,1,0
4936,1,50,12.6582278481013,0,28.25,0,1,0,0,0
4937,0,64,26.3028111129377,0,44.75,0,1,0,0,0
4938,0,44,23.0149597238205,0,14.5834999084473,0,1,0,1,0
4939,0,54,24.1657077100115,0,34.5830001831055,1,0,0,1,0
4940,0,41,32.8785138911721,0,17.0830001831055,1,0,0,0,0
4941,1,40,17.2612197928654,0,8.58349990844727,0,1,0,1,0
4942,0,63,15.1175406871609,0,15,1,0,0,1,0
4943,0,48,22.2477943996931,0,21.7084999084473,0,1,0,1,0
4944,0,25,13.1003573375326,0,3.25,0,1,0,0,0
4945,1,57,41.4269275028769,0,42.75,0,1,0,0,0
4946,0,50,4.79478327579593,1,3.08350002765656,1,0,0,1,0
4947,0,56,35.0455068521812,0,15.1665000915527,1,0,0,1,0
4948,0,21,10.0690448791715,0,2.58349990844727,0,1,0,1,1
4949,0,37,15.343306482547,0,16,1,0,0,0,0
4950,0,38,13.2336018411968,0,18.9169998168945,0,0,1,0,1
4951,0,48,10.0690448791715,0,3.5,0,1,0,1,1
4952,1,49,19.9462984273111,0,23.2084999084473,0,1,0,1,0
4953,0,48,12.9804372842348,0,19.7084999084473,0,1,0,1,0
4954,0,37,31.415420023015,0,11.3330001831055,0,1,0,0,0
4955,1,49,7.6716532412735,0,11.2084999084473,0,1,0,1,0
4956,0,33,12.6582278481013,0,13.3330001831055,0,0,1,0,0
4957,0,40,3.83582662063675,0,1.70850002765656,1,0,0,1,0
4958,0,42,41.5926352128884,0,12.5830001831055,0,1,0,1,0
4959,0,50,25.3754684134431,0,31.75,0,1,0,0,0
4960,0,50,65.2090525508247,0,22.6669998168945,1,0,0,0,0
4961,0,41,18.1697050451214,0,6.04149997234345,0,0,1,1,0
4962,0,56,13.6384946511529,0,21.125,0,1,0,1,0
4963,0,31,13.8089758342923,0,12.2084999084473,0,0,1,0,0
4964,1,22,2.5891829689298,0,0.291500002145767,0,0,1,1,1
4965,0,27,16.3003452243959,0,1.62550005316734,1,0,0,0,0
4966,1,54,13.2336018411968,0,35.5,0,1,0,0,0
4967,0,38,20.1380897583429,0,17.5,0,1,0,0,0
4968,0,58,26.0432438980074,0,22.5834999084473,1,0,0,1,0
4969,0,55,14.1941241398746,0,35.5,0,1,0,0,0
4970,0,62,21.4806290755658,0,32.25,0,1,0,1,0
4971,0,18,3.45224395857307,0,0,0,0,1,0,1
4972,0,40,27.3987615759768,0,13.75,1,0,0,1,0
4973,0,53,19.6469168374077,0,30.5,0,1,0,0,0
4974,1,44,40.2761795166859,0,15,1,0,0,0,0
4975,0,52,27.6179516685846,0,30.875,0,1,0,0,0
4976,0,57,10.3567318757192,0,35.75,0,0,1,0,0
4977,0,52,26.3028111129377,0,15.3330001831055,1,0,0,1,0
4978,1,57,24.1657077100115,0,32.25,1,0,0,0,0
4979,1,54,65.5466052934408,0,24.4169998168945,1,0,0,0,0
4980,0,38,20.253164556962,0,11.6664999723434,0,1,0,1,0
4981,1,64,10.7882623705408,0,30.5,0,1,0,1,0
4982,0,21,10.3567318757192,0,0.916999995708466,0,1,0,0,1
4983,0,62,8.93268124280783,0,21.25,0,1,0,1,0
4984,1,50,25.5721774709117,0,25.25,0,1,0,1,0
4985,0,59,28.7686996547756,0,36.25,1,0,0,0,0
4986,0,45,26.4672036823936,0,15.5830001831055,1,0,0,0,0
4987,0,56,27.6179516685846,0,31.8330001831055,1,0,0,0,0
4988,0,38,4.98657460682777,0,7.33349990844727,1,0,0,1,0
4989,1,44,27.8969208773582,0,12.8334999084473,0,1,0,1,0
4990,1,55,10.3567318757192,0,32.5,0,1,0,1,0
4991,0,46,44.5914844649022,0,8.125,1,0,0,1,0
4992,1,47,25.5721774709117,0,18.0830001831055,1,0,0,1,0
4993,0,25,12.4587648638282,0,0.416999995708466,0,0,1,1,1
4994,0,31,17.2612197928654,0,11.4169998168945,0,1,0,1,0
4995,0,60,20.9226906580186,0,27,1,0,0,0,0
4996,0,53,34.3728423475259,0,13.4584999084473,1,0,0,1,0
4997,0,47,17.2612197928654,0,20,0,1,0,1,0
4998,0,40,29.9194476409666,0,14,1,0,0,0,0
4999,0,45,31.7447720328558,0,18.1669998168945,1,0,0,1,0
5000,0,44,14.0335120267198,0,26.5,0,0,1,0,0
5001,1,63,21.3101478924264,0,47.5830001831055,1,0,0,0,0
5002,0,33,20.6544510341979,0,4.24949991703033,1,0,0,0,0
5003,0,60,13.8089758342923,0,25.0834999084473,0,1,0,1,0
5004,1,44,21.8036460541457,0,22.5,0,1,0,1,0
5005,1,56,21.6825146871783,0,31.5830001831055,1,0,0,0,0
5006,1,43,9.89643268124281,0,8.875,0,1,0,1,0
5007,0,26,9.08485252256072,0,2.16700005531311,0,1,0,0,0
5008,0,41,21.288837744534,0,16.458499789238,0,1,0,1,0
5009,0,62,20.4577419767293,0,26,0,1,0,1,0
5010,0,36,5.58112773302647,0,16.375,0,0,1,0,0
5011,0,41,16.1104718066743,0,18.8330001831055,0,1,0,0,0
5012,0,49,9.6662830840046,0,23.25,1,0,0,0,0
5013,0,40,27.0425776754891,0,12.9584999084473,1,0,0,0,0
5014,0,52,10.4334484081319,0,11.25,0,1,0,1,0
5015,0,36,16.7381525264149,0,7.16699981689453,0,1,0,1,0
5016,1,38,13.8766668923035,0,11.7915000915527,0,1,0,1,0
5017,0,45,10.3567318757192,0,10.375,0,0,1,0,0
5018,0,53,28.7686996547756,0,33.6669998168945,0,1,0,0,0
5019,1,62,13.5212888377445,0,37.5,1,0,0,0,0
5020,1,28,12.6582278481013,0,3.25,1,0,0,0,1
5021,0,48,13.8089758342923,0,18.5415000915527,0,1,0,1,0
5022,0,52,47.9478327579593,0,28,0,1,0,0,0
5023,1,51,9.20598388952819,0,27.3330001831055,0,1,0,1,0
5024,0,49,10.4142692750288,0,22.6254998147488,0,0,1,0,0
5025,0,45,38.3582662063675,0,23.25,0,1,0,0,0
5026,0,18,11.302902442143,1,0.332999996840954,0,0,1,1,0
5027,0,32,35.8010484592763,0,3.58299994468689,1,0,0,0,0
5028,0,56,29.5063586202827,0,29.6669998168945,1,0,0,0,0
5029,0,19,4.89067894131185,0,0,0,0,1,1,1
5030,0,61,28.3851169927119,0,18.2919998168945,1,0,0,1,0
5031,0,46,18.4119677790564,0,22.5,0,0,1,0,0
5032,0,51,5.27990252487646,0,17.8330001831055,1,0,0,1,0
5033,0,34,8.54841361170475,0,4.75,0,0,1,1,0
5034,0,52,17.7543975012329,0,24.0830001831055,0,1,0,1,0
5035,1,55,41.4269275028769,0,19.5,1,0,0,1,0
5036,1,61,16.1104718066743,0,20.8334999084473,1,0,0,1,0
5037,0,57,25.8918296892981,0,32.25,1,0,0,1,0
5038,0,47,12.6582278481013,0,17.3330001831055,0,1,0,0,0
5039,0,51,10.644418872267,0,18.6669998168945,0,1,0,1,0
5040,0,44,15.343306482547,0,16.8334999084473,0,1,0,0,0
5041,0,53,8.63060989643268,0,12.3334999084473,0,1,0,1,0
5042,1,30,8.63060989643268,0,11.0830001831055,0,0,1,0,1
5043,1,35,9.06789413118527,0,6.29149997234345,0,1,0,1,0
5044,0,40,17.7543975012329,0,19.0830001831055,0,1,0,0,0
5045,0,56,19.3810187147962,0,34.5830001831055,0,1,0,0,0
5046,0,22,12.2746451860376,0,0.833000004291534,0,1,0,0,1
5047,0,54,31.0701956271577,0,12.75,0,1,0,1,0
5048,0,55,24.6989811670269,0,30,1,0,0,1,0
5049,0,40,35.6731875719218,0,15,1,0,0,0,0
5050,1,64,12.945914844649,0,34.0834999084473,0,1,0,1,0
5051,1,49,10.3429228998849,0,24,1,0,0,1,0
5052,1,37,23.0149597238205,0,3.70849990844727,1,0,0,0,1
5053,0,57,39.4542166694066,0,19.9584999084473,1,0,0,1,0
5054,0,56,26.0069044879172,0,15.125,1,0,0,0,0
5055,0,32,13.8089758342923,0,4.20850005745888,1,0,0,1,1
5056,0,59,49.482163406214,0,36.4169998168945,1,0,0,1,0
5057,0,24,10.3567318757192,0,4.66699981689453,0,1,0,0,0
5058,0,19,7.47986191024166,0,0.0834999978542328,0,1,0,0,0
5059,0,33,10.644418872267,0,2.83299994468689,0,1,0,0,0
5060,0,52,21.1979892193083,0,33.9165001809597,0,1,0,0,0
5061,1,33,15.343306482547,0,3.74949991703033,1,0,0,0,1
5062,0,63,7.0323488045007,0,43.3330001831055,0,1,0,1,0
5063,0,45,22.357389445997,0,26.5414999723434,0,1,0,0,0
5064,0,50,23.590333716916,0,31.0414999723434,0,1,0,0,0
5065,1,49,10.7403145377829,0,10.3329999446869,0,1,0,0,0
5066,0,53,16.8776371308017,0,28.875,0,1,0,1,0
5067,0,23,5.46605293440737,0,0.583000004291534,0,1,0,0,0
5068,0,57,7.80507329764347,0,36.5414999723434,0,0,1,0,1
5069,0,44,23.0149597238205,0,17.5830001831055,1,0,0,0,0
5070,0,53,22.6515656229181,0,15.625,0,1,0,1,0
5071,1,53,11.5074798619102,0,33.0830001831055,0,1,0,1,0
5072,0,46,17.8668766277027,0,26.1669998168945,0,1,0,0,0
5073,0,36,13.8089758342923,0,13.333499789238,0,1,0,1,0
5074,0,45,8.43881856540084,1,3.625,0,0,1,1,0
5075,0,38,21.288837744534,0,6.75,0,1,0,0,0
5076,0,41,28.7111622554661,0,13.25,1,0,0,1,0
5077,0,52,11.3348676639816,0,20.2915000915527,0,1,0,1,0
5078,1,54,11.9677790563867,0,16.125,1,0,0,1,0
5079,0,51,114.695051783659,0,24.5,1,0,0,0,0
5080,0,61,46.029919447641,0,32.3330001831055,1,0,0,0,0
5081,1,48,6.90448791714615,0,29.3330001831055,0,1,0,1,0
5082,0,62,22.3380491437081,0,20.5830001831055,1,0,0,1,0
5083,1,48,44.259537930424,0,22.4169998168945,1,0,0,0,0
5084,0,50,15.7816866677626,0,14.2915000915527,0,1,0,1,0
5085,0,27,13.2336018411968,0,10.25,0,1,0,1,0
5086,1,55,31.4941554115438,0,19.25,1,0,0,1,1
5087,0,22,5.75373993095512,0,0.0829999968409538,0,1,0,1,0
5088,0,50,20.1380897583429,0,19.6669998168945,1,0,0,0,0
5089,0,55,36.1795166858458,0,30,1,0,0,0,0
5090,0,45,35.1280964205681,0,18.4169998168945,1,0,0,0,0
5091,0,48,34.0453001768223,0,18.5830001831055,1,0,0,0,0
5092,0,59,28.7686996547756,0,14.7084999084473,1,0,0,1,0
5093,0,49,25.3164556962025,0,21.8745002746582,0,1,0,1,0
5094,0,44,45.9090909090909,0,20.2915000915527,1,0,0,0,0
5095,0,53,68.9436133486766,0,28.3330001831055,1,0,0,0,0
5096,0,43,40.2761795166859,0,15.0830001831055,0,1,0,0,0
5097,0,63,12.7860887354558,0,27.375,1,0,0,1,0
5098,1,51,10.5989946096542,0,8.25,0,1,0,0,1
5099,0,54,26.0836210203299,0,32.8330001831055,1,0,0,0,0
5100,0,27,31.6673405281,0,6.16649985313416,0,1,0,1,0
5101,0,52,19.9462984273111,0,30,1,0,0,0,0
5102,0,34,13.2778613791272,0,3.83299994468689,0,1,0,1,0
5103,0,35,16.5235608273583,0,17.25,0,1,0,1,0
5104,0,50,10.126582278481,0,20.2915000915527,0,1,0,1,0
5105,0,61,47.9478327579593,0,41,0,1,0,0,0
5106,0,62,13.8089758342923,0,43.3330001831055,0,1,0,0,0
5107,1,42,43.9376503818391,0,22.25,0,1,0,0,0
5108,1,59,43.1530494821634,0,34.3330001831055,1,0,0,1,0
5109,0,28,7.68699654775604,0,1.625,0,0,1,0,1
5110,0,27,13.3294975067127,0,2.70850002765656,0,1,0,0,0
5111,0,42,17.0110571871717,0,8.95849990844727,0,1,0,1,0
5112,0,46,48.331415420023,0,19,1,0,0,0,0
5113,0,42,39.4542166694066,0,16.5,1,0,0,0,0
5114,0,41,11.1587683509433,0,3.41650009155273,1,0,0,1,0
5115,1,45,13.8089758342923,0,10.5420000553131,0,1,0,1,0
5116,0,31,12.1979286536249,0,6.66699981689453,0,0,1,0,0
5117,0,25,6.23826539882503,0,0.5,0,1,0,1,1
5118,0,42,14.0966628308401,0,22,0,1,0,0,0
5119,0,35,20.1380897583429,0,7.70849999785423,1,0,0,1,1
5120,0,25,11.5074798619102,0,0.916499972343445,0,1,0,1,1
5121,0,64,59.6684140987939,0,36.9169998168945,1,0,0,1,0
5122,0,45,24.1657077100115,0,18.75,0,1,0,1,0
5123,0,48,24.1952140686318,0,26.9995001554489,0,1,0,1,0
5124,0,49,20.6544510341979,0,28.25,0,1,0,0,0
5125,0,55,25.43758706317,0,32.25,0,1,0,0,0
5126,1,62,14.7295742232451,0,23.5834999084473,0,1,0,1,0
5127,0,57,19.1791331031837,0,14.9580001831055,1,0,0,1,0
5128,0,42,12.6582278481013,0,9.66649997234344,0,1,0,1,0
5129,1,34,16.4392569455861,0,13.75,0,1,0,1,1
5130,0,38,14.1630521377357,0,13.3330001831055,0,1,0,1,0
5132,0,43,14.3843498273878,0,17.5834998190403,0,1,0,0,0
5133,1,35,8.95665515918681,0,9.91699981689453,0,1,0,0,0
5134,1,52,10.8681754251375,0,17.5834999084473,1,0,0,1,0
5135,0,31,10.8681754251375,0,2.33299994468689,0,0,1,0,1
5136,0,21,3.56731875719218,0,0,0,1,0,1,1
5137,0,49,13.8089758342923,0,20.75,0,1,0,0,0
5138,0,44,4.6029919447641,1,11.5,0,1,0,0,0
5139,0,56,10.3567318757192,0,15.8754999637604,0,1,0,1,0
5140,0,22,7.24642446161434,0,0.916499972343445,0,1,0,0,1
5141,1,52,15.343306482547,0,26.5830001831055,0,1,0,0,0
5142,0,30,9.4361334867664,0,2.16649997234344,1,0,0,1,1
5143,0,55,69.0448791714615,0,32.25,1,0,0,0,0
5144,0,42,17.0968272234095,0,3.95799994468689,1,0,0,1,1
5145,1,34,21.5765247410817,0,5.66699981689453,1,0,0,0,0
5146,0,26,18.660778154449,0,7.5,0,0,1,0,0
5147,1,64,14.7953312510275,0,36.8334999084473,0,1,0,0,0
5148,1,42,16.5707710011508,0,24.6669998168945,0,1,0,0,0
5149,0,57,27.9911672316736,0,25.3330001831055,1,0,0,1,0
5150,0,49,11.5074798619102,0,23.5,0,1,0,1,0
5151,0,32,18.9873417721519,0,7.5,1,0,0,0,1
5152,0,46,23.0149597238205,0,17.1669998168945,0,1,0,0,0
5153,0,42,14.3843498273878,0,21.5830001831055,0,1,0,0,1
5154,0,44,13.2336018411968,0,24.5414999984205,0,1,0,1,1
5155,0,44,24.1657077100115,0,21.1669998168945,1,0,0,0,0
5156,0,40,12.6582278481013,0,11.9165000915527,0,1,0,1,0
5157,0,59,12.8308400460299,0,29.6669998168945,0,1,0,1,0
5158,0,27,8.08633720026125,0,0.791500002145767,0,0,1,0,1
5159,1,55,9.20598388952819,0,22.0834999084473,0,1,0,1,0
5160,0,20,19.0963600024226,0,0.75,0,1,0,1,1
5161,0,45,28.7686996547756,0,19.416500210762,1,0,0,0,0
5162,0,38,23.0149597238205,0,15,1,0,0,0,0
5163,0,31,14.7953312510275,0,0.583500027656555,0,1,0,1,1
5164,1,23,10.9321058688147,0,0.833000004291534,0,1,0,1,0
5165,0,37,10.3567318757192,0,15,0,1,0,0,1
5166,0,52,12.945914844649,0,12.9995000958443,0,1,0,1,0
5167,0,29,23.0149597238205,0,1.54149997234345,1,0,0,1,1
5168,0,43,34.0555646884761,0,20.0830001831055,0,1,0,0,0
5169,1,38,34.5281933256617,0,14.25,1,0,0,0,0
5170,0,46,44.8511044373965,0,23,1,0,0,0,0
5171,0,52,19.9462984273111,0,11.8334999084473,1,0,0,1,0
5172,0,42,9.63416918671555,0,14.5830001831055,0,0,1,1,0
5173,0,52,23.56293495534,0,30.4169998168945,0,0,1,0,0
5174,0,22,9.49367088607595,0,0.208499994128943,0,0,1,0,1
5175,0,45,29.3440736478711,0,12,1,0,0,1,0
5176,0,49,14.3843498273878,0,7.125,0,1,0,1,0
5177,1,33,1.0126582278481,1,0.0834999978542328,0,0,1,1,1
5178,0,50,12.7790563866513,0,26.5830001831055,0,1,0,0,0
5179,0,48,11.795166858458,0,28.3330001831055,0,1,0,1,0
5180,1,62,9.95241501570616,0,36.1669998168945,0,1,0,1,0
5181,0,29,12.6582278481013,0,7.79199981689453,0,0,1,1,0
5182,0,64,19.9866755496336,0,37.75,0,1,0,1,0
5183,1,23,11.5535097813579,0,1.91700005531311,0,0,1,0,0
5184,0,62,11.5535097813579,0,13.5415000915527,0,1,0,1,0
5185,0,23,6.05656834837381,0,0.458000004291534,0,1,0,1,1
5186,0,42,40.4257767548907,0,16.5830001831055,1,0,0,1,0
5187,0,28,20.1380897583429,0,8.08300018310547,0,1,0,1,0
5188,0,53,9.20598388952819,0,30,1,0,0,0,0
5189,1,58,15.5926352128884,0,35.5830001831055,0,1,0,0,0
5190,1,52,14.3843498273878,0,32.4169998168945,0,1,0,0,0
5191,0,49,5.75373993095512,0,12.6665000915527,0,1,0,1,0
5192,0,45,18.8304215922168,0,17.4169998168945,1,0,0,0,0
5193,1,34,14.9597238204833,0,9.75,0,1,0,1,0
5194,0,57,102.288709883647,0,30.3330001831055,1,0,0,0,0
5195,0,59,49.8657460682777,0,41.5834999978542,0,1,0,0,0
5196,0,50,32.9586025788558,0,20.25,1,0,0,0,0
5197,0,33,10.9078795954212,0,15.6669998168945,0,1,0,0,1
5198,0,18,3.73993095512083,0,0,0,0,1,0,1
5199,0,53,4.6029919447641,1,19.125,1,0,0,1,0
5200,0,53,11.5074798619102,0,31.4165000915527,0,1,0,1,0
5201,0,28,21.8642117376295,0,2.79150009155273,1,0,0,1,1
5202,1,35,10.3567318757192,0,13,0,1,0,0,0
5203,1,58,21.0970464135021,0,38.5,0,1,0,0,0
5204,1,45,17.2612197928654,0,17.5,1,0,0,0,0
5205,0,53,49.8657460682777,0,27.75,1,0,0,1,0
5206,0,37,17.113687999764,0,13.5,0,1,0,0,0
5207,0,40,1.87877222235269,1,10.6665000021458,0,1,0,1,0
5208,0,63,21.4806290755658,0,31.6665000915527,0,1,0,1,0
5209,1,29,26.3028111129377,0,2.66650009155273,1,0,0,1,1
5210,0,41,1.84119677790564,1,12,1,0,0,0,1
5211,0,47,26.6489007328448,0,11.9584999084473,1,0,0,1,0
5212,0,57,17.9804372842348,0,18.5834999084473,0,1,0,1,0
5213,1,39,23.0149597238205,0,6.41649985313416,1,0,0,1,1
5214,0,20,5.37015726889145,0,1.5,0,1,0,0,1
5215,0,58,40.2761795166859,0,20.75,0,1,0,1,0
5216,0,48,46.029919447641,0,23,1,0,0,0,0
5217,1,50,9.20598388952819,0,25.4169998168945,0,1,0,1,0
5218,0,32,8.63060989643268,0,7.33300018310547,0,1,0,0,0
5219,1,42,11.1786947229985,0,20.9169998168945,0,1,0,1,0
5220,0,43,11.5074798619102,0,12.4584999084473,0,1,0,1,0
5221,1,19,4.6662830840046,0,0,0,0,1,1,1
5222,0,22,16.9583913754467,0,2.83299994468689,0,1,0,1,0
5223,1,29,23.590333716916,0,5.41699981689453,0,1,0,0,0
5224,1,53,12.0828538550058,0,34.3330001831055,0,1,0,0,0
5225,0,53,12.7860887354558,0,26.2080001831055,0,1,0,1,0
5226,0,33,12.6582278481013,0,5.66699981689453,0,1,0,0,1
5227,0,56,31.8668673099053,0,25.1669998168945,1,0,0,0,0
5228,0,27,15.5506484620409,0,7.45849990844727,0,1,0,1,0
5229,0,52,16.4392569455861,0,10.6665000915527,1,0,0,0,0
5230,0,42,4.37284234752589,0,9.5,0,0,1,0,1
5231,0,36,12.861301022135,0,10.2084999978542,0,1,0,0,1
5232,0,39,24.5492903720752,0,9.91699981689453,0,1,0,1,0
5233,0,34,17.5352074086251,0,15.25,0,1,0,0,0
5234,0,60,19.4741966893866,0,4.58349990844727,0,1,0,1,0
5235,0,23,5.90127172405654,0,1.33350002765656,0,1,0,1,1
5236,0,43,20.1380897583429,0,22.1669998168945,1,0,0,0,0
5237,0,51,27.2727272727273,0,32,0,1,0,0,0
5238,0,21,9.20598388952819,0,0,0,0,1,0,1
5239,0,59,16.6858457997699,0,19.6254997253418,0,1,0,1,0
5240,1,41,10.3567318757192,0,20.375,0,1,0,0,0
5241,0,58,26.3028111129377,0,37.25,0,1,0,0,0
5242,1,37,8.28538550057538,0,10.9585000276566,0,1,0,1,0
5243,0,24,9.97314921365554,0,0.5,0,1,0,1,1
5244,0,42,20.3846786125267,0,18.5,0,1,0,0,0
5245,0,35,31.0701956271577,0,10.75,1,0,0,0,0
5246,0,33,9.20598388952819,0,14.3334999978542,0,0,1,0,0
5247,0,34,10.3567318757192,0,6.58350002765656,0,0,1,1,0
5248,1,48,19.1791331031837,0,24.5830001831055,1,0,0,0,0
5249,0,22,36.2869198312236,0,0.625,0,1,0,0,0
5250,0,37,8.63060989643268,0,8.41650009155273,0,1,0,1,0
5251,1,37,21.4806290755658,0,11.0004997253418,0,1,0,1,0
5252,0,21,16.9583913754467,0,1.04150000214577,0,1,0,1,0
5253,0,25,17.9187900706888,0,1.16649997234345,1,0,0,0,1
5254,0,39,11.5074798619102,0,8.58349990844727,0,1,0,1,1
5255,1,59,13.2336018411968,0,37.5,0,1,0,0,0
5256,1,52,11.5074798619102,0,33.2495001554489,0,1,0,0,0
5257,1,35,5.60620813785371,0,6.20799994468689,1,0,0,1,1
5258,0,31,10.4430379746835,0,1.83350002765656,1,0,0,0,1
5259,0,41,27.6542910786748,0,12.3330001831055,1,0,0,0,0
5260,1,41,11.795166858458,0,16.9169998168945,0,1,0,1,0
5261,1,32,9.97314921365554,0,4.75049996376038,0,1,0,1,0
5262,1,63,8.63060989643268,0,43.25,0,1,0,0,0
5263,0,33,27.0425776754891,0,4.75,1,0,0,0,0
5264,0,24,10.0321619308961,0,1.66700005531311,0,1,0,0,0
5265,0,46,32.4569944823109,0,14.375,1,0,0,0,0
5266,0,50,23.6725300016439,0,20.375,1,0,0,0,0
5267,0,59,7.47986191024166,0,31.2919998168945,0,0,1,0,0
5268,0,33,13.3141542002301,0,3,0,0,1,1,0
5269,0,46,14.5761411584196,0,14.8754997253418,0,1,0,1,0
5270,0,51,29.9194476409666,0,15.7084999084473,1,0,0,1,0
5271,1,39,18.4119677790564,0,15.6669998168945,1,0,0,0,0
5272,1,62,8.69454034010996,0,33.6669998168945,1,0,0,0,0
5273,1,38,8.34292289988493,0,10.5834999084473,0,1,0,1,0
5274,0,36,24.741081703107,0,9.41699981689453,1,0,0,0,1
5275,0,54,19.3534888586672,0,34.4169998168945,0,1,0,1,0
5276,0,52,9.41521079610838,0,27.416500210762,0,1,0,1,0
5277,0,52,8.63060989643268,0,11.0834999978542,1,0,0,1,1
5278,0,45,37.7681390339618,0,23.6669998168945,1,0,0,0,0
5279,0,47,20.7134637514384,0,22.6664999723434,0,1,0,1,0
5280,0,45,16.4392569455861,0,13.3330001831055,0,0,1,0,0
5281,0,26,3.83582662063675,0,5.5,0,0,1,0,1
5282,1,41,10.1726121979287,0,8.16650009155273,0,1,0,1,0
5283,1,37,34.8252680031494,0,10.5,1,0,0,0,0
5284,0,56,44.259537930424,0,27.4169998168945,1,0,0,0,0
5285,0,50,43.8722669735328,0,23.2084999084473,0,1,0,1,0
5286,0,23,10.0115074798619,0,4,0,0,1,1,1
5287,0,30,19.5627157652474,0,6.25,0,1,0,0,0
5288,1,36,17.9804372842348,0,11.1669998168945,0,1,0,0,0
5289,0,42,16.1104718066743,0,9.25049996376038,0,1,0,1,0
5290,0,25,9.20598388952819,0,1.75,1,0,0,1,0
5291,0,33,8.63060989643268,0,7.08349978923798,0,1,0,1,0
5292,0,59,3.83582662063675,0,31.1669998168945,1,0,0,1,0
5293,0,41,24.3301002794674,0,19.9169998168945,0,1,0,0,0
5294,0,42,20.7134637514384,0,9.58350002765656,1,0,0,1,0
5295,0,50,38.7674210459021,0,6,1,0,0,1,0
5296,1,33,15.5350978135788,0,3.87550005316734,1,0,0,0,0
5297,0,58,47.1231300345225,0,34.1669998168945,0,1,0,0,0
5298,0,55,23.0149597238205,0,32.25,0,1,0,0,0
5299,0,49,7.69620253164557,0,19.25,0,1,0,1,1
5300,0,46,20.6544510341979,0,18.1254997253418,0,1,0,1,0
5301,1,32,41.0981423639652,0,5.25,1,0,0,1,1
5302,1,49,3.0686612965094,0,31.6669998168945,1,0,0,1,0
5303,1,38,23.0149597238205,0,7.79199981689453,0,1,0,1,0
5304,0,53,24.2262733934953,0,35.333499789238,0,0,1,0,0
5305,0,21,3.45224395857307,0,0.416999995708466,0,0,1,0,1
5306,0,21,16.1104718066743,0,1.66649994254112,0,1,0,0,0
5307,1,41,23.0149597238205,0,10.0829999446869,1,0,0,0,1
5308,0,21,13.2336018411968,0,1.75,0,0,1,0,1
5309,0,52,13.8089758342923,1,21.625,0,1,0,1,0
5310,0,51,34.5224395857307,0,19.6669998168945,1,0,0,0,0
5311,0,30,22.439585730725,0,1.66700005531311,1,0,0,0,0
5312,0,43,19.8408131952436,0,11.5,0,1,0,1,0
5313,0,55,57.9230553914098,0,21.9165000915527,1,0,0,1,0
5314,0,63,16.1104718066743,0,43.25,0,1,0,0,0
5315,0,24,12.1979286536249,0,0.916499972343445,0,1,0,0,0
5316,0,39,34.5224395857307,0,14.1669998168945,1,0,0,0,0
5317,1,63,4.8331415420023,1,12.9584999084473,0,1,0,1,0
5318,0,62,12.9401611047181,0,19.4170000553131,0,1,0,1,0
5319,0,55,14.3843498273878,0,34.1669998168945,0,1,0,0,0
5320,0,27,3.95857307249712,1,2.91650009155273,1,0,0,1,1
5321,0,51,18.1697050451214,0,17.833499789238,0,1,0,1,0
5322,0,49,28.7802071346375,0,7.66649997234345,0,1,0,1,1
5323,0,29,7.20368239355581,0,0.5,1,0,0,0,1
5324,0,47,36.8239355581128,0,17.0830001831055,1,0,0,1,0
5325,0,31,7.63329497506713,1,4.54150009155273,0,1,0,1,0
5326,1,30,22.439585730725,0,5,1,0,0,1,0
5327,0,30,15.6731875719218,0,6.08349990844727,1,0,0,1,0
5328,0,39,9.20598388952819,0,2.25,1,0,0,1,0
5329,0,44,25.4315304948216,0,10.5004999637604,1,0,0,1,0
5330,0,53,12.5201380897583,0,22,0,1,0,1,0
5331,1,21,6.32911392405063,0,0.291500002145767,0,0,1,0,1
5332,0,33,21.2445782066035,0,5.66699981689453,1,0,0,0,0
5333,0,42,24.3210586881473,0,23.25,0,0,1,0,0
5334,0,37,37.3993095512083,0,10.9169998168945,1,0,0,0,0
5335,0,57,32.2209436133487,0,37,0,1,0,0,0
5336,1,57,33.4763050528298,0,30.5,1,0,0,0,0
5337,0,39,40.7492647998977,0,10.7084999084473,1,0,0,1,1
5338,1,53,46.029919447641,0,25.6669998168945,1,0,0,1,0
5339,0,24,15.5350978135788,0,3.41700005531311,0,0,1,0,1
5340,0,25,15.7470777057719,0,1.83350002765656,0,1,0,1,0
5341,0,34,27.6179516685846,0,6.4165001809597,1,0,0,0,1
5342,0,31,19.0522021131918,0,6.33350002765656,1,0,0,1,0
5343,1,44,28.1933256616801,0,15.6669998168945,1,0,0,1,0
5344,0,38,17.1333589055108,0,16,0,1,0,0,0
5345,0,55,16.1104718066743,0,37.4169998168945,0,1,0,0,0
5346,0,44,10.3567318757192,0,23.8330001831055,0,0,1,1,0
5347,0,36,28.6283645345084,0,7.12450015544891,1,0,0,0,0
5348,0,47,11.2006137322593,0,19.0004997253418,0,1,0,1,0
5349,0,60,8.63828154967396,0,13.6665000915527,0,1,0,1,0
5350,0,57,11.5074798619102,0,25.4995002746582,0,1,0,1,0
5351,0,51,4.8331415420023,1,2.70849990844727,0,0,1,1,1
5352,1,29,13.3486766398159,0,5.33299994468689,0,1,0,1,0
5353,0,54,16.5235608273583,0,17.25,0,1,0,1,0
5354,0,52,27.0425776754891,0,31.1669998168945,0,1,0,0,0
5355,0,51,20.7134637514384,0,20,1,0,0,0,0
5356,1,21,6.02991944764097,0,1.79150000214577,0,1,0,1,0
5357,1,20,3.91254315304948,0,0,0,0,1,1,1
5358,0,25,15.2474108170311,0,4.75,0,1,0,1,0
5359,0,55,17.6548967355097,0,31.6669998168945,0,1,0,0,0
5360,0,49,32.649128910536,0,17.5,1,0,0,0,0
5361,0,32,18.539828666411,0,7.33300018310547,0,1,0,0,1
5362,0,62,34.2273759995279,0,30.1669998168945,1,0,0,0,0
5363,0,58,48.331415420023,0,28.3330001831055,1,0,0,0,1
5364,0,59,25.0698668420187,0,38.9169998168945,0,1,0,0,0
5365,0,33,8.63060989643268,0,1.83299994468689,1,0,0,1,0
5366,0,33,17.2612197928654,0,10.25,1,0,0,0,0
5367,0,44,32.8785138911721,0,23.4169998168945,1,0,0,0,0
5368,0,44,15.7268891446107,0,5.91649997234345,0,1,0,1,1
5369,0,24,10.3567318757192,0,0.375,0,1,0,0,0
5370,0,52,11.0471806674338,0,16.3330001831055,0,1,0,1,0
5371,1,53,17.2612197928654,0,32.5,0,1,0,0,0
5372,0,25,11.9677790563867,0,4.25,0,0,1,0,0
5373,0,33,30.379746835443,0,5.45849978923798,1,0,0,1,0
5374,0,43,21.5301236126063,0,8.125,0,1,0,1,0
5375,0,33,14.0966628308401,0,2.08299994468689,0,1,0,0,0
5376,0,48,9.86355416735164,0,6.91699999570847,1,0,0,1,1
5377,0,64,28.0614106486289,0,40.5830001831055,1,0,0,1,0
5378,0,38,23.3659378596088,0,8.83350014686585,1,0,0,0,0
5379,0,60,22.357389445997,0,42.3330001831055,0,1,0,0,0
5381,0,37,25.6705319996459,0,14.0419998168945,0,1,0,1,0
5382,0,56,32.8785138911721,0,32.0414999723434,0,1,0,0,0
5383,0,22,8.63060989643268,0,0.833500027656555,0,1,0,0,0
5384,1,62,31.3118527042578,0,33.4169998168945,1,0,0,1,0
5385,1,63,5.11443549418233,0,39.75,0,1,0,0,0
5386,0,50,31.9652218386396,0,31,0,1,0,0,0
5387,0,53,23.0149597238205,0,28.3330001831055,1,0,0,0,0
5388,1,57,36.5477560414269,0,32,1,0,0,0,0
5389,1,42,50.6329113924051,0,18.1664999723434,1,0,0,0,0
5390,0,45,12.945914844649,0,5.41650009155273,0,0,1,1,0
5391,1,39,11.9677790563867,0,8,1,0,0,0,0
5392,0,21,6.69250802495306,0,0,0,1,0,1,1
5393,0,31,7.0167560133599,0,6.33300018310547,1,0,0,0,0
5394,1,44,10.7403145377829,0,8.41650009155273,0,1,0,1,0
5395,0,22,3.64211737629459,0,0,0,1,0,1,1
5396,0,29,12.3705408515535,0,5.5,0,1,0,0,0
5397,0,38,20.3394706559263,0,11.25,0,1,0,1,1
5398,0,61,34.193654446819,0,37.8330001831055,0,1,0,0,0
5399,0,33,24.8101265822785,0,9.83349990844727,1,0,0,1,0
5400,1,54,9.49367088607595,0,28.9169998168945,0,1,0,0,0
5401,0,44,9.11392405063291,0,20.3330001831055,0,0,1,0,0
5402,1,42,12.9113924050633,0,24.5,0,1,0,1,0
5403,1,42,27.8864595320292,0,17.4169998168945,1,0,0,0,0
5404,0,26,7.29113924050633,0,0.708500027656555,0,1,0,1,0
5405,0,64,51.7836593785961,0,29.25,1,0,0,1,0
5406,0,47,32.4569944823109,0,23.25,0,1,0,0,0
5407,0,32,18.1703107019563,0,7.08300018310547,1,0,0,0,0
5408,0,33,7.39766562551373,0,7.75049984455109,0,1,0,1,0
5409,0,46,42.7420680585238,0,15,1,0,0,0,0
5410,0,64,14.5761411584196,0,25.6665000915527,0,1,0,1,0
5411,0,41,16.5235608273583,0,23.5,0,1,0,0,0
5412,0,49,6.90448791714615,1,18.9584999084473,0,1,0,1,0
5413,0,31,5.58934736149926,1,2.375,0,1,0,0,0
5414,0,30,19.8184375399565,0,5.66699981689453,0,1,0,0,0
5415,1,56,13.0418105101649,0,37.0415000915527,1,0,0,0,0
5416,0,57,20.8285385500575,0,19.0834999084473,1,0,0,1,0
5417,1,50,22.5546605293441,1,7.125,0,1,0,1,0
5418,0,21,4.99753411145816,0,0,0,0,1,1,1
5419,0,42,35.1125667581364,0,14.4169998168945,1,0,0,0,0
5420,0,40,20.1380897583429,0,13.3334999978542,1,0,0,1,0
5421,1,42,9.78135788262371,0,7.125,1,0,0,1,0
5422,1,58,9.20598388952819,0,17.9580001831055,1,0,0,1,0
5423,0,62,7.82508630609897,1,17.8334999084473,0,1,0,1,0
5424,0,50,10.0690448791715,0,20.3330001831055,1,0,0,0,1
5425,0,60,56.3866513233602,0,32.5,1,0,0,0,0
5426,0,47,26.7433831990794,0,19.5830001831055,1,0,0,1,0
5427,0,52,12.4280782508631,0,19.125,0,1,0,1,0
5428,0,46,51.4808309611774,0,22.3330001831055,1,0,0,0,0
5429,0,57,26.5557227582544,0,24.5834999084473,0,1,0,1,0
5430,0,24,16.9583913754467,0,3.08350005745888,0,1,0,1,0
5431,1,23,13.2336018411968,0,1.58349999785423,0,1,0,1,1
5432,1,34,20.7134637514384,0,14,0,1,0,0,0
5433,0,56,11.9677790563867,0,25.2084999084473,0,1,0,1,0
5434,0,26,10.3567318757192,0,1.79149997234345,1,0,0,1,1
5435,0,23,17.4167262774858,0,5.50049981474876,0,1,0,1,0
5436,0,47,40.6597621787495,0,15.5,1,0,0,0,0
5437,0,50,17.3454208650257,0,19.0834999084473,0,1,0,1,0
5438,0,27,11.5074798619102,0,0.874500002712011,0,1,0,0,1
5439,0,34,17.0310701956272,0,5.33349990844727,1,0,0,1,0
5440,0,31,30.4948216340621,0,9.37450015544891,1,0,0,0,0
5441,1,38,15.1241163899392,0,9.75,0,1,0,1,0
5442,0,47,58.1430561443886,0,22.6665000021458,1,0,0,1,0
5443,0,42,13.3486766398159,0,15.8335000276566,1,0,0,1,0
5444,0,26,16.3661935813835,0,6.5,0,0,1,0,0
5445,0,21,5.17836593785961,0,1.45850002765656,0,1,0,1,1
5446,1,32,16.268288673352,0,10.25,1,0,0,1,0
5447,0,22,5.17836593785961,0,0.5,0,0,1,1,1
5448,0,48,19.002094951462,0,12.4165000915527,1,0,0,1,0
5449,0,42,14.9597238204833,0,21.75,0,1,0,0,0
5450,0,55,20.6544510341979,0,33.3330001831055,0,1,0,0,0
5451,0,64,52.6056222258754,0,44.25,1,0,0,0,0
5452,0,37,10.2288709883647,0,17.25,0,0,1,0,1
5453,0,51,21.1488819083756,0,25.5,0,1,0,0,0
5454,0,27,17.1034029261877,0,6,0,1,0,1,0
5455,0,50,35.9257907884027,0,29.7919998168945,1,0,0,1,0
5456,0,25,9.78135788262371,0,3.25,0,0,1,0,0
5457,1,39,13.8089758342923,0,10.2504998445511,0,1,0,1,0
5458,1,40,21.8584579976985,0,6.87549984455109,1,0,0,1,0
5459,0,53,11.4614499424626,0,18.75,0,1,0,1,0
5460,1,54,13.2508630609896,0,35.25,0,1,0,1,0
5461,0,29,12.146784298683,0,5,0,0,1,0,1
5462,0,19,6.04142692750288,0,0,0,0,1,1,1
5463,0,50,5.83045646336786,1,9.04150009155273,0,1,0,1,0
5464,0,57,10.5868814729574,0,25.5,0,1,0,1,1
5465,0,28,1.89873417721519,1,1.5,0,0,1,0,1
5466,0,30,11.5074798619102,0,6.58300018310547,0,0,1,0,0
5467,0,21,14.3843498273878,0,0.583000004291534,0,1,0,0,1
5468,0,45,35.34440243301,0,15.1665000915527,0,1,0,1,0
5469,0,59,31.0701956271577,0,40.5,1,0,0,0,0
5470,0,48,13.8089758342923,0,29.3330001831055,0,1,0,1,0
5471,1,51,47.9478327579593,0,31.25,1,0,0,0,0
5472,0,27,6.9620253164557,1,0,1,0,0,1,0
5473,0,60,28.7686996547756,0,36.25,0,1,0,0,0
5474,0,38,7.1921749136939,1,10.125,1,0,0,0,1
5475,0,59,28.7686996547756,0,34.6669998168945,1,0,0,1,0
5476,0,57,26.5557227582544,0,38.4169998168945,1,0,0,0,0
5477,0,59,19.1791331031837,0,14.2919998168945,1,0,0,1,0
5478,0,47,11.836265000822,0,26.1669998168945,0,1,0,0,0
5479,1,38,11.5074798619102,0,11.833499789238,0,1,0,1,0
5480,0,50,10.8499095840868,0,32.791500210762,0,0,1,0,1
5481,0,55,15.7422324510932,0,29.75,0,1,0,1,0
5482,0,22,4.02761795166859,0,0,0,1,0,0,1
5483,1,62,10.9321058688147,0,38.6669998168945,1,0,0,0,0
5484,1,54,27.1994978554242,0,30.9169998168945,1,0,0,0,0
5485,1,42,14.2026527769366,0,22,0,1,0,0,0
5486,1,37,2.5891829689298,0,12,0,1,0,0,1
5487,0,35,20.1380897583429,0,2.375,0,1,0,1,1
5488,0,35,13.8089758342923,0,8.70849981531501,1,0,0,0,1
5489,1,42,11.5074798619102,0,21.8330001831055,0,1,0,0,0
5490,0,60,2.30149597238205,0,33.3330001831055,1,0,0,0,0
5491,0,38,24.1657077100115,0,10,1,0,0,0,0
5492,0,25,15.5350978135788,0,0.833000004291534,0,1,0,0,0
5493,0,64,7.39766562551373,0,25.7084999084473,0,1,0,1,0
5494,0,55,27.6179516685846,0,29.5,1,0,0,1,0
5495,1,58,9.97314921365554,0,31.5415000915527,0,1,0,0,1
5496,0,31,20.1380897583429,0,3,1,0,0,1,0
5497,0,32,25.6452408351143,0,9.66699981689453,1,0,0,0,0
5498,0,42,13.8089758342923,0,4.95850002765656,0,1,0,1,0
5499,0,22,5.17836593785961,1,1.83350002765656,0,1,0,0,0
5500,0,56,16.5707710011508,0,15.2915000915527,0,1,0,1,0
5501,0,28,20.4833141542002,0,9.7915001809597,0,1,0,0,0
5502,0,24,17.4015549131326,0,2.66700005531311,1,0,0,0,0
5503,0,57,12.6582278481013,0,35.5,0,1,0,0,0
5504,0,55,5.98388952819333,0,34.5,0,1,0,1,0
5505,1,35,14.7295742232451,0,3.75,1,0,0,0,0
5506,0,32,19.7271083347033,0,15.3334999084473,1,0,0,0,0
5507,0,49,24.6588854183791,0,13.75,1,0,0,1,0
5508,1,48,19.5627157652474,0,20.6254997253418,1,0,0,1,0
5509,0,20,4.41887226697353,0,0,0,0,1,0,1
5510,0,45,28.7686996547756,0,16.25,1,0,0,0,0
5511,0,55,47.9478327579593,0,36.8330001831055,1,0,0,0,0
5512,1,27,9.20598388952819,0,2.16700005531311,0,0,1,0,0
5513,0,26,14.3843498273878,0,4.16699981689453,0,1,0,0,0
5514,0,51,14.5761411584196,0,23.4169998168945,1,0,0,1,0
5515,0,52,3.45224395857307,1,13.7919998168945,1,0,0,1,0
5516,1,43,20.9226906580186,0,22.4169998168945,0,1,0,0,0
5517,1,54,69.0448791714615,0,26.8330001831055,1,0,0,0,0
5518,0,54,34.5224395857307,0,27,1,0,0,0,0
5519,0,56,27.6179516685846,0,37.3330001831055,0,1,0,0,0
5520,0,42,17.2612197928654,0,21.4169998168945,0,1,0,0,0
5521,0,20,6.67433831990794,1,0.458499997854233,0,1,0,0,0
5522,0,38,10.7403145377829,0,5.79150009155273,0,0,1,1,0
5523,0,59,29.3268124280783,0,38.4169998168945,0,1,0,0,0
5524,0,23,17.5640482102841,0,2.70850002765656,0,1,0,1,0
5525,0,34,32.6045262754124,0,8,1,0,0,1,0
5526,0,24,16.8402144320638,0,4,0,1,0,0,0
5527,1,51,17.8365937859609,0,23.6669998168945,0,1,0,0,0
5528,0,50,13.3244503664224,0,16.9580001831055,0,1,0,1,0
5529,1,48,14.3843498273878,0,29.25,1,0,0,1,0
5530,0,51,13.9484604386791,0,25.25,0,1,0,1,0
5531,1,61,24.741081703107,0,41.1669998168945,1,0,0,0,0
5532,0,36,11.3924050632911,0,10.5830001831055,1,0,0,1,0
5533,0,28,5.37015726889145,0,0.583000004291534,1,0,0,1,0
5534,0,41,9.4361334867664,1,5.29150009155273,0,1,0,1,0
5535,0,63,37.3215563088981,0,39.3330001831055,1,0,0,0,0
5536,0,59,22.3929337853389,0,32.5,1,0,0,0,0
5537,1,59,6.32911392405063,0,38.6669998168945,0,1,0,0,0
5538,1,49,18.1697050451214,0,27.6245001554489,0,0,1,1,0
5539,0,27,10.6855170146309,0,6.5,0,1,0,0,0
5540,1,42,8.87719875061647,0,7,0,1,0,1,0
5541,0,26,2.41657077100115,1,5.24950003623962,0,1,0,0,1
5542,0,47,21.2980437284235,0,14.3334999084473,1,0,0,1,0
5543,0,63,27.6179516685846,0,45.5,1,0,0,0,0
5544,0,48,16.4392569455861,0,31.4169998168945,0,0,1,1,0
5545,0,30,18.1697050451214,0,10.25,0,1,0,1,0
5546,0,48,27.3302646720368,0,27.0415001809597,0,1,0,1,0
5547,0,33,12.3705408515535,0,4.41649997234345,1,0,0,0,1
5548,0,49,33.5251246643652,0,11.5,1,0,0,1,0
5550,0,36,41.4269275028769,0,8.33300018310547,1,0,0,0,0
5551,0,18,3.68239355581128,0,0,0,0,1,0,1
5552,0,49,21.5139840896583,0,23.5830001831055,1,0,0,1,0
5553,0,25,16.6858457997699,0,6.16699981689453,0,1,0,1,0
5554,0,50,30.4948216340621,0,27.5830001831055,0,1,0,0,0
5555,1,62,12.4405187696327,0,39.6669998168945,1,0,0,1,0
5556,0,26,10.3567318757192,0,5.66699981689453,0,1,0,1,0
5557,0,54,28.6408387674211,0,28.5,1,0,0,0,0
5558,0,54,110.471806674338,0,16.7915000915527,1,0,0,0,0
5559,0,21,6.21403912543153,1,0.5,1,0,0,1,0
5560,1,62,12.006137322593,0,29.4584999084473,0,1,0,1,0
5561,0,21,9.20598388952819,0,1.41699999570847,0,1,0,1,0
5562,0,23,9.20598388952819,1,0.875,0,1,0,0,0
5563,1,47,9.20598388952819,0,29,0,1,0,0,0
5564,0,58,11.2197928653625,0,38.4169998168945,0,1,0,0,1
5565,0,51,19.0695380568798,0,30.25,0,1,0,0,0
5566,0,37,17.4913693901036,0,7.54200005531311,0,1,0,1,0
5567,0,48,9.20598388952819,0,24.2084999084473,0,0,1,1,0
5568,0,40,21.6954353663214,0,20,0,1,0,0,0
5569,0,46,25.3164556962025,0,20.7504997253418,0,1,0,1,0
5570,0,53,38.0218937180963,0,31.75,1,0,0,0,0
5571,1,61,21.0011507479862,0,40.8330001831055,1,0,0,0,0
5572,0,32,12.1351605816508,0,4.625,0,0,1,1,0
5573,0,53,28.61941342954,0,33.25,0,1,0,0,0
5574,0,48,4.6029919447641,1,13.2915000915527,0,0,1,0,0
5575,0,36,26.3028111129377,0,9.33300018310547,0,1,0,0,0
5576,0,46,11.5074798619102,0,20.5830001831055,0,0,1,0,1
5577,0,64,23.0149597238205,0,44,0,1,0,0,0
5578,1,45,18.9873417721519,0,22.6669998168945,1,0,0,1,0
5579,1,18,1.72612197928654,1,0,0,1,0,0,1
5580,0,28,43.7284234752589,0,3.41700005531311,0,1,0,0,0
5581,0,44,13.2336018411968,0,22.1665000021458,0,1,0,0,0
5582,0,19,13.8089758342923,0,0.958499997854233,0,1,0,1,0
5583,0,47,22.1929968765412,0,10.125,1,0,0,1,0
5584,1,38,14.3843498273878,0,4.91650009155273,0,1,0,1,1
5585,0,30,18.9873417721519,0,4.58350002765656,1,0,0,1,0
5586,0,43,17.9005242296382,0,20.3330001831055,0,1,0,0,0
5587,0,46,61.9633531025936,0,20.6669998168945,1,0,0,0,0
5588,0,23,5.06329113924051,0,0,0,0,1,0,1
5589,0,28,17.2612197928654,0,4.33300000429153,1,0,0,0,1
5590,0,58,24.4533947065593,0,39.25,0,1,0,0,0
5591,0,46,14.1630521377357,0,26.3330001831055,0,1,0,0,0
5592,0,42,20.5356208808453,0,9.58349990844727,1,0,0,1,0
5593,1,54,27.6179516685846,0,26.1665000915527,0,1,0,0,0
5594,0,54,33.5894006780083,0,33.1669998168945,0,1,0,0,0
5595,0,55,8.05523590333717,0,7,0,1,0,1,0
5596,0,41,25.7767548906789,0,12.1665000915527,0,1,0,1,0
5597,1,41,14.0646976090014,0,9.91699981689453,1,0,0,1,0
5598,0,50,76.716532412735,0,5.875,1,0,0,1,0
5599,0,24,11.9042895123209,0,2.45850002765656,0,0,1,1,1
5600,1,55,4.27420680585237,0,18.3334999084473,0,1,0,1,0
5601,0,40,21.4806290755658,0,5.875,1,0,0,1,0
5602,0,31,6.90448791714615,0,2.625,0,1,0,0,0
5603,1,42,22.439585730725,0,10.125,1,0,0,1,0
5604,0,50,16.1104718066743,0,6.75,1,0,0,1,0
5605,0,52,18.4119677790564,0,23.7919998168945,0,1,0,1,0
5606,0,43,24.1952140686318,0,21,1,0,0,0,0
5607,1,35,18.9873417721519,0,7,1,0,0,1,0
5608,0,40,16.3022631377062,0,13,0,1,0,1,0
5609,0,51,23.6050868962261,0,29.1669998168945,0,1,0,0,0
5610,1,60,12.6582278481013,0,38.1669998168945,0,1,0,1,0
5611,0,60,43.4727017005498,0,33.1669998168945,1,0,0,0,0
5612,1,46,13.7322593018796,1,6.29149985313416,1,0,0,1,0
5613,1,44,7.95062245004708,1,19.1254998147488,0,0,1,0,0
5614,0,25,17.7038151721696,0,2.83299994468689,1,0,0,1,0
5615,0,56,42.3475258918297,0,0.708500027656555,1,0,0,1,0
5616,0,37,18.8840695169809,0,15.75,0,1,0,0,0
5617,0,55,14.9597238204833,0,23.2915000915527,0,1,0,1,0
5618,1,49,18.6311578716642,0,30.0830001831055,0,1,0,1,0
5619,1,56,20.9226906580186,0,30.5830001831055,1,0,0,0,0
5620,0,37,18.4119677790564,0,11.75,0,0,1,0,0
5621,0,52,9.20598388952819,0,17.8334999084473,0,1,0,1,0
5622,0,42,51.7836593785961,0,11.6665000915527,0,1,0,1,0
5623,1,42,14.9286225235592,0,21.5834999978542,0,1,0,0,0
5624,0,26,17.8365937859609,0,2.125,1,0,0,1,0
5625,0,41,14.9597238204833,0,4.16650009155273,1,0,0,1,0
5626,1,56,20.7134637514384,0,34.8330001831055,0,1,0,1,0
5627,0,41,16.5344315910605,0,19.2504998445511,0,1,0,1,0
5628,0,48,50.2144575792447,0,19.1669998168945,1,0,0,0,0
5629,0,50,23.0149597238205,0,27.3330001831055,0,1,0,1,0
5630,1,39,25.3164556962025,0,9.16650009155273,1,0,0,1,0
5631,0,37,20.592332384471,0,3.625,0,1,0,1,1
5632,1,47,32.8785138911721,0,27.5,1,0,0,0,0
5633,1,58,33.7514384349828,0,25.7915000915527,1,0,0,1,0
5635,0,29,18.4119677790564,0,4.70799994468689,0,1,0,0,0
5636,0,52,11.5074798619102,0,29.9169998168945,1,0,0,0,0
5637,0,33,31.8668673099053,0,14.6245001554489,1,0,0,0,0
5638,1,38,16.1104718066743,0,19.6669998168945,0,1,0,0,0
5639,0,64,29.5063586202827,0,42.25,0,1,0,0,0
5640,0,24,3.47781613604399,0,2.5,0,1,0,0,1
5641,0,45,13.2336018411968,0,25.1669998168945,0,1,0,0,0
5642,0,41,0.575373993095512,1,11.6664999723434,0,1,0,1,0
5643,1,54,15.343306482547,0,36,0,1,0,1,0
5644,0,55,11.5074798619102,0,33.25,0,1,0,0,0
5645,0,39,0.279467368074963,1,10.1669998168945,0,1,0,1,0
5646,0,46,14.6547756041427,0,12.4584999084473,0,1,0,1,0
5647,0,37,21.9409282700422,0,12.833499789238,1,0,0,1,0
5648,0,37,27.0425776754891,0,16.3330001831055,1,0,0,0,0
5649,0,31,8.63060989643268,0,6.04200005531311,0,1,0,1,0
5650,1,45,34.5224395857307,0,20.5830001831055,1,0,0,0,0
5651,0,25,17.0254567908165,0,6.70850002765656,1,0,0,1,0
5652,0,20,10.126582278481,1,1.25050002336502,0,1,0,0,0
5653,1,21,11.5074798619102,0,1.83349996805191,0,0,1,1,1
5654,0,40,23.0149597238205,0,14,1,0,0,0,0
5655,1,35,10.5293440736479,0,1.79149997234345,0,1,0,0,1
5656,1,63,51.7836593785961,0,37.25,1,0,0,0,0
5657,0,32,24.3301002794674,0,11.0830001831055,0,1,0,0,0
5658,0,64,32.8785138911721,0,43.25,0,1,0,0,0
5659,1,37,7.89084333388131,0,11.3754997253418,0,1,0,1,0
5660,1,49,20.7134637514384,0,19.7495002746582,0,1,0,1,0
5661,0,50,55.2359033371692,0,21.6669998168945,1,0,0,0,0
5662,0,59,10.7403145377829,0,29.3330001831055,0,1,0,0,0
5663,0,52,19.5627157652474,0,31.75,0,1,0,0,0
5664,0,40,130.821876324874,0,16,0,1,0,0,0
5665,0,33,12.0633796583164,0,10,0,1,0,1,0
5666,0,53,25.8918296892981,0,27.75,1,0,0,0,0
5667,0,55,27.2545575676822,0,26.9169998168945,0,1,0,0,0
5668,0,28,17.0943613348677,0,1.70799994468689,0,1,0,1,0
5669,0,41,6.61680092059839,0,2.58300000429153,0,1,0,1,1
5670,0,58,27.7617951668585,0,38.1669998168945,0,1,0,0,0
5671,0,49,28.3261042754714,0,26.1669998168945,1,0,0,1,0
5672,1,29,17.6587509153677,0,1.2495000064373,1,0,0,1,1
5673,0,27,18.660778154449,0,7.25,0,1,0,1,0
5674,0,23,9.20598388952819,1,1.29150003194809,1,0,0,0,1
5675,0,45,12.6582278481013,0,7.58349990844727,1,0,0,1,0
5676,0,58,21.8270908348491,0,36.375,1,0,0,1,0
5677,0,23,13.3735576773552,0,2.75,0,1,0,1,0
5678,0,57,20.6616800920598,0,40.75,0,1,0,0,0
5679,0,52,19.9866755496336,0,28.1669998168945,0,0,1,0,0
5680,0,52,37.335379107531,0,22.25,1,0,0,0,0
5681,0,48,19.6053360610323,0,19.3334999084473,0,1,0,1,0
5682,0,22,4.87553752044092,0,0.333499997854233,0,1,0,1,1
5683,0,52,27.3987615759768,0,22.6669998168945,1,0,0,1,0
5684,1,49,31.7969838289625,0,28.4169998168945,1,0,0,0,0
5685,1,51,19.5627157652474,1,7.08349990844727,1,0,0,1,0
5686,1,59,54.6605293440737,0,32.25,1,0,0,0,0
5687,0,52,70.8152606886784,0,25.5,1,0,0,0,0
5688,1,43,12.6582278481013,0,13.2915000915527,1,0,0,1,0
5689,0,50,19.4348548778929,0,34.3334999084473,0,1,0,0,0
5690,1,45,58.6881472957423,0,22.1669998168945,1,0,0,0,0
5691,0,21,3.16455696202532,0,0,0,0,1,0,1
5692,1,40,19.3810187147962,0,20.4169998168945,0,1,0,0,0
5693,0,54,16.5132336018412,0,31.75,1,0,0,1,0
5694,0,30,6.90448791714615,0,5.83350002765656,0,1,0,1,1
5695,0,41,10.5101649405447,0,4.91650009155273,0,0,1,1,1
5696,0,63,41.8872266973533,0,42.25,0,1,0,0,0
5697,0,36,19.9866755496336,0,11.4169998168945,0,1,0,0,0
5698,0,33,28.7686996547756,0,5.54150021076202,1,0,0,1,0
5699,0,60,25.5721774709117,0,28.4169998168945,1,0,0,1,0
5700,0,61,23.0149597238205,0,30,1,0,0,1,0
5701,0,63,18.4119677790564,0,16.4995002746582,0,1,0,1,0
5702,0,46,18.9010356731876,0,30.0834999084473,0,1,0,0,0
5703,0,35,27.6179516685846,0,11.3330001831055,0,1,0,0,0
5704,1,29,19.1791331031837,0,2.83349990844727,1,0,0,0,0
5705,0,39,40.2761795166859,0,9.91699981689453,1,0,0,0,0
5706,0,20,6.53127235405716,0,0,0,0,1,1,1
5707,0,48,11.1238971998466,0,12.75,0,1,0,1,0
5708,0,43,12.8883774453395,1,21.5414999723434,0,0,1,0,1
5709,0,49,20.7134637514384,0,26.9169998168945,0,1,0,1,0
5710,1,25,14.0851553509781,0,1.58300000429153,0,1,0,1,1
5711,0,37,10.9018230270729,0,5.25,0,0,1,0,1
5712,0,50,22.2477943996931,0,25.8330001831055,0,0,1,0,0
5713,1,48,34.5224395857307,0,16.5,1,0,0,1,0
5714,1,22,11.1238971998466,0,1.16700005531311,0,1,0,1,1
5715,0,19,1.43065965850776,1,0.416999995708466,0,0,1,0,1
5716,1,39,11.5074798619102,0,15.6665001809597,0,1,0,1,0
5717,0,40,49.9229583975347,0,11,1,0,0,0,0
5718,1,21,8.74568469505178,0,0.833500027656555,0,1,0,0,1
5719,1,37,20.9838895281933,0,8.25,1,0,0,0,0
5720,1,59,9.45479426492085,0,22.2084999084473,0,1,0,1,0
5721,0,61,5.75373993095512,0,23.6669998168945,0,0,1,1,0
5722,0,55,23.6050868962261,0,36.1669998168945,1,0,0,0,0
5723,0,44,16.1104718066743,0,17.8330001831055,0,0,1,0,0
5724,1,35,3.16455696202532,0,12.25,0,0,1,0,1
5725,0,31,24.2935685973661,0,10.5004998147488,1,0,0,0,0
5726,0,44,15.6172940983068,0,13.2084999084473,0,1,0,1,0
5727,0,46,65.5281933256617,0,8.95799994468689,1,0,0,1,0
5728,0,34,11.5074798619102,0,3.91700005531311,1,0,0,0,0
5729,0,63,18.4119677790564,0,28.6665000915527,0,1,0,1,0
5730,0,59,19.1791331031837,0,38.6669998168945,0,1,0,0,0
5731,0,51,13.2336018411968,0,21,0,0,1,0,0
5732,1,52,23.0149597238205,0,31.5830001831055,1,0,0,0,0
5733,1,50,9.34982738780207,0,17.75,0,1,0,0,0
5734,0,43,23.8628792925928,0,7.375,0,1,0,1,0
5735,1,44,15.5506484620409,0,22.3330001831055,0,1,0,0,0
5736,0,64,15.9186804756425,1,37.2084999978542,0,1,0,0,1
5737,0,31,11.7721518987342,0,10.6669998168945,0,0,1,0,1
5738,1,63,50.2144575792447,0,26.5834999084473,1,0,0,1,1
5739,0,35,20.6422269713409,0,8,0,1,0,0,1
5740,1,26,6.90448791714615,0,2.12449991703033,0,1,0,1,1
5741,0,43,14.8619102416571,0,26.5004997253418,0,1,0,1,0
5742,0,47,8.24702723436901,1,8.66650009155273,1,0,0,1,0
5743,0,43,36.2485615650173,0,17.5830001831055,1,0,0,1,0
5744,0,54,19.3028694457849,0,18.0415000915527,0,1,0,1,0
5745,0,22,13.2336018411968,0,1.66699999570847,0,1,0,1,1
5746,0,38,26.3521288837745,0,9.04149997234344,1,0,0,0,0
5747,0,38,11.5477560414269,0,8.04150009155273,0,1,0,1,0
5748,0,48,36.3394100902429,0,14.3334999084473,1,0,0,1,0
5749,0,49,21.5129307734238,0,32.875,0,1,0,0,0
5750,0,34,20.4449558879939,0,3.0835000872612,1,0,0,1,1
5751,1,60,36.4350621007103,0,21.4165000915527,1,0,0,1,0
5752,0,24,4.66519453861226,0,2.04150009155273,0,1,0,0,1
5753,1,61,15.343306482547,0,32.6669998168945,1,0,0,1,0
5754,1,20,12.3513617184503,0,0.5,0,1,0,1,1
5755,0,43,24.1952140686318,0,15.75,1,0,0,1,0
5756,0,35,11.5074798619102,0,3.66650009155273,0,1,0,1,0
5757,0,35,12.0828538550058,0,13,0,1,0,0,0
5758,1,51,18.4119677790564,0,16.75,0,1,0,1,0
5759,0,44,57.5373993095512,0,15.25,1,0,0,1,0
5760,0,60,24.1376406859581,0,32.8745002746582,0,1,0,1,0
5761,0,48,15.9263521288838,0,18.6665000915527,0,0,1,1,0
5762,0,36,13.5740314537783,0,10.5415000915527,0,0,1,0,0
5763,0,38,17.5640482102841,0,14.25,0,1,0,0,0
5764,0,49,29.5906625020549,0,7.20849990844727,1,0,0,1,0
5765,0,40,16.6219153560926,0,16.9165000915527,1,0,0,1,0
5766,0,23,19.3810187147962,0,1.83299994468689,0,1,0,0,0
5767,1,45,21.1979892193083,0,9.83300018310547,1,0,0,1,0
5768,0,48,21.8642117376295,0,7.95850002765656,0,1,0,1,0
5769,0,59,20.0643238617922,0,19.9995002746582,1,0,0,1,0
5770,0,41,22.6697353279632,1,15.916500210762,1,0,0,0,0
5771,0,40,27.460134801907,0,7.75,1,0,0,0,0
5772,0,55,28.8122414704693,0,33.1669998168945,0,1,0,0,0
5773,0,55,27.1994978554242,0,31.75,0,1,0,0,0
5774,0,35,21.5129307734238,0,8.75049984455109,1,0,0,0,0
5775,1,37,11.5074798619102,0,3.66649997234345,1,0,0,1,0
5776,0,48,17.5996750829216,0,18.5415000915527,0,1,0,1,0
5777,1,30,18.4119677790564,0,9,0,1,0,0,0
5778,0,51,29.2917669212261,0,14.125,0,1,0,1,0
5779,0,52,16.1383687275517,0,14.5834999084473,0,1,0,1,0
5780,0,36,17.806310944219,0,11.25,0,1,0,1,0
5781,0,57,6.90448791714615,0,24.5,0,1,0,1,0
5782,1,43,18.4119677790564,0,18.0830001831055,0,1,0,0,0
5783,0,58,39.3909887580774,0,29.6669998168945,1,0,0,0,1
5784,0,51,17.8091950243849,0,27.25,0,1,0,1,0
5785,0,62,25.6011144085761,0,41.75,0,1,0,0,0
5786,0,52,9.35327963176064,0,31.3330001831055,0,1,0,0,0
5787,0,63,13.9815880322209,0,45.1669998168945,0,1,0,1,0
5788,0,47,27.6179516685846,0,19.25,0,1,0,0,0
5789,0,42,23.0149597238205,0,12.2084999084473,1,0,0,1,0
5790,1,61,27.6179516685846,0,35.7084999084473,0,1,0,1,0
5791,0,62,41.4269275028769,0,35.3330001831055,1,0,0,0,0
5792,0,31,17.0310701956272,0,2.16700005531311,1,0,0,0,0
5793,0,45,32.3187571921749,0,26.3330001831055,1,0,0,0,0
5794,0,55,27.9467368074963,0,15.625,1,0,0,1,0
5795,0,49,14.9654775604143,0,30.25,0,1,0,1,0
5796,0,37,21.8642117376295,0,17.5830001831055,0,1,0,0,0
5797,0,60,20.2082573184765,0,44.6669998168945,0,1,0,0,0
5798,0,31,14.2692750287687,0,10.5,0,0,1,0,0
5799,0,47,20.2750835662228,0,13.0415000915527,1,0,0,1,0
5800,0,62,9.20598388952819,0,41.6669998168945,0,1,0,0,0
5801,0,36,5.17836593785961,0,12.0834999978542,0,0,1,0,0
5802,1,55,230.149597238205,0,30.4169998168945,0,1,0,0,0
5803,0,53,25.3164556962025,0,24.6669998168945,0,1,0,1,0
5804,0,33,14.6720368239356,0,10.5,1,0,0,0,0
5805,0,50,20.8860759493671,0,28.1669998168945,0,1,0,0,0
5806,0,47,16.0407295044809,0,29.2915000915527,0,0,1,0,0
5807,1,60,16.1104718066743,0,40.5,1,0,0,0,0
5808,0,51,14.9597238204833,0,25.25,1,0,0,0,0
5809,0,58,26.1219792865363,1,24.2915000915527,0,1,0,1,0
5810,0,20,3.85500575373993,0,1.16649997234345,0,0,1,0,1
5811,1,55,14.7953312510275,0,24.25,0,1,0,0,1
5812,0,23,6.66283084004603,0,0,0,0,1,0,1
5813,1,23,9.78135788262371,0,2.75,0,1,0,0,0
5814,1,36,16.1104718066743,0,5.79149985313416,1,0,0,1,0
5815,0,27,8.63060989643268,0,0.958000004291534,1,0,0,0,0
5816,0,44,9.20598388952819,1,14.25,1,0,0,0,1
5817,0,61,16.8402144320638,0,41.5,0,1,0,0,0
5818,0,56,22.4248325514148,0,15.0835000276566,1,0,0,0,0
5819,0,43,22.2669735327963,0,20.6669998168945,0,1,0,0,0
5820,0,47,35.0747986191024,0,11.0415000915527,1,0,0,1,0
5821,0,30,11.8296892980437,0,3.16649997234345,0,1,0,1,1
5822,0,20,11.5074798619102,0,1.08299994468689,0,1,0,1,0
5823,0,39,26.3028111129377,0,12.5,1,0,0,1,0
5824,0,55,19.4692174913694,0,21.0834999084473,0,1,0,1,0
5825,0,54,12.945914844649,0,25.8330001831055,1,0,0,1,0
5826,0,43,15.343306482547,0,20.75,0,1,0,0,0
5827,0,59,25.5721774709117,0,38.8330001831055,0,1,0,0,0
5828,0,61,37.6608431844335,0,26.6665000915527,1,0,0,1,0
5829,0,37,5.18987341772152,0,5.41700005531311,0,1,0,1,0
5830,0,39,15.5350978135788,0,19,0,1,0,0,0
5831,0,21,9.97314921365554,0,1.125,0,1,0,1,1
5832,0,51,5.98388952819333,1,4.54150009155273,0,0,1,1,0
5833,1,59,14.3843498273878,0,38.1669998168945,0,1,0,0,0
5834,0,33,29.5906625020549,0,12.4169998168945,1,0,0,0,0
5835,0,49,30.9263521288838,0,19.333499789238,1,0,0,0,0
5836,1,62,16.732497745156,0,42.75,0,1,0,0,0
5837,0,52,17.2612197928654,0,23.1669998168945,0,1,0,1,0
5838,1,20,6.2469176393227,1,0.833500027656555,0,1,0,1,1
5839,0,54,9.6662830840046,0,14.375,0,1,0,1,0
5840,0,54,36.8829482753533,0,24,0,1,0,1,0
5841,1,32,17.2612197928654,0,7.24950018525124,1,0,0,0,0
5842,0,53,33.6823935558113,0,35.3330001831055,1,0,0,1,0
5843,0,54,34.5224395857307,0,29.5,1,0,0,0,0
5844,1,20,5.31114455165088,0,0,0,1,0,1,1
5845,0,45,73.5615650172612,0,8.41650009155273,0,1,0,1,0
5846,0,23,4.66519453861226,0,0,0,0,1,0,1
5847,0,49,7.5321686368867,0,29.4169998168945,0,1,0,0,0
5848,0,19,5.17836593785961,0,1.33300000429153,0,0,1,0,1
5849,0,59,41.4269275028769,0,33.6669998168945,1,0,0,0,0
5850,0,31,15.1561929888574,0,10.1669998168945,0,1,0,0,1
5851,1,36,21.1979892193083,0,14,1,0,0,1,0
5852,0,37,16.4695051783659,0,9.5004997253418,0,1,0,1,0
5853,0,51,11.5074798619102,0,19.6665000915527,0,1,0,1,0
5854,0,22,13.2336018411968,0,2.41700005531311,0,1,0,1,0
5855,1,28,15.343306482547,0,6.49950015544891,0,1,0,1,0
5856,0,52,17.2612197928654,0,21,0,1,0,0,0
5857,0,27,18.4119677790564,0,3.66650009155273,1,0,0,1,1
5858,0,61,6.90448791714615,0,23.9995002746582,0,1,0,1,0
5859,0,53,11.5074798619102,0,9.58350002765656,1,0,0,1,0
5860,1,31,9.78135788262371,0,4.16700005531311,0,1,0,1,1
5861,1,52,19.9462984273111,0,26.9164999723434,0,1,0,1,0
5862,1,64,36.8239355581128,0,42,1,0,0,0,0
5863,0,64,19.0103567318757,1,22,0,1,0,1,1
5864,0,53,21.7166799445281,0,29.3330001831055,0,1,0,0,0
5865,0,44,9.78135788262371,0,18,0,0,1,0,1
5866,0,57,9.97314921365554,0,38,0,1,0,0,0
5867,0,49,20.253164556962,0,18.7915000915527,0,1,0,1,0
5868,1,31,17.2612197928654,0,0.625,0,0,1,1,0
5869,0,29,17.4205541294149,0,7.20849981531501,0,1,0,0,0
5870,0,20,5.66289140572951,0,0.666999995708466,0,1,0,0,1
5871,1,49,14.9597238204833,0,25.9169998168945,0,1,0,0,0
5872,1,54,9.53476902843992,0,18.8334999084473,0,1,0,1,0
5873,0,54,49.8657460682777,0,34.8330001831055,1,0,0,0,0
5874,1,24,5.75373993095512,0,1.375,0,0,1,0,1
5875,1,32,12.0828538550058,0,9.12450015544891,0,1,0,1,0
5876,0,40,18.584579976985,0,11.3330001831055,1,0,0,1,0
5877,0,52,44.87917146145,0,21.5830001831055,1,0,0,0,0
5878,1,34,8.63060989643268,0,4.04149999842048,1,0,0,0,0
5879,0,60,17.2612197928654,0,31.5,1,0,0,0,0
5880,0,44,25.0863060989643,0,25.3330001831055,0,1,0,0,0
5881,1,51,19.9866755496336,0,13.25,0,1,0,1,0
5882,0,46,14.3843498273878,0,14.9169998168945,0,1,0,0,0
5883,0,54,26.5557227582544,0,33.9169998168945,1,0,0,0,0
5884,0,37,13.8089758342923,0,7.66649997234345,0,1,0,1,0
5885,1,47,21.5707710011508,0,19.5830001831055,0,1,0,1,0
5886,1,37,6.90448791714615,0,13.8334999084473,0,1,0,0,0
5887,1,62,8.95026211481908,0,33.25,1,0,0,0,0
5888,0,58,24.5492903720752,0,6.625,1,0,0,1,0
5889,0,31,21.8347053790092,0,5.74950015544891,1,0,0,1,0
5890,1,57,11.9677790563867,0,23.875,0,1,0,1,0
5891,1,50,16.655562958028,0,28.5830001831055,0,1,0,0,0
5892,1,34,17.5750601527356,0,14.8330001831055,1,0,0,0,0
5893,0,49,21.962847279303,0,29.6669998168945,0,1,0,0,0
5894,0,43,13.4801906953806,0,15.75,0,1,0,0,0
5895,0,51,10.3567318757192,0,22.2915000915527,0,0,1,0,0
5896,0,52,9.20598388952819,1,10.125,0,1,0,1,0
5897,0,51,25.8918296892981,0,27.9169998168945,1,0,0,0,0
5898,1,50,21.4806290755658,0,13.875,0,1,0,1,0
5899,0,52,12.2746451860376,0,0.208499997854233,0,1,0,1,1
5900,0,53,35.8010484592763,0,30.8330001831055,1,0,0,0,0
5901,0,26,9.70943613348677,0,2.41700005531311,0,0,1,0,0
5902,1,37,3.22209436133487,0,14.1669998168945,1,0,0,0,0
5903,0,32,21.8642117376295,0,4.25,1,0,0,0,1
5904,0,37,20.592332384471,0,8.33349990844727,0,1,0,1,0
5905,0,50,13.8089758342923,0,27.3330001831055,0,1,0,0,0
5906,0,46,13.8089758342923,0,11.25,0,1,0,0,0
5907,1,51,13.2120253164557,0,7.33300018310547,1,0,0,0,0
5908,0,52,23.02416570771,0,21.875,0,1,0,0,0
5909,0,53,96.6858457997699,0,23.75,1,0,0,0,0
5910,1,32,15.1662683308253,0,11.1669998168945,0,1,0,0,0
5911,0,52,19.5627157652474,0,12.7084999084473,0,1,0,1,0
5912,0,24,16.9583913754467,0,4.25,0,1,0,0,0
5913,0,45,33.3716915995397,0,22.875,0,1,0,0,0
5914,0,27,11.5074798619102,0,3.66700005531311,0,0,1,0,0
5915,0,62,50,0,32.3330001831055,1,0,0,1,0
5916,0,38,18.4119677790564,0,10.4165000915527,0,1,0,1,0
5917,0,43,8.63060989643268,0,20.125,0,0,1,0,1
5918,0,22,11.5074798619102,0,2.75,0,0,1,0,1
5919,0,38,20.1380897583429,0,16.6669998168945,0,1,0,0,0
5920,1,57,24.741081703107,0,28.3330001831055,1,0,0,1,0
5921,1,56,8.34292289988493,0,37.25,0,0,1,0,0
5922,0,44,13.2911392405063,0,4.70849990844727,1,0,0,1,1
5923,0,43,24.5799769850403,0,7.125,1,0,0,1,0
5925,0,30,4.31530494821634,0,0,0,0,1,0,1
5926,0,46,15.5350978135788,0,25.5,0,1,0,0,0
5928,0,18,3.87620374295924,0,0,0,0,1,1,1
5929,0,49,14.3843498273878,0,25,1,0,0,0,0
5930,0,47,7.92737501598261,0,27,0,1,0,0,0
5931,0,54,29.9194476409666,0,30.25,1,0,0,0,0
5932,0,55,16.1104718066743,0,37,1,0,0,0,0
5933,0,40,11.5074798619102,0,13.1669998168945,0,1,0,0,1
5934,0,50,9.86355416735164,0,31.75,0,1,0,0,0
5935,1,53,51.7836593785961,0,27.25,1,0,0,0,0
5936,1,52,10.3567318757192,0,30.8330001831055,0,1,0,0,0
5937,0,60,65.7570277823442,0,43.5830001831055,1,0,0,0,0
5938,0,43,18.1697050451214,0,14.0834999084473,0,1,0,1,0
5939,1,26,14.9597238204833,0,6.83300018310547,0,1,0,0,0
5940,0,24,12.0828538550058,0,2.25,0,0,1,0,0
5941,1,59,14.0966628308401,0,36.9169998168945,0,1,0,0,0
5942,0,55,9.20598388952819,0,31.75,0,0,1,1,0
5943,0,60,20.0643238617922,0,39.4169998168945,1,0,0,1,0
5944,0,57,14.8507055902126,0,29.5,1,0,0,1,0
5945,0,27,8.63060989643268,0,1.5,0,0,1,0,0
5946,1,62,25.9608745684695,0,42.6669998168945,0,1,0,0,0
5947,0,50,4.66052934407365,0,24.25,0,1,0,0,1
5948,0,58,19.0468632197135,0,19.6665000915527,1,0,0,0,0
5949,0,43,15.5350978135788,0,21,0,1,0,0,0
5950,0,49,9.11008822401227,0,29.3330001831055,0,1,0,0,1
5951,0,48,16.6858457997699,0,25.6669998168945,0,1,0,0,0
5952,0,36,16.4392569455861,0,8.5,0,1,0,1,0
5953,1,56,28.4602991944764,0,29.25,1,0,0,1,0
5954,0,41,17.8365937859609,0,15.3334999084473,0,1,0,1,0
5955,0,51,35.8010484592763,0,28,1,0,0,0,0
5956,0,62,33.5894006780083,0,43,1,0,0,0,0
5957,0,30,17.2612197928654,0,5.83300018310547,1,0,0,0,1
5958,0,37,7.6716532412735,1,1.29149997234345,1,0,0,1,0
5959,0,44,23.0149597238205,0,19.2080001831055,1,0,0,0,0
5960,0,23,11.5074798619102,0,2.29150009155273,0,1,0,0,0
5961,0,25,7.94016110471807,0,4.29149997234345,0,0,1,0,1
5962,1,47,16.0569486445259,0,28.0835000276566,0,1,0,0,0
5963,0,28,26.6125613227545,0,4.75049984455109,0,1,0,1,0
5964,0,54,15.4890678941312,0,30.25,1,0,0,0,0
5965,0,27,97.8135788262371,1,2.08349990844727,1,0,0,0,0
5966,0,37,12.4568469505178,1,13.1669998168945,0,1,0,1,0
5967,0,40,13.9301072012598,0,16.0415000915527,0,1,0,1,0
5968,0,18,3.45224395857307,0,0,0,0,1,1,1
5969,1,31,7.87353885288596,0,11.666500210762,0,1,0,1,0
5970,0,59,11.5074798619102,0,21.5,0,1,0,1,0
5971,1,23,11.8202472632852,0,3.08299994468689,0,1,0,1,0
5972,0,54,9.58956655159187,0,19.6664999723434,0,1,0,1,0
5973,0,43,138.089758342923,0,9,1,0,0,0,0
5974,0,49,23.0149597238205,0,22.5,1,0,0,0,0
5975,1,52,29.5906625020549,0,22,1,0,0,0,0
5976,0,19,6.78941311852704,0,0.791499972343445,0,1,0,1,0
5977,0,32,13.5382116022473,0,8.83300018310547,0,0,1,0,1
5978,1,42,17.2612197928654,0,7.70800018310547,0,1,0,1,1
5979,1,52,13.1514055564689,0,21,0,1,0,0,0
5980,0,30,24.3383199079402,0,2.41700005531311,1,0,0,0,0
5981,0,25,14.9597238204833,0,6.16699981689453,0,1,0,0,0
5982,0,31,20.7646081063803,0,9.70800018310547,0,1,0,0,1
5983,0,60,18.6421173762946,0,30.8334999084473,0,1,0,1,0
5984,1,55,17.7038151721696,0,37.25,0,1,0,1,0
5985,0,44,22.0943613348677,0,15.2084999084473,1,0,0,1,0
5986,0,53,23.4464902186421,0,31.75,1,0,0,0,0
5987,0,28,8.08633720026125,0,1.75,1,0,0,1,1
5988,0,41,11.0069044879172,0,10.5,1,0,0,1,0
5989,0,35,15.1414208709345,0,10.9169998168945,0,1,0,0,0
5990,1,21,3.35634829305715,0,1.375,0,1,0,1,1
5991,0,44,31.4301732023251,0,17.9165000021458,1,0,0,1,0
5992,0,44,37.3993095512083,0,17.5830001831055,1,0,0,1,0
5993,0,56,17.2612197928654,0,31.25,0,1,0,0,0
5994,1,44,12.6582278481013,0,16.75,1,0,0,0,0
5995,0,41,30.2071346375144,0,17.3330001831055,0,1,0,0,0
5996,0,51,23.0149597238205,0,30.5,1,0,0,0,0
5997,0,34,26.5557227582544,0,18.25,0,1,0,0,0
5998,0,25,11.5074798619102,0,4,0,0,1,0,1
5999,0,44,17.0431833323239,0,5.375,0,1,0,1,0
6000,0,40,8.63060989643268,0,18.5,0,0,1,0,0
6001,0,61,14.8385924535158,0,38.2914999984205,0,1,0,0,0
6002,1,48,8.21962847279303,0,21.3745001852512,0,1,0,0,1
6003,0,53,29.6771849070317,0,27.25,1,0,0,0,0
6004,0,60,30.2828417418691,0,35.4169998168945,0,1,0,1,0
6005,0,40,1.38089758342923,1,8.54149997234345,1,0,0,0,1
6006,0,62,6.18527042577676,1,6.95849990844727,0,1,0,1,0
6007,1,44,1.5343306482547,1,2.20850002765656,0,1,0,1,0
6008,0,48,27.6179516685846,0,27.3330001831055,0,1,0,0,0
6009,0,50,36.0775044319348,0,28.5830001831055,0,1,0,0,0
6010,0,36,32.2209436133487,0,10.25,1,0,0,0,0
6011,1,58,8.78753007636782,0,15.4584999084473,0,1,0,1,0
6012,0,53,38.6248561565017,0,23.5830001831055,1,0,0,0,0
6013,1,64,22.8851317458912,0,40.4169998168945,1,0,0,1,0
6014,0,51,31.6455696202532,0,29,0,1,0,0,0
6015,0,46,11.6225546605294,0,19.4165000021458,0,1,0,0,0
6016,1,60,46.029919447641,0,39.25,0,1,0,0,0
6017,1,60,17.9056386651323,0,42.1669998168945,1,0,0,1,0
6018,0,32,9.20598388952819,0,6.125,0,1,0,1,1
6019,0,26,18.8840695169809,0,3.58299994468689,0,1,0,1,0
6020,0,19,9.20598388952819,0,1.29149997234345,0,1,0,1,0
6021,0,53,30.1286745475468,0,28,1,0,0,0,0
6022,0,62,81.8309679069173,0,35.25,1,0,0,1,0
6023,1,49,50.6329113924051,0,31.5,1,0,0,0,0
6024,0,31,16.5117582839102,0,4.04150009155273,1,0,0,1,0
6025,1,29,17.2612197928654,0,5.75,1,0,0,0,1
6026,0,36,22.2477943996931,0,15.6669998168945,1,0,0,0,0
6027,0,39,10.3567318757192,0,17.125,0,0,1,0,0
6028,0,56,20.3846786125267,0,37.25,0,1,0,0,0
6029,0,27,7.6716532412735,0,7.83300018310547,0,0,1,0,1
6030,0,53,43.1530494821634,0,34.8330001831055,0,1,0,0,0
6031,0,42,17.3497388687262,0,20.5830001831055,0,1,0,1,0
6032,0,39,18.2939423445753,0,15.75,1,0,0,1,0
6033,1,63,8.63060989643268,0,14.1665000915527,0,1,0,1,0
6034,1,39,11.5074798619102,0,15.1665000021458,0,0,1,0,1
6035,0,62,40.9154839534586,0,42.5830001831055,0,1,0,0,0
6036,0,36,45.4242626128036,0,9.66699981689453,1,0,0,0,0
6037,1,53,4.14269275028769,0,6.45800018310547,0,1,0,1,0
6038,0,40,40.253164556962,0,19,1,0,0,0,0
6039,0,53,19.2750287686997,0,31,0,0,1,0,0
6040,0,48,42.7420680585238,0,7.58349990844727,1,0,0,1,0
6041,0,38,10.3567318757192,0,11.0830001831055,0,1,0,0,1
6042,1,23,10.0690448791715,0,3.66650009155273,0,1,0,1,1
6043,0,58,21.6340621403913,0,33.1669998168945,0,1,0,1,0
6044,0,19,4.72117687307561,0,1.45849996805191,0,0,1,0,1
6045,0,48,13.5532540595832,0,16.7915000915527,0,1,0,1,0
6046,0,19,4.89067894131185,0,0.833000004291534,0,1,0,0,1
6047,0,24,9.20598388952819,0,3,0,1,0,1,0
6048,0,53,73.6478711162256,0,29,1,0,0,0,0
6049,0,38,15.0787667156065,0,6.375,1,0,0,1,0
6050,0,60,1.19677790563867,1,15.75,1,0,0,1,0
6051,1,42,22.3417721518987,0,19,0,1,0,1,0
6052,0,33,19.9769850402762,0,6.125,1,0,0,1,1
6053,0,49,26.6489007328448,0,27.4169998168945,0,1,0,0,0
6054,1,59,16.1104718066743,0,36.0830001831055,0,1,0,1,0
6055,1,20,5.87814511865145,0,0,0,0,1,0,1
6056,1,30,17.2612197928654,0,5.91650009155273,1,0,0,1,0
6057,1,47,21.2934407364787,0,25.5,0,1,0,0,0
6058,0,40,18.4119677790564,0,13.8754997253418,0,1,0,1,0
6059,0,43,28.7686996547756,0,20.25,1,0,0,0,0
6060,1,59,26.4672036823936,0,34.25,1,0,0,1,0
6061,1,28,6.61680092059839,0,0.333000004291534,1,0,0,0,1
6062,0,23,8.63060989643268,0,0.375,0,0,1,0,1
6063,0,34,23.9886695582898,0,6.83300018310547,0,1,0,0,0
6064,1,36,19.1791331031837,0,13.4169998168945,1,0,0,1,0
6065,1,54,15.7077100115075,0,26.2080001831055,0,1,0,0,0
6066,0,25,5.91813250041098,0,5.58300018310547,0,0,1,0,0
6067,0,51,17.644802454929,0,21.625,0,1,0,1,0
6068,0,54,537.015726889145,0,30.3330001831055,1,0,0,0,0
6069,0,46,33.168618425506,0,24.75,0,1,0,0,0
6070,0,48,20.1380897583429,0,17.5830001831055,0,1,0,0,0
6071,0,57,28.7686996547756,0,34.5,1,0,0,0,0
6072,0,33,11.1878276435238,0,6.91650009155273,0,1,0,1,0
6073,1,50,61.373225930188,0,34.9169998168945,0,0,1,0,0
6074,0,52,8.05523590333717,0,23.6254998147488,0,1,0,0,0
6075,0,47,16.1104718066743,0,23,0,1,0,0,0
6076,0,51,41.0574768336261,0,29.3330001831055,0,1,0,0,0
6077,0,45,86.3060989643268,0,11.7084999084473,1,0,0,1,0
6078,0,49,8.24702723436901,1,9.25,1,0,0,1,1
6079,0,50,14.2692750287687,0,15.375,0,1,0,1,1
6080,0,51,5.37015726889145,1,10.8334999084473,0,1,0,1,0
6081,0,48,69.0448791714615,0,18.3330001831055,1,0,0,0,1
6082,0,51,15.7470777057719,0,8.41650009155273,1,0,0,0,0
6083,0,56,33.311125916056,0,28.9169998168945,1,0,0,0,0
6084,0,44,31.4987500496012,0,3.79200005531311,1,0,0,1,0
6085,1,59,13.0216219490037,0,32.9165000915527,0,1,0,1,0
6086,0,48,17.2612197928654,0,21,1,0,0,0,1
6087,0,41,10.3567318757192,0,9.79200005531311,0,1,0,1,0
6088,0,62,13.8089758342923,0,36,0,1,0,1,0
6089,0,21,3.73993095512083,0,0.291500002145767,0,1,0,0,1
6090,1,60,10.9321058688147,0,38.4169998168945,0,1,0,0,0
6091,1,29,14.6720368239356,0,3.20850002765656,0,1,0,0,1
6092,0,54,29.0715280721943,0,13.2915000915527,1,0,0,1,0
6093,0,37,24.741081703107,0,12.2080001831055,0,1,0,0,0
6094,1,64,11.5074798619102,0,42.583499789238,1,0,0,1,0
6095,0,49,31.5633733355252,0,23.0830001831055,0,1,0,0,0
6096,0,41,30.337901454127,0,18.5830001831055,0,1,0,1,0
6097,0,56,80.5523590333717,0,28.1669998168945,1,0,0,0,0
6098,0,21,5.42916998613201,0,0.25,0,1,0,1,1
6099,1,63,9.97314921365554,0,40.0834999084473,0,0,1,1,0
6100,0,26,6.90448791714615,0,4.20850002765656,1,0,0,1,0
6101,1,47,31.3003452243959,0,21.75,1,0,0,0,0
6102,0,58,21.8642117376295,0,19.6665000915527,0,1,0,1,0
6103,0,52,31.8668673099053,0,16.3330001831055,1,0,0,1,0
6104,0,54,12.4429266119752,0,19.3334999084473,0,1,0,1,0
6105,0,44,15.6501726121979,0,7,0,0,1,1,0
6106,0,50,19.4741966893866,0,28.0830001831055,0,1,0,0,0
6107,0,40,6.4873417721519,0,7.58299994468689,0,1,0,1,1
6108,0,55,19.746835443038,0,27.8745001852512,0,1,0,0,0
6109,0,39,13.7945914844649,0,14.4164999723434,0,1,0,1,0
6110,1,55,14.8791714614499,0,35.1669998168945,1,0,0,1,0
6111,1,60,34.5224395857307,0,26.2084999084473,1,0,0,0,0
6112,1,51,4.6029919447641,0,29.4169998168945,1,0,0,0,0
6113,0,43,14.1542002301496,0,19.4584999084473,0,1,0,1,0
6114,0,57,12.9976985040276,0,26.75,1,0,0,0,0
6115,0,42,13.1952435749904,0,11.7915000915527,0,1,0,1,0
6116,0,57,14.4227080935942,0,18.5834999084473,0,1,0,1,1
6117,0,54,16.278873950995,0,34.75,0,1,0,0,0
6118,1,62,44.259537930424,0,40.6669998168945,1,0,0,1,0
6119,0,36,33.3716915995397,0,9.08300018310547,0,1,0,0,0
6120,0,34,33.716915995397,0,8.33300018310547,1,0,0,0,0
6121,1,40,16.8776371308017,0,11.8334999084473,0,1,0,1,0
6122,0,30,7.1921749136939,0,2.33299994468689,0,0,1,0,0
6123,0,28,11.5074798619102,0,6.00049981474876,0,0,1,0,0
6124,1,37,12.2746451860376,0,17.7915001809597,0,1,0,1,0
6125,0,56,32.55774790199,0,32.5830001831055,1,0,0,0,0
6126,0,60,49.3177708367582,0,34.1669998168945,1,0,0,0,0
6127,1,54,26.0432438980074,0,23.5,0,1,0,1,0
6128,0,44,25.8918296892981,0,19.4169998168945,0,1,0,0,0
6129,0,39,15.343306482547,0,15.7915000915527,0,1,0,1,0
6130,1,64,6.90448791714615,0,45.3330001831055,1,0,0,0,0
6131,1,59,15.5350978135788,0,35.4169998168945,1,0,0,1,0
6132,0,43,21.8642117376295,1,18.4165000021458,0,0,1,0,1
6133,0,51,19.1791331031837,0,9.08349990844727,0,1,0,1,0
6134,0,54,9.20598388952819,0,24.3334999084473,0,0,1,0,0
6135,0,48,27.4798619102417,0,13.7915000915527,0,1,0,1,0
6136,0,25,13.9301072012598,0,0.333499997854233,0,1,0,1,1
6137,0,45,72.6788201804857,0,16.5830001831055,1,0,0,0,0
6138,0,48,16.8776371308017,0,6.95849990844727,0,1,0,1,1
6139,1,34,24.7853412410375,0,5.00050008296967,1,0,0,0,1
6140,0,21,4.31530494821634,0,0,0,0,1,0,1
6141,1,57,25.8918296892981,0,33.75,1,0,0,0,0
6142,1,52,30.4948216340621,0,23.7919998168945,1,0,0,0,0
6143,0,53,25.90333716916,0,32,0,1,0,1,0
6144,0,55,52.9344073647871,0,35.5830001831055,1,0,0,0,0
6145,0,49,27.4551629290746,0,19.6254997253418,1,0,0,1,0
6146,0,34,23.7231123307073,0,3.75,1,0,0,0,1
6147,0,62,48.8469505178366,0,35.5,1,0,0,0,0
6148,0,53,12.2746451860376,0,10.2919998168945,0,1,0,1,0
6149,1,58,10.4718066743383,0,30.0834999084473,1,0,0,1,0
6150,0,30,11.5074798619102,0,6.75,0,0,1,0,1
6151,0,59,8.46621732697682,0,14.5,0,1,0,1,0
6152,0,43,20.1380897583429,0,23.25,0,1,0,0,0
6153,0,62,25.3754684134431,0,40.25,0,1,0,0,0
6154,0,26,13.2336018411968,0,6.83300018310547,0,1,0,0,0
6155,0,46,49.9884925201381,0,18.8334999084473,1,0,0,1,0
6156,0,44,34.5224395857307,0,11.75,1,0,0,1,0
6157,0,36,13.6939010356732,0,13.7084999084473,0,1,0,1,0
6158,0,33,23.4814791776817,0,6.91699981689453,1,0,0,0,0
6159,0,50,8.79983754146077,0,2.875,1,0,0,1,0
6160,0,37,17.0916358791109,0,4.875,0,1,0,1,0
6161,0,46,9.20598388952819,0,11.5830001831055,0,1,0,1,0
6162,0,32,17.5640482102841,0,11.5,0,1,0,0,0
6163,0,42,18.8722669735328,0,4.70849990844727,1,0,0,1,0
6164,1,59,34.4169543536632,0,34,0,1,0,0,0
6165,0,43,17.7038151721696,0,20.1669998168945,0,1,0,1,0
6166,0,37,15.5350978135788,0,8.83300018310547,0,1,0,0,0
6167,1,50,14.9597238204833,0,29,0,1,0,1,0
6168,0,39,18.6996547756041,0,14.1669998168945,0,1,0,0,0
6169,1,18,10.3567318757192,0,1.33299994468689,0,0,1,1,1
6170,0,47,10.3567318757192,0,11.4165000915527,0,1,0,1,1
6171,0,61,13.3244503664224,0,29.25,0,1,0,1,0
6172,0,26,8.39087073264289,0,4,0,0,1,0,0
6173,0,41,36.8169613278934,0,13.5830001831055,1,0,0,0,0
6174,0,61,18.1697050451214,0,39.1669998168945,0,1,0,1,0
6175,0,34,6.32911392405063,0,5.66699981689453,0,0,1,0,1
6176,0,32,22.1168149541104,0,7.41699981689453,1,0,0,1,0
6177,0,55,33.0494821634062,0,35.1669998168945,0,1,0,0,0
6178,0,29,14.9597238204833,0,7.16699981689453,0,1,0,1,0
6179,1,49,14.0943613348677,0,19.8334999084473,1,0,0,0,0
6180,0,57,35,0,34.4164999723434,1,0,0,0,0
6181,1,57,11.0471806674338,0,33.9169998168945,0,1,0,0,0
6182,0,52,16.1104718066743,0,30.1669998168945,1,0,0,0,0
6183,0,52,12.0828538550058,0,19.9169998168945,0,1,0,1,1
6184,1,56,23.0149597238205,0,36.25,0,1,0,0,0
6185,0,50,17.0968272234095,0,29.5830001831055,0,0,1,0,0
6186,0,56,17.2612197928654,0,18.0830001831055,1,0,0,0,0
6187,0,50,28.7686996547756,0,23.0834999084473,0,1,0,1,0
6188,0,64,276.179516685846,0,47.9585000276566,0,1,0,1,0
6189,0,48,86.3060989643268,0,18.1669998168945,1,0,0,0,0
6190,0,52,38.8262370540852,0,24.8330001831055,1,0,0,1,0
6191,1,46,26.0836210203299,0,10.0834999084473,1,0,0,1,0
6192,0,25,6.90448791714615,0,2,0,1,0,0,1
6193,0,18,3.88377445339471,0,0,0,0,1,0,1
6194,1,43,24.1657077100115,0,13.8745002746582,1,0,0,1,0
6195,0,20,20.3846786125267,0,0,0,1,0,0,0
6196,0,60,19.7405586358406,0,13.6665000915527,0,1,0,1,0
6197,0,44,16.8776371308017,0,6.04199981689453,0,1,0,1,0
6198,0,35,41.4269275028769,0,8.25049984455109,1,0,0,0,0
6199,0,53,24.3958573072497,0,29.1669998168945,1,0,0,1,0
6200,0,47,98.7054085155351,0,21.2504998147488,1,0,0,1,0
6201,1,43,14.9597238204833,0,25,0,1,0,0,0
6202,0,60,22.357389445997,0,40.25,0,1,0,0,0
6203,1,41,10.1619899088253,0,9.25,1,0,0,0,1
6204,0,48,17.2612197928654,0,27.25,0,1,0,0,0
6205,0,46,11.5074798619102,0,4.91650009155273,0,1,0,1,0
6206,1,47,23.0149597238205,0,19.25,1,0,0,1,0
6207,1,45,13.1514055564689,0,24.25,0,1,0,0,0
6208,0,54,17.4361334867664,0,18.4584999084473,0,1,0,1,0
6209,0,60,14.645883460613,0,28.1245002746582,0,1,0,1,0
6210,0,54,11.7497425958452,0,10.5415000915527,0,1,0,1,0
6211,0,30,11.0471806674338,0,3.58350002765656,0,0,1,1,0
6212,0,27,12.9497506712697,0,2.2085000872612,0,1,0,0,0
6213,1,38,35.4076303443392,0,12.8334999084473,1,0,0,0,0
6214,0,56,51.7836593785961,0,37,0,1,0,0,0
6215,0,47,13.8089758342923,0,10.3335001468658,0,1,0,1,0
6216,0,31,21.5765247410817,0,3.95799994468689,1,0,0,1,0
6217,1,61,16.3981588032221,0,39,0,1,0,1,0
6218,0,38,29.2917669212261,0,20.75,1,0,0,0,0
6219,0,45,15.343306482547,0,27.1669998168945,0,0,1,0,0
6221,0,36,19.4741966893866,0,16.25,1,0,0,0,0
6222,0,34,12.0554550934298,0,12.9169998168945,1,0,0,0,0
6223,0,58,13.684570646596,0,37.5,0,0,1,0,1
6224,0,45,27.0425776754891,0,22.3330001831055,0,1,0,0,0
6225,1,36,11.795166858458,0,5.33300018310547,0,0,1,0,0
6226,0,21,4.20598388952819,0,0,0,1,0,1,1
6227,0,45,33.6372488271223,0,22.3330001831055,1,0,0,1,0
6228,0,48,9.78135788262371,0,22.1669998168945,1,0,0,0,0
6229,1,63,30.9511527320344,0,38.9584999084473,1,0,0,1,0
6230,1,33,18.4119677790564,0,4,0,1,0,1,0
6231,0,49,24.7853412410375,0,13.7919998168945,1,0,0,0,1
6232,0,51,19.2780570528738,0,22.4165000915527,0,1,0,1,0
6233,0,46,33.9470655926352,0,21.0830001831055,1,0,0,0,0
6234,0,52,13.8089758342923,0,28,0,1,0,0,0
6235,0,28,14.192558496356,0,7.66649997234345,1,0,0,1,0
6236,0,53,73.6478711162256,0,28,0,1,0,0,1
6237,0,36,23.0149597238205,0,8.41650009155273,0,1,0,1,0
6238,0,62,23.0149597238205,0,45.25,0,1,0,0,0
6239,0,47,27.0425776754891,0,27.25,0,1,0,0,0
6240,0,52,11.1964668926694,0,21.2915000915527,0,1,0,1,0
6241,0,30,17.95166858458,0,4.29149997234345,1,0,0,1,0
6242,0,32,20.7134637514384,0,5.125,1,0,0,1,0
6243,0,54,39.9733510992672,0,33.5,0,1,0,0,0
6244,0,36,10.9018230270729,0,11.0415000915527,0,0,1,1,0
6245,1,62,9.30827259941184,0,8.66650009155273,0,1,0,1,0
6246,0,33,24.741081703107,0,7.25,1,0,0,0,0
6247,1,40,20.7134637514384,0,7.41650009155273,1,0,0,1,0
6248,0,51,18.1575919084247,0,31.25,0,1,0,1,0
6249,0,35,10.126582278481,0,8.20849999785423,0,0,1,0,1
6250,0,26,15.5350978135788,0,1.83299994468689,0,1,0,0,0
6251,0,28,15.8227848101266,0,2.95850005745888,0,1,0,0,1
6252,0,46,24.6588854183791,0,19,1,0,0,0,0
6253,0,48,5.78442654392022,0,12,0,1,0,1,1
6254,0,37,19.1791331031837,0,5.45800018310547,1,0,0,1,0
6255,0,58,42.3306856773976,0,33.9169998168945,1,0,0,0,0
6256,0,35,18.7247351804314,0,16.5,0,1,0,0,0
6257,1,31,11.0471806674338,0,4.91650009155273,1,0,0,0,1
6258,0,56,28.5943438992921,0,17.7084999084473,0,1,0,1,0
6259,0,55,19.9462984273111,0,30.25,0,1,0,0,0
6260,1,45,24.6865725879717,0,12.4584999084473,1,0,0,1,0
6261,0,52,55.2359033371692,0,31.3330001831055,0,1,0,1,0
6262,0,53,0.920598388952819,1,0.833500027656555,0,0,1,1,0
6263,0,57,18.4119677790564,0,26.6254997253418,0,1,0,1,0
6264,0,46,14.2151221823597,0,22.291500210762,0,1,0,1,0
6265,0,34,24.3301002794674,0,8.0834998190403,1,0,0,0,0
6266,0,31,16.662830840046,0,6.5,0,1,0,0,0
6267,0,60,26.3028111129377,0,27.4169998168945,1,0,0,0,0
6268,0,24,14.3843498273878,0,5.91649997234345,0,0,1,0,0
6269,0,60,24.0013151405557,0,34.3330001831055,0,1,0,0,0
6270,0,61,40.9154839534586,0,33.375,0,1,0,0,0
6271,0,39,14.7295742232451,0,15.625,0,1,0,1,0
6272,0,44,23.590333716916,0,18.9165000915527,1,0,0,0,1
6273,0,61,13.8089758342923,0,24.2085000276566,1,0,0,1,0
6274,0,58,22.7848101265823,0,34.5830001831055,0,0,1,0,0
6275,1,39,36.4054817449524,0,20.5830001831055,0,1,0,0,0
6276,0,56,15.4529015288509,0,27.0004997253418,0,1,0,1,0
6277,0,44,42.7420680585238,0,13.7504997253418,1,0,0,1,0
6278,1,41,16.7947003390041,0,15.25,1,0,0,0,0
6279,0,53,20.4335520791217,0,32.0415001809597,0,1,0,0,0
6280,0,34,23.590333716916,0,8.83300018310547,0,1,0,0,0
6281,0,58,45.4121494761068,0,24.3330001831055,1,0,0,0,0
6282,1,62,41.8296892980437,0,35.3334998190403,1,0,0,0,0
6283,0,45,9.20598388952819,1,11,0,1,0,1,0
6284,1,27,15.9334336549526,0,7.5,0,1,0,0,0
6285,0,59,17.2612197928654,0,25.5,0,1,0,0,0
6286,0,35,13.8089758342923,0,17.4169998168945,0,1,0,0,0
6287,0,43,11.0471806674338,0,17.7495001554489,0,1,0,1,1
6288,0,55,10.8170310701956,0,27.75,0,1,0,0,0
6289,0,24,16.6415862618394,0,0.833000004291534,0,1,0,0,1
6290,0,59,62.7502876869966,0,31,1,0,0,0,0
6291,0,43,23.0149597238205,0,20.8330001831055,0,1,0,0,0
6292,0,49,14.0966628308401,0,24.8334999084473,0,1,0,1,0
6293,0,62,6.90448791714615,0,25.75,0,1,0,1,0
6294,0,44,76.716532412735,0,19,1,0,0,0,0
6295,0,49,14.3843498273878,0,19.0834999084473,0,1,0,1,0
6296,0,43,12.0828538550058,0,19.8330001831055,0,1,0,0,0
6297,0,43,27.3302646720368,0,10.8330001831055,1,0,0,0,0
6298,0,41,11.9677790563867,0,8.04149985313416,0,1,0,1,0
6299,0,57,24.5492903720752,0,34,0,1,0,1,0
6300,0,41,15.343306482547,0,9.91650009155273,0,1,0,1,0
6301,0,63,29.0715280721943,0,44.5,0,1,0,0,0
6302,0,38,44.3037974683544,0,14.25,1,0,0,0,0
6303,1,37,20.1380897583429,0,14.833499789238,1,0,0,0,0
6304,0,33,18.4119677790564,0,11.3330001831055,0,1,0,0,0
6305,0,25,9.20598388952819,0,7,0,0,1,0,1
6306,1,57,22.4093028889831,0,38.3330001831055,0,1,0,0,0
6307,0,48,18.4119677790564,0,29.25,0,0,1,0,0
6308,0,42,9.20598388952819,1,15.9585000276566,1,0,0,1,1
6309,0,39,13.9528193325662,0,10.25,0,1,0,1,0
6310,0,56,11.8757192174914,0,30.3330001831055,1,0,0,1,0
6311,0,52,18.7753618799588,0,31.75,0,1,0,0,0
6312,0,64,0.920598388952819,1,31.7085000276566,1,0,0,0,0
6313,1,47,19.9866755496336,0,17.6669998168945,0,1,0,1,0
6314,0,58,42.9612581511316,0,14.5834999084473,1,0,0,1,0
6315,0,63,21.3101478924264,0,17.7915000915527,1,0,0,1,0
6316,0,61,46.029919447641,0,39.25,1,0,0,0,0
6317,0,61,37.3993095512083,0,39.25,0,1,0,0,0
6318,0,46,32.7963176064442,0,20.8330001831055,1,0,0,0,0
6319,1,27,9.20598388952819,0,3,0,1,0,1,0
6320,0,54,29.1286772299431,0,32.3330001831055,0,1,0,0,0
6321,1,60,7.37399309551208,0,36.1669998168945,1,0,0,1,0
6322,0,35,21.288837744534,0,13.5830001831055,1,0,0,0,0
6323,0,55,32.2209436133487,0,33.5,1,0,0,0,0
6324,0,37,23.0149597238205,0,11.4169998168945,1,0,0,0,1
6325,0,44,22.2258753904324,0,17.125,1,0,0,1,0
6326,1,36,9.86355416735164,0,7.66699981689453,0,0,1,1,0
6327,0,42,6.90448791714615,1,11,1,0,0,1,0
6328,0,29,23.0149597238205,0,2.12550002336502,1,0,0,1,1
6329,0,48,28.3261042754714,0,28.25,1,0,0,0,0
6330,0,31,17.4015549131326,0,9.45800018310547,1,0,0,0,0
6331,0,22,10.126582278481,1,2.29150009155273,0,1,0,1,0
6332,0,64,46.029919447641,0,36.1669998168945,1,0,0,0,0
6333,0,63,22.893828356853,0,43.1669998168945,0,1,0,0,0
6334,0,19,11.5074798619102,0,1.16649997234345,0,1,0,0,1
6335,0,34,4.6029919447641,1,0,0,0,1,1,1
6336,0,41,46.029919447641,0,16.8330001831055,0,1,0,0,0
6337,0,47,41.4269275028769,0,20.9165000915527,0,1,0,1,0
6338,0,59,20.1380897583429,0,41.1669998168945,0,1,0,0,0
6339,0,33,4.6029919447641,0,9.66699981689453,0,1,0,1,1
6340,0,53,61.373225930188,0,20.0830001831055,1,0,0,0,0
6341,0,39,17.2612197928654,0,9.91699981689453,0,1,0,1,0
6342,1,37,35.8010484592763,0,11.9169998168945,1,0,0,1,0
6343,0,56,12.6582278481013,0,25.625,0,1,0,1,0
6344,0,59,18.7440407693572,0,35.6669998168945,1,0,0,0,0
6345,0,50,20.001095950463,0,29.5,0,1,0,1,0
6346,0,58,18.8304215922168,0,33.6669998168945,1,0,0,0,0
6347,0,62,17.4913693901036,0,36.3330001831055,1,0,0,0,0
6348,0,60,6.90448791714615,1,19.0834999084473,0,1,0,1,0
6349,0,59,5.37015726889145,1,20.1245002746582,0,1,0,1,0
6350,1,58,27.6508301824758,0,30.625,1,0,0,1,0
6351,1,45,22.439585730725,0,22.1669998168945,1,0,0,0,0
6352,0,39,11.5074798619102,0,15.5830001831055,0,1,0,0,0
6353,1,19,5.75373993095512,0,0,0,0,1,1,1
6354,0,22,9.34982738780207,0,1.00050002336502,0,1,0,1,1
6355,1,42,15.6501726121979,0,23.8330001831055,0,1,0,0,0
6356,0,39,29.9194476409666,0,6.7495002746582,1,0,0,1,0
6357,0,26,15.2474108170311,0,1.25050002336502,1,0,0,1,1
6358,0,45,20.0643238617922,0,28.875,0,1,0,0,0
6359,0,47,18.0387522159674,0,29.5830001831055,0,1,0,0,0
6360,0,32,34.5224395857307,0,5.41700005531311,1,0,0,0,0
6361,0,30,14.7295742232451,0,3.66650009155273,0,1,0,1,0
6362,0,40,23.6050868962261,0,11,1,0,0,0,0
6363,0,50,3.15633733355252,0,12,1,0,0,1,0
6364,0,23,4.8331415420023,0,0.416500002145767,0,1,0,0,0
6365,0,56,28.6131931701552,0,37.25,0,1,0,0,0
6366,0,59,28.7686996547756,0,32.1669998168945,1,0,0,0,0
6367,0,55,18.2765856630339,0,22.4995002746582,0,1,0,1,0
6368,0,53,48.9067894131185,0,27.1669998168945,0,1,0,0,0
6369,0,32,10.996036312492,0,0.708500027656555,0,1,0,0,1
6370,0,58,14.3843498273878,0,25,1,0,0,1,0
6371,0,41,20.7134637514384,0,15.7915000915527,0,1,0,1,0
6372,0,43,6.90448791714615,0,12.9164999723434,0,1,0,0,0
6373,0,45,10.5744409541878,0,9.41650021076202,0,1,0,1,0
6374,0,48,29.3440736478711,0,20.0415000915527,1,0,0,0,0
6375,0,27,16.664074891923,0,8.08349999785423,0,1,0,1,0
6376,0,35,12.2746451860376,0,13.7084998190403,1,0,0,1,0
6377,0,35,6.90448791714615,0,3.125,0,0,1,1,0
6378,0,51,20.6544510341979,0,19.25,1,0,0,0,0
6379,1,24,10.5211244451751,0,0.208499997854233,0,1,0,1,1
6380,0,24,15.9826109193198,0,4,0,1,0,1,0
6381,0,18,3.45224395857307,0,0,0,0,1,1,1
6382,0,52,19.5627157652474,0,18.1665000915527,0,1,0,1,0
6383,0,60,24.2262733934953,0,38.25,0,1,0,0,0
6384,0,64,4.14269275028769,0,13,1,0,0,1,0
6385,1,61,14.9597238204833,0,43.5830001831055,0,1,0,0,0
6386,0,59,8.63060989643268,0,24.4165000915527,1,0,0,1,0
6387,0,40,10.9844125954598,0,11.2084999084473,0,1,0,1,0
6388,0,41,15.2842937653064,0,14.5830001831055,1,0,0,0,0
6389,1,33,28.7686996547756,0,3.75049990415573,0,1,0,0,0
6390,0,52,9.20598388952819,0,25.9165000915527,0,0,1,1,1
6391,0,56,10.3567318757192,0,1.54149997234345,0,1,0,1,0
6392,0,24,6.32911392405063,0,2,0,1,0,1,1
6393,0,39,51.7836593785961,0,14.1254997253418,0,1,0,1,0
6394,1,56,11.1136683288582,0,33.9169998168945,0,1,0,0,0
6395,0,41,28.7686996547756,0,21.25,1,0,0,0,0
6396,1,20,4.37284234752589,0,0,0,1,0,1,1
6397,0,28,15.8154082204715,0,7.75,0,1,0,0,0
6398,0,47,20.4577419767293,0,28.625,0,1,0,0,0
6399,1,40,10.3567318757192,0,12.541500210762,1,0,0,1,0
6400,0,52,15.343306482547,1,16.2915000021458,1,0,0,0,0
6401,1,50,4.21173762945915,1,4.16650000214577,0,1,0,1,0
6402,1,45,23.0149597238205,0,10.5830001831055,1,0,0,1,0
6403,0,49,9.20598388952819,1,15.2084999084473,0,0,1,1,0
6404,0,21,3.16455696202532,0,1,0,0,1,0,1
6405,0,35,13.684570646596,0,14.0004998445511,0,1,0,1,0
6406,0,46,31.0701956271577,0,19.8330001831055,1,0,0,0,0
6407,0,53,16.6858457997699,0,34.25,0,0,1,0,0
6408,1,22,4.78135788262371,0,0.5,0,0,1,0,1
6409,0,48,13.2336018411968,0,16.0415000915527,0,1,0,1,1
6410,0,27,6.50172612197929,0,1.875,0,1,0,0,1
6411,0,37,14.3843498273878,0,10.4165000021458,1,0,0,1,1
6412,0,32,24.2590116007838,0,6,1,0,0,0,0
6413,0,49,21.8347053790092,0,28.25,0,1,0,0,0
6414,0,39,22.5546605293441,0,11.5,0,1,0,1,0
6415,0,43,34.5224395857307,0,5.70799994468689,0,1,0,1,0
6416,1,62,13.9301072012598,0,44.5830001831055,0,1,0,0,0
6417,0,33,46.029919447641,0,2.66700005531311,1,0,0,0,0
6418,1,57,9.48216340621404,0,34.25,0,0,1,1,0
6419,0,23,10.3567318757192,0,4.37549981474876,0,0,1,0,1
6420,0,45,17.6626435089785,0,24.8330001831055,0,1,0,0,0
6421,0,55,24.7853412410375,0,32.75,0,1,0,0,0
6422,0,41,13.2336018411968,0,15.8330001831055,0,1,0,0,0
6423,1,63,15.343306482547,0,37.8330001831055,0,1,0,1,0
6424,0,50,18.1697050451214,0,29.75,1,0,0,0,0
6425,0,53,23.0149597238205,0,21.1665000915527,0,1,0,1,0
6426,0,55,13.2306512053348,0,18.9995002746582,0,1,0,1,0
6427,0,54,36.8239355581128,0,18.5,0,1,0,1,0
6428,0,40,26.3773892054226,0,20.25,1,0,0,1,0
6429,1,26,10.3567318757192,0,1.91649994254112,0,1,0,0,1
6430,0,40,5.17836593785961,0,10.8334999084473,0,1,0,1,0
6431,0,57,25.2603216480957,0,26,1,0,0,0,0
6432,1,39,15.5350978135788,0,16.3330001831055,1,0,0,0,0
6433,0,39,22.488038277512,0,15.9169998168945,1,0,0,0,0
6434,0,20,13.2336018411968,0,1.66700005531311,0,1,0,0,0
6435,0,56,18.8722669735328,0,29.1669998168945,1,0,0,0,0
6436,0,55,11.5074798619102,0,9.16650009155273,0,1,0,1,0
6437,0,24,12.0828538550058,0,1.5,0,0,1,0,1
6438,0,54,10.0115074798619,0,2.41650000214577,0,1,0,1,1
6439,0,53,31.7233228625634,0,21.75,1,0,0,1,0
6440,0,52,62.7680719740559,0,28.5,1,0,0,0,0
6441,0,51,13.0149597238205,0,27.25,0,0,1,0,0
6442,0,58,12.7860887354558,0,36.6254997253418,1,0,0,1,0
6443,0,44,43.8380185215628,0,21.3330001831055,1,0,0,0,0
6444,1,63,14.3843498273878,0,33.5,1,0,0,1,0
6445,1,64,6.1373225930188,1,34.5415001809597,0,1,0,1,0
6446,0,21,7.36478711162256,1,0.166500002145767,0,1,0,1,1
6447,0,59,6.44418872266974,0,35.3754997253418,1,0,0,1,0
6448,0,55,36.2485615650173,0,23.5,1,0,0,0,0
6449,0,59,3.68239355581128,0,39.3330001831055,0,1,0,0,0
6450,0,57,54.6605293440737,0,33.3330001831055,1,0,0,0,0
6451,0,35,19.7271083347033,0,12.9169998168945,0,1,0,0,1
6452,0,39,15.6501726121979,0,14.8335000276566,0,1,0,1,0
6453,0,44,9.76409666283084,0,20,0,0,1,0,1
6454,0,29,16.4392569455861,0,2.08350002765656,1,0,0,1,0
6455,1,56,12.6582278481013,0,18.75,0,1,0,0,1
6456,0,27,20.1380897583429,0,4.45850002765656,1,0,0,0,0
6457,1,61,14.137760973204,0,12.6245001852512,1,0,0,1,0
6458,1,50,13.0494821634062,0,24.4165000915527,0,1,0,0,0
6459,0,22,4.7180667433832,0,1.04149997234345,0,0,1,1,1
6460,0,46,6.3593967657925,0,2.54150009155273,0,1,0,1,1
6461,0,23,16.5235608273583,0,3.33350002765656,0,0,1,1,1
6462,0,48,8.63060989643268,0,11.125,0,0,1,1,0
6463,1,34,23.6918703039329,0,6.375,1,0,0,1,0
6464,1,44,10.644418872267,0,22.25,0,1,0,1,0
6465,0,61,55.2359033371692,0,40,1,0,0,1,0
6466,0,50,29.5863363818061,0,29.25,0,1,0,0,0
6467,0,23,7.23327305605787,0,0.333000004291534,0,1,0,0,1
6468,0,30,6.90448791714615,0,5.16650009155273,0,1,0,0,0
6469,0,60,30.3049482163406,0,33.1669998168945,1,0,0,0,0
6470,0,46,20.1380897583429,0,15.125,0,1,0,1,0
6471,0,30,17.2612197928654,0,5.5,0,1,0,0,0
6472,0,43,20.2158430006531,0,24.25,0,1,0,0,0
6473,0,50,10.9321058688147,0,25.1665000021458,0,0,1,0,1
6474,0,43,32.2209436133487,0,15.0834999084473,1,0,0,1,0
6475,0,47,15.4023191997876,0,20.3330001831055,0,1,0,1,0
6476,0,43,6.90448791714615,0,14.8330001831055,0,1,0,1,0
6477,0,58,9.41521079610838,0,20.9165000915527,0,1,0,1,0
6478,1,23,9.97314921365554,0,1.25,1,0,0,0,0
6479,1,32,19.3253739930955,0,9.75,0,1,0,0,0
6480,0,29,9.44203475849046,0,7,0,1,0,1,1
6481,0,62,30.3294016110472,0,17.625,1,0,0,1,0
6482,0,21,17.2612197928654,1,1.20850002765656,0,1,0,1,0
6483,0,51,14.7171337044755,0,23.3330001831055,0,1,0,1,0
6484,0,50,30.2828417418691,0,17.3334999084473,1,0,0,1,0
6485,0,53,30.2482327798784,0,27.5830001831055,1,0,0,1,0
6486,1,35,99.8849252013809,0,10.75,1,0,0,0,0
6487,0,36,12.8226204175571,0,16.1665000915527,0,0,1,1,0
6488,1,57,10.3567318757192,0,31.6669998168945,0,1,0,1,0
6489,0,61,3.45224395857307,0,23.2084999084473,0,1,0,1,0
6490,1,53,18.8550057537399,0,29.3334999978542,0,1,0,0,1
6491,1,26,11.2164083124619,0,1.70850002765656,1,0,0,1,1
6492,0,56,32.9673747395266,0,26.4169998168945,0,1,0,1,0
6493,0,43,26.2183933070009,0,23.5830001831055,0,1,0,0,1
6494,1,49,11.5074798619102,0,15.3334999084473,0,1,0,1,0
6495,0,61,51.7836593785961,0,36.8330001831055,0,1,0,0,0
6496,0,25,5.17836593785961,0,2.45849990844727,0,1,0,0,0
6497,0,55,12.1566197515565,0,22.5834999978542,0,1,0,0,0
6498,1,34,13.1514055564689,0,9.33300018310547,0,1,0,0,0
6499,1,46,21.1979892193083,0,21.0830001831055,1,0,0,1,0
6500,0,36,17.2612197928654,0,9.83300018310547,1,0,0,0,0
6501,0,35,24.1657077100115,0,8.91649997234345,1,0,0,0,0
6502,0,51,14.5357640360972,0,30.25,0,1,0,1,0
6503,0,62,8.63060989643268,0,39.833499789238,0,0,1,0,1
6504,1,29,10.126582278481,0,0.500499993562698,0,1,0,0,1
6505,0,45,16.4392569455861,0,7.875,0,1,0,1,0
6506,0,48,35.4076303443392,0,22.2495002746582,1,0,0,0,0
6507,0,58,20.1380897583429,0,13.25,0,1,0,0,0
6508,0,55,43.843498273878,0,27.1245001554489,1,0,0,0,0
6509,0,58,4.6029919447641,1,20.5834999084473,0,1,0,1,0
6510,0,21,15.9334336549526,0,1.16700005531311,0,1,0,0,1
6511,0,23,13.3244503664224,0,2.41700005531311,0,1,0,1,0
6512,0,20,4.14269275028769,0,1.41700005531311,0,0,1,0,1
6513,0,25,19.6087456846951,0,1.58299994468689,1,0,0,0,0
6514,0,24,3.83582662063675,0,0,0,0,1,0,1
6515,0,48,42.9612581511316,0,28,0,1,0,0,0
6516,0,54,11.8025434481131,0,35.25,0,0,1,0,0
6517,1,36,14.3843498273878,0,3.12550008296967,1,0,0,0,1
6518,0,43,16.6858457997699,0,9.74950003623962,0,1,0,1,0
6519,0,48,12.8883774453395,0,17.1665000915527,1,0,0,1,0
6520,0,34,13.2336018411968,0,8.5,1,0,0,0,0
6521,1,21,8.63060989643268,0,3.5,0,0,1,0,1
6522,0,52,27.5110964984383,0,13.3334999084473,0,1,0,1,0
6523,0,32,25.4968432183622,0,6.45850002765656,0,1,0,0,0
6524,0,36,13.0625447081143,0,17.2495001852512,0,0,1,0,0
6525,0,44,17.2612197928654,0,21.3330001831055,0,1,0,0,0
6526,0,28,11.0471806674338,0,5.625,1,0,0,1,0
6527,0,45,34.193654446819,0,12.3335000276566,1,0,0,0,0
6528,1,46,12.6582278481013,0,25.1669998168945,0,1,0,0,0
6529,0,35,10.3567318757192,1,6.5,0,1,0,1,0
6530,0,53,13.9084999844494,0,32.708499815315,0,1,0,1,0
6531,1,34,24.7853412410374,0,11.2084999084473,1,0,0,0,0
6532,0,41,14.9597238204833,0,10.4165000915527,0,1,0,1,0
6533,0,61,30.4948216340621,0,34.1665000915527,0,1,0,1,0
6534,0,53,92.0598388952819,0,30,1,0,0,0,0
6535,0,58,13.8089758342923,0,34,1,0,0,1,0
6536,0,49,24.1657077100115,0,29.5,0,1,0,0,0
6537,0,28,18.1562460043473,0,2.75,0,1,0,1,0
6538,0,63,59.8388952819333,0,29.375,1,0,0,1,0
6539,0,43,14.8753356348293,0,8.33349990844727,1,0,0,1,1
6540,0,57,26.5557227582544,0,29.6669998168945,1,0,0,0,0
6541,0,44,25.1072287896224,0,13.25,1,0,0,1,0
6542,1,25,14.9597238204833,0,3.75,0,1,0,0,0
6543,0,51,12.1131366967476,0,21.0419998168945,1,0,0,1,0
6544,1,60,34.1311852704258,0,38,1,0,0,0,0
6545,0,38,13.0897583429229,0,8.33300018310547,0,1,0,0,1
6546,0,26,11.0471806674338,0,1.20850002765656,1,0,0,1,1
6547,0,25,13.6272787838411,0,2.58299994468689,0,1,0,0,0
6548,0,60,18.0667433831991,0,16.25,0,0,1,1,0
6549,0,58,39.4542166694066,0,39.25,0,1,0,0,0
6550,0,26,8.78753007636782,0,0.541499972343445,1,0,0,0,0
6551,0,43,14.3843498273878,0,19.9584999084473,0,1,0,1,0
6552,0,45,35.308316259227,0,17.0830001831055,1,0,0,0,0
6553,0,34,28.9818011336999,0,3.04200005531311,1,0,0,1,0
6554,0,63,40.1187087396281,0,41.5830001831055,1,0,0,0,0
6555,1,56,8.44361334867664,0,10.7915000915527,0,0,1,1,0
6556,0,46,1.19677790563867,1,26,0,0,1,0,1
6557,0,32,21.0085273376413,0,10.0004997253418,1,0,0,1,1
6558,0,37,8.05523590333717,0,6.95800018310547,1,0,0,1,1
6559,0,26,13.5382116022473,0,1.83299994468689,0,1,0,0,0
6560,0,46,25.8918296892981,0,21.6254998445511,0,1,0,1,0
6561,1,25,13.8089758342923,0,3.41700005531311,0,1,0,0,0
6562,0,51,47.2101737924523,0,20.6669998168945,1,0,0,0,0
6563,1,43,15.1717037126764,0,12.0830001831055,0,1,0,0,0
6564,0,39,43.4727017005498,0,8.54150009155273,1,0,0,1,0
6565,0,46,26.8507863444572,0,11.1245002746582,1,0,0,1,0
6566,1,49,18.4119677790564,0,27.3330001831055,1,0,0,0,0
6567,1,61,10.3567318757192,0,39.5835000276566,1,0,0,1,0
6568,0,18,4.99666888740839,0,0.833500027656555,0,0,1,1,1
6569,0,32,6.52090525508247,0,4.16699999570847,1,0,0,0,1
6570,1,57,24.741081703107,0,33.6669998168945,1,0,0,1,0
6571,0,36,16.3527345406093,0,8.08299994468689,0,1,0,0,0
6572,0,49,41.8453813160372,0,16.5830001831055,1,0,0,0,0
6573,0,50,23.6206165586579,0,24.9169998168945,1,0,0,0,0
6574,1,35,11.6609129267357,0,8.16649997234345,1,0,0,1,0
6575,0,26,9.78135788262371,1,2.3335000872612,0,1,0,1,1
6576,0,34,13.2336018411968,0,13.1245001554489,1,0,0,0,0
6577,0,53,15.391254315305,0,24.3330001831055,0,1,0,0,0
6578,0,32,21.4806290755658,0,3.79149997234345,0,1,0,1,0
6579,0,61,13.4213554599964,0,33.3330001831055,0,1,0,0,0
6580,0,52,17.4913693901036,0,18.625,0,0,1,1,0
6581,1,42,26.3028111129377,0,10.2919998168945,1,0,0,1,0
6582,0,59,26.029919447641,0,41.8330001831055,1,0,0,0,0
6583,0,40,13.8089758342923,0,20.5830001831055,0,1,0,0,0
6584,1,50,26.4672036823936,0,27.0834999084473,0,1,0,0,0
6585,0,21,4.31530494821634,0,0.166500002145767,0,1,0,1,1
6586,0,50,57.5373993095512,0,13.7084999084473,1,0,0,1,0
6587,0,50,30.8400460299195,0,24.3330001831055,1,0,0,0,0
6588,0,50,22.2258753904324,0,30.3330001831055,0,1,0,0,0
6589,0,46,36.9883281275686,0,21.3330001831055,1,0,0,1,0
6590,1,45,32.2209436133487,0,11.6669998168945,1,0,0,0,1
6591,0,39,22.2957422324511,0,10.4165000915527,0,1,0,1,0
6592,0,51,12.2746451860376,0,13.125,0,1,0,0,1
6593,0,31,18.0387522159674,0,4.66649997234345,1,0,0,1,1
6594,0,20,2.95906625020549,0,0.333499997854233,0,1,0,1,0
6595,0,48,25.8918296892981,0,19.6669998168945,1,0,0,1,0
6597,0,53,9.20598388952819,0,22.0004998147488,0,1,0,0,0
6598,0,28,32.5540548725092,0,4.08300018310547,1,0,0,0,0
6599,0,37,8.63060989643268,0,9.20849990844727,0,1,0,1,0
6600,0,40,19.1791331031837,0,11.2084999084473,1,0,0,1,0
6601,1,33,12.1131366967476,0,5.49950003623962,0,1,0,1,0
6602,0,62,23.2779878349499,0,36.3334999084473,1,0,0,1,0
6603,0,33,25.257442978962,0,12.1669998168945,0,1,0,0,0
6604,0,54,23.0149597238205,0,14.2084999084473,0,1,0,1,0
6605,0,53,49.6786325745881,0,27.9169998168945,1,0,0,0,0
6606,0,60,17.2612197928654,0,29.5,0,1,0,1,0
6607,0,43,25.1726121979287,0,23.9169998168945,0,1,0,1,0
6608,1,26,11.7376294591484,0,7.41699981689453,0,1,0,1,0
6609,0,52,12.7860887354558,0,11.5415000915527,0,1,0,1,1
6610,0,42,30.686612965094,0,11.0415000915527,1,0,0,1,0
6611,0,30,47.180667433832,0,7.66699981689453,1,0,0,0,0
6612,1,49,9.39777522056003,0,24.9585000276566,0,1,0,0,0
6613,0,24,12.6582278481013,0,1.99949991703033,0,1,0,1,0
6614,1,49,13.8089758342923,0,27.1669998168945,0,1,0,0,0
6615,0,54,17.113687999764,0,32.5830001831055,0,1,0,0,0
6616,1,49,31.4941554115438,0,23.5830001831055,0,1,0,0,0
6617,0,27,18.7753618799588,0,8.66699981689453,0,1,0,0,0
6618,0,62,18.8840695169809,0,39.4169998168945,0,1,0,0,0
6619,0,25,27.6179516685846,0,3,1,0,0,1,0
6620,1,43,26.3028111129377,0,13.208499789238,1,0,0,1,0
6621,0,54,25.3164556962025,0,33.75,1,0,0,0,0
6622,0,55,4.06049646555976,1,7.29150009155273,1,0,0,0,0
6623,0,43,21.5765247410817,0,15.8330001831055,1,0,0,0,0
6624,0,42,19.5627157652474,0,18.0830001831055,0,1,0,0,1
6625,1,29,14.3843498273878,0,6.41699981689453,0,1,0,0,0
6626,0,56,34.5224395857307,0,28.2080001831055,1,0,0,0,0
6627,0,40,16.800920598389,0,10.7084999978542,0,1,0,1,1
6628,0,56,27.3302646720368,0,19.6665000915527,0,1,0,1,0
6629,0,53,12.6582278481013,0,26.9164999723434,0,1,0,1,0
6630,0,24,4.67779056386651,0,3,0,0,1,0,0
6631,1,41,17.7543975012329,0,9.25,1,0,0,1,0
6632,0,40,20.1380897583429,0,20.1669998168945,1,0,0,1,0
6633,0,53,13.8089758342923,0,14,0,0,1,0,0
6634,1,32,14.4665461121157,0,4.91649997234345,0,1,0,1,0
6635,0,34,12.4856156501726,0,11.25,1,0,0,0,1
6636,1,51,17.2612197928654,0,15.25,0,1,0,1,0
6637,0,39,74.7986191024166,0,7.16649997234345,0,1,0,1,0
6638,0,24,13.1514055564689,0,1.66649997234345,0,1,0,1,0
6639,0,44,41.9201052112444,0,7.875,1,0,0,1,0
6640,0,49,10.3567318757192,0,9.25,0,0,1,0,0
6641,1,43,12.6582278481013,0,23,0,1,0,0,0
6642,0,52,62.2025938481635,0,18.8330001831055,1,0,0,0,0
6643,0,56,28.1293952180028,0,36.1669998168945,1,0,0,0,0
6645,0,43,7.47986191024166,0,16.9169998168945,0,0,1,1,1
6646,0,43,21.341144471179,0,23.3330001831055,0,1,0,0,0
6647,0,25,21.8642117376295,0,3.24950003623962,1,0,0,0,0
6648,0,62,26.3713080168776,0,40.25,1,0,0,1,0
6649,1,40,16.1104718066743,0,10.75,0,1,0,0,0
6650,1,44,10.7403145377829,0,11,1,0,0,1,1
6651,1,32,17.2612197928654,0,5.875,1,0,0,0,0
6652,0,36,23.0149597238205,0,3.375,1,0,0,1,0
6653,1,29,6.17474529175672,0,8.5,1,0,0,0,1
6654,0,50,22.439585730725,0,25.5,0,1,0,0,0
6655,1,31,20.7134637514384,0,8.83299994468689,1,0,0,1,0
6656,1,45,11.5074798619102,0,13.5830001831055,0,1,0,0,0
6657,1,29,32.3914247964881,0,6.45850014686585,1,0,0,1,0
6658,0,39,13.0418105101649,0,16.9584999084473,0,0,1,0,0
6659,1,41,21.3710340292619,0,7.25,1,0,0,1,0
6660,1,47,15.5350978135788,0,16.2915000915527,0,1,0,1,0
6661,0,51,11.5074798619102,1,17.5834999084473,0,1,0,1,0
6662,0,33,24.7853412410375,0,9,1,0,0,1,0
6663,0,56,10.0690448791715,0,23.5004997253418,0,1,0,1,0
6664,0,61,11.5074798619102,0,41.1669998168945,0,1,0,0,0
6665,1,47,8.28538550057538,0,8.75,0,1,0,1,0
6666,1,50,14.9597238204833,0,12.3754997253418,0,1,0,1,0
6667,0,63,21.8642117376295,0,31.4169998168945,1,0,0,1,0
6668,0,50,17.011891062524,0,18.2915000915527,1,0,0,1,1
6669,0,28,13.8089758342923,0,4.16699981689453,0,1,0,1,0
6670,0,51,23.0149597238205,0,32.3330001831055,0,1,0,0,0
6671,0,55,15.7268891446107,0,20.4169998168945,1,0,0,1,1
6672,0,50,24.2262733934953,0,31.3330001831055,0,1,0,0,0
6673,0,36,14.7953312510275,0,6.58300018310547,1,0,0,0,0
6674,0,43,21.0970464135021,0,12.0415000915527,0,1,0,1,0
6675,0,22,66.7433831990794,0,1.99949997663498,0,1,0,1,1
6676,0,48,18.8304215922168,0,22,1,0,0,0,0
6677,0,19,12.3494905835134,0,0.541999995708466,0,0,1,0,1
6678,0,49,6.32911392405063,0,27.75,0,0,1,0,0
6679,0,43,21.4806290755658,0,12.7504997253418,0,1,0,1,0
6680,0,38,27.6179516685846,0,10.1669998168945,1,0,0,1,0
6681,0,47,14.3843498273878,0,15.9165000915527,1,0,0,1,0
6682,0,23,9.20598388952819,0,1.33299994468689,0,0,1,0,0
6683,1,42,14.3843498273878,0,22.3330001831055,0,1,0,0,0
6684,0,34,1.15074798619102,1,1.54149997234345,0,1,0,1,1
6685,0,31,12.6582278481013,0,12.4169998168945,1,0,0,0,0
6686,0,52,80.5523590333717,0,34.5830001831055,1,0,0,0,0
6687,0,48,8.21962847279303,0,16,1,0,0,1,0
6688,1,42,19.7271083347033,0,19.5,0,1,0,0,0
6689,1,52,8.74568469505178,0,17.4169998168945,0,1,0,1,0
6690,0,42,29.0715280721943,0,24.375,1,0,0,1,0
6691,0,19,12.9108310645822,0,0.666999995708466,0,1,0,1,0
6692,0,52,13.4253931722286,0,8.41650009155273,0,1,0,1,0
6693,1,55,25.3164556962025,0,26,1,0,0,1,0
6694,1,20,10.3567318757192,0,0.25,0,1,0,0,0
6695,0,33,12.2823168392789,0,7.04150009155273,0,0,1,1,1
6696,0,50,21.8642117376295,0,23.3330001831055,0,0,1,0,0
6697,1,44,15.5350978135788,0,21.5830001831055,0,1,0,0,0
6698,0,39,9.20598388952819,0,13.5830001831055,0,1,0,1,0
6699,0,55,11.5074798619102,0,17.5419998168945,0,1,0,1,0
6700,0,57,19.7161488300729,0,32.1664999723434,1,0,0,0,0
6701,0,25,4.6029919447641,0,3.75,0,1,0,0,1
6702,0,55,36.8239355581128,0,30.6669998168945,0,1,0,0,0
6703,0,62,46.029919447641,0,43,0,1,0,0,0
6704,0,21,14.1420870934529,0,0.416999995708466,0,1,0,1,0
6705,1,48,13.5212888377445,0,30.3330001831055,0,1,0,0,0
6706,0,22,5.17836593785961,0,0.25,0,1,0,0,1
6707,0,38,16.1104718066743,0,12.3330001831055,1,0,0,0,0
6708,0,37,18.4119677790564,0,5.25,0,0,1,1,0
6709,0,47,21.1979892193083,0,16.791500210762,0,1,0,0,0
6710,0,24,16.3981588032221,0,3,0,1,0,1,0
6711,0,25,11.0471806674338,1,1.79149997234345,1,0,0,0,0
6712,1,56,14.9597238204833,0,32.4169998168945,0,1,0,0,0
6713,0,36,39.2942079018028,0,11.9169998168945,1,0,0,0,0
6714,0,36,14.3843498273878,0,15.5830001831055,0,1,0,0,0
6715,0,57,21.4806290755658,0,30.625,0,1,0,0,0
6716,0,24,3.72842347525892,0,0,0,1,0,1,1
6717,0,57,11.5074798619102,0,21.625,0,1,0,1,0
6718,0,48,44.3794180503041,0,26.3330001831055,1,0,0,0,0
6719,1,62,9.78135788262371,0,36.5830001831055,0,1,0,1,0
6720,0,58,23.0149597238205,0,40.3330001831055,0,1,0,0,0
6721,0,52,76.716532412735,0,21.3330001831055,1,0,0,0,0
6722,1,44,23.0149597238205,0,25,0,1,0,0,1
6723,0,41,20.1380897583429,0,21.6669998168945,0,0,1,0,0
6724,0,57,28.275521946408,0,33.8330001831055,0,1,0,1,1
6725,0,49,22.174913693901,0,28.3330001831055,0,1,0,0,0
6726,0,31,11.5074798619102,0,1.08350002765656,1,0,0,1,1
6727,1,21,10.644418872267,0,0,0,1,0,0,0
6728,0,38,23.0149597238205,0,16.2085000276566,1,0,0,1,0
6729,0,39,12.5536143948112,0,9.54199981689453,0,1,0,1,0
6730,0,57,24.8561565017261,0,15.7914998531342,0,1,0,1,0
6731,0,62,26.6489007328448,0,38.3330001831055,1,0,0,0,0
6732,0,46,18.6996547756041,0,7.5,0,1,0,1,0
6733,0,50,30.686612965094,0,13.125,1,0,0,1,0
6734,0,48,17.2612197928654,0,30.3330001831055,0,1,0,1,0
6735,0,28,20.1587442093771,0,0.916500002145767,1,0,0,0,1
6736,0,55,3.94542166694066,0,23.1664999723434,1,0,0,0,0
6737,0,63,34.5224395857307,0,44.5,0,1,0,0,0
6738,1,38,17.4355755483489,0,18,0,1,0,1,0
6739,0,31,19.0379746835443,0,4.12449991703033,0,1,0,1,0
6740,0,61,24.7853412410375,0,36.1669998168945,0,1,0,0,0
6741,1,52,10.126582278481,0,24.1665000915527,0,1,0,1,0
6742,0,35,20.1380897583429,0,15,0,1,0,0,0
6743,1,21,4.70080552359034,0,0,0,0,1,0,1
6744,0,37,13.8089758342923,0,11.25,0,1,0,0,0
6745,1,59,74.7986191024166,0,30.3330001831055,1,0,0,0,0
6746,0,60,25.6452408351143,0,35.5830001831055,1,0,0,0,0
6747,0,49,18.4119677790564,0,25,0,1,0,0,0
6748,0,55,12.4664365170694,0,36.0830001831055,0,1,0,0,0
6749,0,46,9.47997150528796,0,17.0415000915527,0,1,0,0,0
6750,0,33,12.9827977929244,0,7,0,1,0,1,0
6751,1,32,13.6212222154927,0,6.5,0,1,0,1,0
6752,0,28,15.343306482547,0,8.70849999785423,0,0,1,0,1
6753,0,54,14.9290372075182,0,30.9169998168945,0,1,0,0,0
6754,0,42,6.45419522689748,0,15.375,0,1,0,1,0
6755,0,35,12.6582278481013,0,2.25,0,1,0,0,1
6756,0,24,17.2612197928654,0,6.33300018310547,0,1,0,0,0
6757,1,54,16.1104718066743,0,31.9169998168945,0,1,0,0,0
6758,1,28,12.2746451860376,0,3.25,0,1,0,1,0
6759,0,41,15.343306482547,0,16.2495002746582,0,1,0,0,0
6760,0,46,12.6582278481013,0,7.33349990844727,1,0,0,1,0
6761,0,64,20.6544510341979,0,35.3745002746582,1,0,0,1,0
6762,0,36,28.7686996547756,0,10,1,0,0,0,0
6763,0,41,19.9866755496336,0,21.1669998168945,0,1,0,0,0
6764,0,21,3.02482327798784,0,0,0,1,0,1,1
6765,1,58,22.439585730725,0,34.3330001831055,1,0,0,0,0
6766,0,49,12.6582278481013,0,14.3330001831055,1,0,0,0,1
6767,0,50,8.18309679069173,0,11.1669998168945,1,0,0,1,0
6768,0,52,14.7953312510275,0,11.2084999084473,0,1,0,1,0
6769,0,64,37.4815058359362,0,45.3330001831055,0,1,0,0,0
6770,0,40,52.0864877960148,0,17.0415000915527,1,0,0,1,0
6771,0,52,34.5224395857307,0,10.4165000915527,1,0,0,1,0
6772,0,42,34.5224395857307,0,11.6669998168945,1,0,0,1,0
6773,0,46,18.7054085155351,0,7.125,1,0,0,1,0
6774,0,56,9.86355416735164,0,26,0,1,0,1,0
6775,0,34,21.8642117376295,0,3.58349990844727,1,0,0,0,0
6776,1,33,13.9301072012598,0,11.1669998168945,0,1,0,0,0
6777,0,50,30.9058030577018,0,15.7084999084473,1,0,0,1,0
6778,0,34,19.8504027617952,0,10,0,1,0,1,1
6779,1,32,20.3298810893748,0,10.125,1,0,0,0,0
6780,1,28,9.33038907722452,0,7.41699981689453,0,1,0,1,0
6781,0,54,24.5492903720752,0,30.3330001831055,1,0,0,0,0
6782,0,39,0.724971231300345,1,0,0,0,1,1,1
6783,1,38,10.9321058688147,0,12.5,0,1,0,0,1
6784,0,25,9.6905093573981,0,4.66700005531311,0,1,0,1,1
6785,1,42,13.1514055564689,0,9.25,1,0,0,1,0
6786,0,54,34.2265329607102,0,11.1665000915527,1,0,0,1,1
6787,0,40,12.4280782508631,0,20.5,0,0,1,0,0
6788,0,39,25.2316637393253,0,9.875,1,0,0,1,0
6789,0,52,16.7381525264149,0,27.1669998168945,0,1,0,1,0
6790,0,31,26.4343251685024,0,5.20800000429153,1,0,0,1,1
6791,0,54,23.0149597238205,0,29.5830001831055,1,0,0,0,0
6792,0,47,15.343306482547,0,12.9164998531342,1,0,0,1,0
6793,1,63,92.0598388952819,0,38,1,0,0,0,0
6794,1,45,9.20598388952819,1,12.9165000915527,1,0,0,1,0
6795,0,30,18.1169041928536,0,6.5,0,1,0,1,0
6796,1,41,12.6582278481013,0,9.66699981689453,0,1,0,0,0
6797,1,57,22.4108170310702,0,24.7495002746582,1,0,0,1,0
6798,0,57,13.8089758342923,0,32,0,1,0,0,0
6799,1,53,29.9194476409666,0,26,1,0,0,0,0
6800,0,58,16.1477933629832,0,21.75,0,1,0,0,0
6801,0,47,17.9631760644419,0,15.2504998445511,1,0,0,1,0
6802,0,55,38.1390761137597,0,29.75,1,0,0,0,0
6803,0,59,90.9263521288838,0,30.6669998168945,1,0,0,0,0
6804,0,42,2.30149597238205,1,21,0,1,0,1,1
6805,1,47,19.5278446141507,0,26.25,0,0,1,0,0
6806,0,35,21.288837744534,0,6.04199981689453,1,0,0,0,0
6807,1,47,16.5235608273583,0,21.7915000915527,0,1,0,1,0
6808,0,52,23.7821250479478,0,28.0415000915527,0,1,0,1,0
6809,0,60,12.2266973532796,0,19.6665000915527,0,1,0,1,0
6810,0,25,13.57292496533,0,1.83349999785423,0,1,0,1,1
6811,0,56,18.4119677790564,0,28.4169998168945,0,1,0,1,0
6812,0,31,11.2197928653625,0,8.25,0,0,1,0,1
6813,0,34,10.3567318757192,0,8.75,0,0,1,0,1
6814,0,53,18.7753618799588,0,27.583499789238,1,0,0,0,0
6815,0,41,5.75373993095512,0,15.5835000276566,0,1,0,0,0
6816,1,59,11.5074798619102,0,9.91699981689453,0,1,0,1,1
6817,0,36,16.1104718066743,0,18,0,1,0,0,0
6818,0,46,14.3843498273878,0,8.75,1,0,0,1,0
6819,1,33,5.75373993095512,0,7.91699981689453,1,0,0,1,1
6820,1,31,13.2336018411968,0,6.41699981689453,0,1,0,0,0
6821,1,51,7.23327305605787,0,13.0420000553131,0,1,0,0,0
6822,0,61,9.5512082853855,1,15.375,0,1,0,1,0
6823,0,28,10.4914535911757,0,7.87450015544891,1,0,0,0,0
6824,0,50,63.981588032221,0,26.9169998168945,1,0,0,1,0
6825,1,45,13.8089758342923,0,12.3754998445511,0,1,0,1,0
6826,0,19,0.575373993095512,1,0,0,0,1,1,1
6827,1,49,15.7470777057719,0,25.5830001831055,1,0,0,0,1
6828,0,53,26.6110471806674,0,26.625,1,0,0,1,0
6829,0,42,9.51285001917913,0,11.6665000915527,0,0,1,1,0
6830,0,58,23.0149597238205,0,39.0830001831055,1,0,0,1,0
6831,0,49,16.7381525264149,0,29.75,0,1,0,1,0
6832,1,24,13.8089758342923,0,3.33299994468689,0,1,0,0,0
6833,0,28,13.8089758342923,0,5.25,0,0,1,0,0
6834,0,31,11.5074798619102,0,7,0,0,1,0,1
6835,0,58,12.0828538550058,0,23.125,0,1,0,1,0
6836,0,56,11.5074798619102,0,36.3330001831055,0,1,0,0,0
6837,0,21,26.4672036823936,1,0.958500027656555,0,1,0,0,1
6838,0,43,63.2911392405063,0,27.9169998168945,1,0,0,0,0
6839,0,48,17.4167262774858,0,11.5830001831055,1,0,0,1,0
6840,0,52,23.8518673501412,0,25.4169998168945,0,1,0,0,0
6841,0,47,9.86355416735164,0,9.41699981689453,0,1,0,1,0
6842,0,50,13.5212888377445,0,26.8330001831055,0,1,0,0,0
6843,0,43,34.2117376294592,0,19.5004998445511,1,0,0,1,0
6844,0,20,5.06934770758888,0,0,0,0,1,1,1
6845,0,39,19.1583989052344,0,6.70849990844727,1,0,0,1,0
6846,0,26,9.6662830840046,0,3.37549990415573,1,0,0,1,1
6847,1,49,32.0937556780328,0,25.1669998168945,1,0,0,0,0
6848,0,42,39.5857307249712,0,10.0415000915527,1,0,0,1,0
6849,0,41,11.3863484949428,0,16.6669998168945,0,0,1,0,0
6850,0,31,16.9583913754467,0,6.83300018310547,0,1,0,1,0
6851,1,53,5.21093427709143,0,29.5,1,0,0,1,0
6852,0,60,33.3716915995397,0,33.5,1,0,0,0,1
6853,1,52,15.5907791677494,0,18,0,1,0,1,0
6854,1,46,19.8765561251177,0,20,0,1,0,0,0
6855,0,41,23.0149597238205,0,6,0,0,1,0,0
6856,0,47,12.945914844649,0,22.9584999084473,0,1,0,1,0
6857,0,40,14.3843498273878,0,17.4169998168945,0,0,1,0,0
6858,1,40,17.0526467203682,0,3.625,0,1,0,1,1
6859,0,58,15.5506484620409,0,37.9169998168945,0,1,0,0,0
6860,0,27,29.1632418214697,0,3,1,0,0,0,0
6861,1,36,18.4119677790564,0,11.875,1,0,0,1,1
6862,0,51,23.6050868962261,0,29.6669998168945,0,1,0,0,0
6863,0,55,13.2500410981424,0,24.6669998168945,0,1,0,1,0
6864,0,44,16.3527345406093,0,12.3330001831055,0,1,0,1,0
6865,1,29,27.6179516685846,0,2.54149997234345,0,1,0,0,0
6866,0,44,27.8097429996164,0,12.7915000915527,1,0,0,0,0
6867,1,54,11.5074798619102,0,25.3330001831055,1,0,0,0,0
6868,0,51,46.5778946791605,0,31,1,0,0,0,0
6869,1,49,16.6858457997699,0,10.5830001831055,1,0,0,1,0
6870,0,30,10.644418872267,0,6.08300018310547,0,0,1,0,0
6871,0,49,17.5996750829216,0,24.6665000915527,0,1,0,1,0
6872,0,20,2.87686996547756,0,0,0,0,1,1,1
6873,0,39,21.7709078468572,0,12.9995002746582,0,1,0,1,0
6874,0,24,10.9595046303907,0,1.58299994468689,0,1,0,0,0
6875,0,57,9.41521079610838,0,29.6664999723434,0,0,1,0,0
6876,1,56,20.1380897583429,0,38.1669998168945,0,1,0,1,0
6877,0,56,12.6582278481013,0,35,0,1,0,0,0
6878,0,56,50.0325211387402,0,32,1,0,0,0,0
6879,0,20,6.88476080881144,0,0,0,1,0,0,1
6880,0,23,13.8089758342923,0,1.83299994468689,0,1,0,1,0
6881,0,38,20.7134637514384,0,1,0,0,1,1,1
6882,0,29,18.6996547756041,0,3.33350002765656,1,0,0,1,1
6883,0,49,40.2761795166859,0,28.9169998168945,0,1,0,0,0
6884,0,59,26.8507863444572,0,16.9584999084473,1,0,0,1,0
6885,1,57,16.1104718066743,0,36.1669998168945,0,1,0,0,0
6886,0,46,23.0149597238205,0,16.4584999084473,0,1,0,1,0
6887,0,26,13.6708860759494,0,3.16700005531311,0,0,1,1,0
6888,0,52,37.3993095512083,0,33.6669998168945,0,1,0,0,0
6889,0,38,23.590333716916,0,12.8334999084473,1,0,0,0,0
6890,0,52,65.7570277823442,0,26.6669998168945,0,1,0,0,0
6891,0,23,1.29650939777522,1,1.08350002765656,0,0,1,0,1
6892,0,50,26.6973532796318,0,30.1669998168945,0,1,0,0,0
6893,0,51,13.57292496533,0,18.8330001831055,1,0,0,0,0
6894,0,45,23.0149597238205,0,16.5834999084473,1,0,0,1,0
6895,0,56,9.41521079610838,0,14.6665000915527,0,0,1,1,0
6896,0,22,16.6858457997699,0,5.0415001809597,0,1,0,0,0
6897,0,57,12.0828538550058,0,37.7915000915527,1,0,0,1,0
6898,0,21,13.3244503664224,0,0.25,0,1,0,1,0
6899,0,39,5.12082853855006,0,19.6669998168945,0,1,0,1,1
6900,0,44,10.9321058688147,0,27.5,0,0,1,0,0
6901,1,22,13.1514055564689,0,1.08300000429153,0,1,0,1,0
6902,0,51,29.6771849070317,0,25.5830001831055,1,0,0,1,0
6903,0,52,21.8642117376295,0,20.75,1,0,0,0,0
6904,0,30,25.8918296892981,0,5.5,1,0,0,1,0
6905,0,61,38.3582662063675,0,21.2915000915527,0,1,0,1,0
6906,1,38,13.3840842701602,0,16.3745001554489,1,0,0,1,0
6907,0,49,10.644418872267,0,20.0830001831055,0,1,0,1,0
6908,0,26,10.2288709883647,1,2.16700005531311,1,0,0,1,0
6909,0,38,20.4577419767293,0,10.75,0,1,0,1,0
6910,0,41,17.2612197928654,0,11.7915000915527,1,0,0,1,0
6911,1,42,19.7271083347033,0,8.25,0,1,0,1,0
6912,0,51,21.6219490036945,0,27.3330001831055,0,1,0,0,0
6913,0,46,17.2612197928654,0,8.79150009155273,1,0,0,1,0
6914,0,26,11.4269275028769,0,5.33300018310547,0,0,1,0,1
6915,0,45,18.2201764480246,0,20.4169998168945,0,1,0,0,1
6916,0,50,14.1630521377357,0,24,1,0,0,0,0
6917,1,60,31.6455696202532,0,33.6669998168945,1,0,0,0,0
6918,0,25,6.1373225930188,1,1.16649997234345,0,1,0,0,0
6919,0,55,45.4242626128036,0,26.5830001831055,1,0,0,0,0
6920,0,51,11.5074798619102,0,11.7915000915527,0,1,0,1,0
6921,0,33,17.2612197928654,0,7.66699981689453,1,0,0,1,0
6922,0,22,18.0387522159674,0,2.74949991703033,0,1,0,0,0
6923,1,41,20.4526275412351,0,18.5834998190403,0,1,0,1,0
6924,0,56,18.7407529179681,0,31.0419998168945,0,1,0,1,0
6925,0,41,50.2144575792447,0,21,0,1,0,0,0
6926,0,64,32.4569944823109,0,42.3330001831055,1,0,0,0,0
6927,0,37,16.9735327963176,0,11.3330001831055,1,0,0,0,0
6928,0,46,37.3993095512083,0,11.8330001831055,1,0,0,1,0
6929,0,20,6.33517049239901,0,0.291500002145767,0,1,0,1,1
6930,0,48,10.3567318757192,0,24.25,0,1,0,0,0
6931,1,37,102.288709883647,0,17,0,0,1,0,0
6932,0,18,3.0686612965094,1,0.416999995708466,0,0,1,0,0
6933,0,30,12.2746451860376,0,5.74950003623962,0,0,1,1,0
6934,0,64,25.8918296892981,0,38.5,1,0,0,0,0
6935,0,59,14.0646976090014,0,24.6665000915527,0,1,0,1,0
6936,0,46,21.4806290755658,0,20.25,0,1,0,1,0
6937,0,49,9.41521079610838,0,7.25,0,1,0,1,0
6938,0,58,27.3302646720368,0,36.25,0,1,0,0,0
6939,1,44,18.4119677790564,0,14.625,0,1,0,1,0
6940,0,57,31.9652218386396,0,37.1669998168945,1,0,0,0,0
6941,0,60,10.3567318757192,0,33.0004997253418,0,1,0,0,1
6942,0,53,76.716532412735,0,23.6669998168945,1,0,0,0,0
6943,0,27,16.0471806674338,0,7.33300018310547,0,1,0,0,0
6944,0,51,9.99333777481679,0,25.4169998168945,0,1,0,0,0
6945,0,42,10.9844125954598,0,16.25,0,0,1,0,0
6946,1,40,4.98657460682777,1,10.2504999041557,0,1,0,0,1
6947,0,28,15.1414208709345,0,7.5,1,0,0,1,0
6948,0,59,25.3348676639816,0,34,1,0,0,0,0
6949,0,42,15.343306482547,0,18.8330001831055,0,1,0,0,0
6950,0,53,46.029919447641,0,25,1,0,0,0,0
6951,0,57,42.3219537143588,0,22.7915000915527,0,1,0,1,0
6952,1,32,8.63060989643268,0,10.25,0,0,1,0,1
6953,0,52,31.9652218386396,0,25.1669998168945,1,0,0,0,0
6954,0,43,7.76754890678941,0,6.33299994468689,0,0,1,1,1
6955,0,52,23.0149597238205,0,17.5415000915527,1,0,0,1,0
6956,0,46,12.8883774453395,0,14.5415000915527,0,1,0,1,0
6957,1,29,142.692750287687,0,1.58349996805191,1,0,0,0,0
6958,0,57,17.6064441887227,0,18.9165000915527,0,1,0,1,0
6959,0,55,21.7709078468572,0,36.25,0,1,0,0,0
6960,0,55,17.2612197928654,0,37.1669998168945,0,1,0,0,0
6961,1,37,38.1390761137597,0,8.08349978923798,1,0,0,0,0
6962,0,46,29.0715280721943,0,20.7084999084473,1,0,0,1,0
6963,0,46,22.4248325514148,0,14.125,1,0,0,1,0
6964,0,32,3.83582662063675,1,1.125,0,0,1,1,0
6965,0,18,3.88952819332566,0,0,0,0,1,1,1
6966,0,19,8.51553509781358,1,0.416500002145767,0,0,1,0,0
6967,0,27,23.0149597238205,0,1.5,1,0,0,0,0
6968,0,37,6.73608577282551,0,9.04150021076202,0,1,0,1,0
6969,0,45,18.4119677790564,0,21.9164999723434,0,0,1,1,0
6970,0,30,15.5506484620409,0,6.5,1,0,0,1,0
6971,0,52,35.9977575167449,0,27.25,1,0,0,0,0
6972,0,50,33.3716915995397,0,9.29150009155273,1,0,0,1,0
6973,0,52,16.7947003390041,0,19.5834999084473,0,1,0,1,0
6974,0,55,28.7686996547756,0,29.9169998168945,1,0,0,0,0
6975,0,63,13.8089758342923,0,37.4169998168945,0,1,0,0,0
6976,1,33,21.1979892193083,0,13.5830001831055,0,1,0,0,0
6977,0,61,17.7038151721696,0,30.5,0,1,0,1,0
6978,0,46,31.0701956271577,0,20.3330001831055,1,0,0,0,0
6979,0,40,34.3728423475259,0,17.25,1,0,0,0,0
6980,0,44,34.741081703107,0,22.3330001831055,1,0,0,0,0
6981,0,51,19.0855763563389,0,16.5830001831055,1,0,0,1,0
6982,0,47,41.4269275028769,0,22.75,0,1,0,0,0
6983,0,58,13.2336018411968,0,36.4169998168945,1,0,0,0,0
6984,1,35,22.439585730725,0,5.25,1,0,0,1,1
6985,0,21,23.0149597238205,0,0.833000004291534,0,1,0,0,0
6986,0,50,12.6582278481013,0,9.70849990844727,0,1,0,1,0
6987,0,35,28.7686996547756,0,15,0,1,0,1,0
6988,0,38,69.0448791714615,0,14.2084999084473,1,0,0,0,0
6989,0,24,14.5357640360972,0,2.75,0,1,0,0,0
6990,0,50,32.4392906671388,0,25.5,1,0,0,0,0
6991,0,63,14.3843498273878,1,19.375,0,1,0,0,1
6992,0,53,38.3582662063675,0,26.8330001831055,1,0,0,0,0
6993,0,25,13.6272787838411,0,5.41699981689453,1,0,0,1,0
6994,0,49,9.20598388952819,0,17.9584999084473,0,1,0,1,0
6995,0,48,12.4664365170694,0,18.5004997253418,0,1,0,1,0
6996,0,48,17.692750287687,0,16.3334999084473,0,1,0,1,0
6997,0,31,26.0874568469505,0,13.25,0,1,0,0,0
6998,0,40,13.2336018411968,0,10.4584999084473,0,1,0,1,0
6999,0,32,14.9597238204833,0,5,0,1,0,1,0
7000,0,56,29.751045496646,0,21.75,1,0,0,1,0
7001,0,54,19.0855763563389,0,34,0,1,0,0,0
7002,0,36,20.1380897583429,0,14,0,1,0,1,0
7003,0,40,21.8642117376295,0,14.625,1,0,0,1,0
7004,0,53,27.6179516685846,0,32.6669998168945,0,0,1,0,0
7005,1,49,48.9067894131185,0,22.6669998168945,0,1,0,0,0
7006,0,56,9.6905093573981,0,16.5834999084473,0,1,0,1,0
7007,1,58,13.8089758342923,0,36.5,1,0,0,0,0
7008,0,58,62.8066137726364,0,31.25,1,0,0,0,0
7009,0,59,20.1380897583429,0,37.8330001831055,0,1,0,0,0
7010,0,44,16.3527345406093,0,15.5,0,1,0,1,0
7011,0,42,30.8884985767064,0,22.5830001831055,0,1,0,0,0
7012,0,61,13.57292496533,0,35.75,0,1,0,1,0
7013,0,43,23.0149597238205,0,22.0830001831055,0,1,0,0,0
7014,0,51,13.4253931722286,0,28,0,1,0,0,0
7015,0,51,9.78135788262371,0,15,0,1,0,1,0
7016,0,53,17.9804372842348,0,17.3334999084473,0,1,0,1,0
7017,0,56,16.5707710011508,0,25.125,0,1,0,1,0
7018,0,30,9.20598388952819,1,0.25,1,0,0,0,1
7019,0,49,81.8309679069173,0,21,1,0,0,0,0
7020,0,36,9.78135788262371,1,7.95849990844727,0,1,0,1,0
7021,1,24,7.28587867828374,0,2,0,1,0,0,0
7022,0,54,41.4269275028769,0,31.25,0,1,0,0,0
7023,0,35,20.1380897583429,0,13.1669998168945,0,0,1,0,0
7024,0,62,17.7038151721696,0,42.5830001831055,0,1,0,0,0
7025,0,61,16.1104718066743,0,32.3330001831055,0,1,0,0,0
7026,0,58,26.8507863444572,0,17.4584999084473,1,0,0,1,0
7027,0,34,50.0575373993096,0,9.5,1,0,0,1,0
7028,0,42,19.8504027617952,0,20.3330001831055,0,1,0,0,0
7029,1,48,13.3244503664224,0,18.4169998168945,0,1,0,1,0
7030,0,44,38.9123300515706,0,18.9169998168945,1,0,0,0,0
7031,0,57,16.1104718066743,0,38.1669998168945,0,1,0,1,0
7032,0,23,6.75802908254002,0,0.708000004291534,0,1,0,0,1
7033,0,41,11.5074798619102,1,8.58349990844727,1,0,0,1,0
7034,0,51,13.57292496533,0,25.5,1,0,0,1,0
7035,0,45,10.1010101010101,0,6.25,1,0,0,1,0
7036,1,61,5.11443549418233,0,31.4584999084473,0,1,0,1,0
7037,0,60,6.90448791714615,0,33.3330001831055,1,0,0,0,0
7038,0,36,25.3164556962025,0,10.5,0,1,0,0,0
7039,1,53,19.9048300314123,0,22.3330001831055,0,1,0,1,0
7040,1,58,10.3567318757192,0,27.1669998168945,0,1,0,1,0
7041,0,41,12.4280782508631,0,18.5419998168945,0,0,1,1,0
7042,0,61,8.17636727030465,0,14.8330001831055,0,1,0,0,0
7043,0,58,17.6064441887227,0,13.3334999084473,0,1,0,1,0
7044,0,28,19.8504027617952,0,1.83350002765656,0,1,0,0,0
7045,0,62,5.11443549418233,0,43.4169998168945,0,1,0,0,0
7046,0,50,8.69454034010996,1,7.375,0,0,1,1,0
7047,0,63,17.2612197928654,0,44.5830001831055,1,0,0,0,0
7048,1,29,6.42692750287687,0,1.125,0,1,0,0,1
7049,0,41,25.2068606498986,0,11.7084999084473,1,0,0,1,0
7050,0,37,8.87034906022248,0,6.2915001809597,0,1,0,0,0
7051,0,28,13.3244503664224,0,5.79149997234345,0,1,0,0,0
7052,0,64,10.126582278481,0,40.25,0,1,0,0,0
7053,0,23,10.0690448791715,0,2.66650009155273,0,1,0,1,1
7054,0,60,26.6489007328448,0,35.6669998168945,1,0,0,1,0
7055,0,59,20.1380897583429,0,40.4169998168945,0,1,0,0,0
7056,0,49,20.1380897583429,0,19,0,1,0,0,0
7057,1,37,38.9136939010357,0,10.458499815315,1,0,0,1,0
7058,0,58,38.2623705408516,0,31.3330001831055,1,0,0,0,0
7059,1,44,27.6179516685846,0,20.1669998168945,1,0,0,0,0
7060,0,39,12.4741081703107,0,3.41650009155273,0,0,1,1,0
7061,0,22,61.373225930188,0,0.0834999978542328,0,1,0,0,1
7062,0,47,41.6039656545986,0,15.4169998168945,1,0,0,0,0
7063,1,43,26.8469505178366,0,11.9169998168945,1,0,0,0,0
7064,1,24,12.0828538550058,0,2.83299994468689,0,1,0,0,0
7065,0,20,7.76590498109486,0,0,0,0,1,0,1
7066,1,63,31.4441887226697,0,37.75,1,0,0,0,0
7067,0,53,28.970080552359,0,28.5,0,1,0,0,0
7068,0,37,103.567318757192,0,13.4169998168945,0,1,0,0,0
7069,0,24,13.1514055564689,0,1.75,0,1,0,0,1
7070,0,61,6.39304436772791,1,13.4165000915527,0,1,0,1,0
7071,0,44,20.592332384471,0,20.7504997253418,1,0,0,0,0
7072,1,34,15.5350978135788,0,9.41699981689453,1,0,0,0,0
7073,0,52,3.83582662063675,1,14.3754997253418,0,1,0,0,0
7074,0,42,23.7821250479478,0,15.6669998168945,0,1,0,1,0
7076,1,58,11.0759493670886,1,13.125,0,1,0,1,0
7077,0,62,20.7134637514384,0,36.4169998168945,1,0,0,0,0
7078,1,54,28.4618335251247,0,24.5,1,0,0,1,0
7079,0,31,23.422653296071,0,13.25,0,1,0,1,1
7080,1,60,15.343306482547,0,39,1,0,0,0,0
7081,1,50,25.5926352128884,0,24.5,1,0,0,0,0
7082,0,58,30.5983889528193,0,22.9995002746582,1,0,0,1,0
7083,0,46,20.7134637514384,0,15.7080001831055,0,1,0,1,0
7084,0,42,15.6789413118527,0,10.7080001831055,0,1,0,1,1
7085,0,40,3.12236286919831,1,20,0,0,1,0,1
7086,0,57,21.7414652857691,0,13.375,0,1,0,1,0
7087,0,34,19.5627157652474,0,8.2504997253418,1,0,0,0,0
7088,0,30,33.311125916056,0,3.62550008296967,1,0,0,0,0
7089,0,39,8.43881856540084,1,7.79150009155273,0,0,1,1,0
7090,1,57,18.4119677790564,0,34.0830001831055,1,0,0,1,0
7091,1,37,31.6455696202532,0,13.0830001831055,1,0,0,0,0
7092,0,24,19.7928653624856,0,4.75,0,1,0,0,0
7093,1,52,12.0828538550058,0,31.25,1,0,0,1,0
7094,0,50,31.5633733355252,0,29.3330001831055,0,1,0,0,0
7095,0,63,36.3394100902429,0,40.4169998168945,1,0,0,1,0
7096,0,54,30.4948216340621,0,19,1,0,0,1,0
7097,0,51,11.277330264672,0,19.0834999084473,0,1,0,1,0
7098,1,42,21.9671733995518,0,22.4169998168945,0,1,0,1,0
7099,0,32,21.1737629459149,0,15.1669998168945,0,0,1,0,0
7100,0,57,16.1104718066743,0,10.4165000915527,0,1,0,1,0
7101,0,50,22.9543940403368,0,18.5834999084473,0,1,0,1,0
7102,0,54,46.029919447641,0,21.6665000915527,0,1,0,1,0
7103,0,64,6.19633531025936,1,38.0835000276566,0,1,0,0,0
7104,0,49,11.5074798619102,0,20.0834998190403,0,1,0,1,1
7105,0,45,21.8642117376295,0,27.1669998168945,1,0,0,0,0
7106,0,55,33.3716915995397,0,34.5830001831055,0,1,0,0,0
7107,0,29,31.9652218386396,0,8.66699981689453,0,1,0,0,0
7108,0,28,18.2939423445753,0,9.58300018310547,0,1,0,1,0
7109,0,45,24.5492903720752,0,22.0834999084473,0,1,0,1,0
7110,1,22,5.06329113924051,0,1.04149997234345,0,1,0,1,1
7111,0,40,21.288837744534,0,6.58300018310547,1,0,0,1,0
7112,1,43,35.7499041043345,0,10.4584999084473,1,0,0,1,0
7113,0,50,14.3298407122524,0,25.3334999978542,0,1,0,0,0
7114,0,54,16.2284972411555,0,33.4169998168945,0,1,0,0,0
7115,0,40,8.4234752589183,0,3.08349990844727,0,1,0,1,0
7116,0,27,11.277330264672,0,5.54150009155273,0,1,0,0,0
7117,0,30,9.20598388952819,0,12.8330001831055,0,0,1,0,0
7118,0,27,9.97314921365554,0,3.20849990844727,0,1,0,1,0
7119,0,38,12.7272727272727,0,6.95850014686585,1,0,0,1,1
7120,0,35,13.8089758342923,0,10.3330001831055,0,1,0,0,0
7121,0,52,21.8036460541457,0,22.7919998168945,1,0,0,1,0
7122,0,46,63.2911392405063,0,16,1,0,0,1,0
7123,0,36,20.7923721847773,0,5.95849990844727,1,0,0,1,0
7124,0,45,28.4810126582279,0,20.8330001831055,0,1,0,0,0
7125,0,56,24.1657077100115,0,32.9169998168945,0,1,0,0,0
7126,0,55,20.9226906580186,0,28.8330001831055,1,0,0,0,0
7127,0,57,10.3567318757192,0,18,0,1,0,0,0
7128,0,23,14.3843498273878,0,1.08299994468689,0,1,0,1,0
7129,0,39,10.126582278481,0,2.33350002765656,0,1,0,1,0
7130,1,56,46.283084004603,0,13.0415000915527,1,0,0,1,0
7131,0,41,6.31377061756809,0,13.8335000276566,0,1,0,1,0
7132,0,24,15.5217170230417,0,3.08299994468689,0,1,0,1,0
7133,0,38,17.9804372842348,0,10,0,1,0,1,0
7134,0,36,14.9597238204833,0,12.4169998168945,0,0,1,0,0
7135,0,33,16.1104718066743,0,14.5,0,1,0,1,0
7136,1,56,10.9321058688147,0,25.6245002746582,0,1,0,1,0
7137,0,47,42.8653624856157,0,25.9169998168945,1,0,0,0,0
7138,0,42,6.4317482039001,0,13.3330001831055,0,1,0,0,1
7139,1,52,13.8135788262371,0,24.25,1,0,0,0,0
7140,0,45,6.90448791714615,0,15.125,0,1,0,1,0
7141,0,48,15.5350978135788,0,26.0830001831055,0,1,0,0,0
7142,1,60,24.5197840134549,0,35.1669998168945,1,0,0,1,0
7143,1,42,11.836265000822,0,18.208499789238,0,1,0,1,0
7144,0,29,22.0560030686613,0,8.83300018310547,1,0,0,1,0
7145,0,44,18.8840695169809,0,18.4169998168945,0,1,0,1,0
7146,0,47,26.3339591787293,0,6.625,1,0,0,1,0
7147,0,38,15.6265675253017,0,15.75,0,1,0,1,0
7148,0,20,11.1964668926694,0,0.75,0,0,1,1,1
7149,0,42,27.6179516685846,0,17.25,0,1,0,0,0
7150,0,57,22.4307338231389,0,23.7084999084473,1,0,0,1,0
7151,1,54,35.6731875719218,0,29.6669998168945,1,0,0,1,1
7152,0,56,20.592332384471,0,34.1669998168945,0,1,0,0,0
7153,0,56,19.4741966893866,0,26.7084999084473,0,1,0,1,0
7154,0,50,11.5074798619102,0,14.6669998168945,0,0,1,0,1
7155,1,45,19.5627157652474,0,21,0,1,0,1,0
7156,0,55,52.6056222258754,0,30.1669998168945,0,1,0,0,0
7157,0,33,21.8642117376295,0,15.0830001831055,0,1,0,0,0
7158,0,32,11.5074798619102,0,1.875,1,0,0,1,0
7159,0,44,56.2428078250863,0,26.4169998168945,0,1,0,0,0
7160,1,20,8.05523590333717,0,0.541500002145767,0,0,1,1,1
7161,1,43,11.8910625239739,0,12.1665000915527,1,0,0,1,0
7162,1,62,25.8918296892981,0,41.1669998168945,1,0,0,0,0
7163,0,52,20.9200082617804,0,33.5830001831055,0,1,0,0,0
7164,1,59,10.7882623705408,0,27.3330001831055,0,1,0,1,0
7165,0,37,20.1646454811012,0,10.2919998168945,0,1,0,1,0
7166,0,56,10.9018230270729,0,25,0,1,0,0,1
7167,0,51,28.7686996547756,0,18.5830001831055,1,0,0,1,0
7168,0,22,0.794016110471807,1,0,0,1,0,1,0
7169,1,52,6.1373225930188,1,5.83349990844727,0,1,0,1,0
7170,0,20,13.8679885515329,0,0.583000004291534,0,1,0,1,0
7171,0,53,14.192558496356,0,15.3334999084473,0,1,0,1,0
7172,0,37,23.6369856623021,0,16.0830001831055,1,0,0,1,0
7173,0,58,21.0136588782709,0,11.2914998531342,1,0,0,1,0
7174,0,30,28.7686996547756,0,10.3330001831055,0,1,0,0,0
7175,1,42,7.76754890678941,0,5.66650009155273,0,1,0,1,0
7176,0,50,10.9018230270729,0,9.20849990844727,0,0,1,1,0
7177,1,29,10.2288709883647,1,0.583500027656555,1,0,0,0,1
7178,0,22,5.9493670886076,0,0,0,0,1,0,1
7179,0,34,13.2336018411968,0,6,0,1,0,0,0
7180,0,26,16.3527345406093,0,4.83300018310547,0,1,0,1,0
7181,0,50,41.7721518987342,0,27.1254997253418,1,0,0,0,0
7182,0,34,18.4119677790564,0,10,0,1,0,0,0
7183,0,33,15.4442492883532,0,6.16699981689453,0,1,0,0,0
7184,1,48,29.9194476409666,0,17.4165000915527,1,0,0,0,0
7185,0,35,11.3924050632911,0,7.41699981689453,0,0,1,0,0
7186,0,33,21.1979892193083,0,10.541500210762,1,0,0,1,0
7187,0,25,11.0874568469505,0,4.58350002765656,0,0,1,1,0
7188,0,37,31.1012969240817,0,6.25049996376038,1,0,0,1,0
7189,0,51,42.0465610339028,0,28,0,1,0,0,0
7190,1,52,18.4119677790564,0,33,0,1,0,1,0
7191,0,55,17.7038151721696,0,36.3330001831055,0,1,0,0,0
7192,0,46,13.8089758342923,0,23.75,0,1,0,1,0
7193,0,25,8.63060989643268,0,1.125,1,0,0,0,0
7194,0,47,21.8347053790092,0,27.1669998168945,0,1,0,0,0
7195,0,53,11.3636363636364,0,23.5830001831055,0,0,1,1,0
7196,0,53,41.4269275028769,0,30.1669998168945,0,1,0,0,0
7197,0,59,18.8304215922168,0,29.541500210762,1,0,0,1,0
7198,0,50,32.2209436133487,0,23.8330001831055,1,0,0,0,0
7199,1,50,10.9321058688147,0,27.6669998168945,0,1,0,0,0
7200,0,49,4.54242626128036,0,13.9165000915527,0,0,1,1,1
7201,0,38,25.3164556962025,0,14.1665000915527,1,0,0,1,0
7202,0,43,21.1979892193083,0,13.6669998168945,0,1,0,1,0
7203,0,35,13.8089758342923,0,13.5830001831055,0,1,0,1,0
7204,0,45,15.5564079614713,0,5.125,0,1,0,1,0
7205,1,61,31.4441887226697,0,38.5,1,0,0,1,0
7206,0,31,28.7686996547756,0,8.41650009155273,0,1,0,1,0
7207,0,53,57.5373993095512,0,27.5,1,0,0,0,0
7208,0,28,2.41657077100115,1,0,0,0,1,0,0
7209,0,24,16.2316031736418,0,1,0,1,0,1,0
7210,1,30,13.1514055564689,0,5.12449991703033,1,0,0,1,0
7211,1,52,9.20598388952819,0,32,0,1,0,1,0
7212,0,57,22.8308400460299,0,22.5834999084473,0,0,1,1,0
7213,0,29,16.1726744005225,0,10.291500210762,0,1,0,0,0
7214,0,49,23.0149597238205,0,18.5830001831055,0,1,0,1,0
7215,0,29,25.5721774709117,0,9.25,1,0,0,0,0
7216,0,52,37.4165707710011,0,22.75,1,0,0,0,0
7217,1,50,21.288837744534,0,31.3330001831055,0,1,0,0,0
7218,0,60,26.1250894162287,0,42.3330001831055,0,1,0,0,0
7219,0,53,16.6660053172493,0,19.5830001831055,1,0,0,1,0
7220,0,44,10.3567318757192,0,20,0,1,0,1,0
7221,0,53,5.11443549418233,0,30.5,0,0,1,0,0
7222,1,37,15.5350978135788,0,17.4580001831055,0,1,0,1,0
7223,0,53,15.1241163899392,0,19.0834998190403,0,1,0,0,0
7224,0,56,13.9733684037482,0,37.1669998168945,0,1,0,0,0
7225,0,44,18.6996547756041,0,9.375,0,1,0,1,0
7226,1,53,21.8296892980437,0,25.9169998168945,0,1,0,1,0
7227,0,51,15.1241163899392,0,24,0,1,0,1,0
7228,1,43,21.9299687654118,0,13.6254998445511,1,0,0,0,0
7229,0,44,11.3233601841197,0,20.3330001831055,0,0,1,0,1
7230,0,19,3.75507237599176,0,0,0,0,1,0,1
7231,1,25,18.5890059307781,0,3.375,1,0,0,1,1
7232,0,50,9.97314921365554,0,18.6245002746582,0,1,0,1,0
7233,0,44,28.7686996547756,0,19,1,0,0,0,0
7234,0,53,18.4119677790564,0,29.791500210762,1,0,0,0,0
7235,0,64,21.8642117376295,0,43.0830001831055,0,1,0,0,0
7236,0,44,6.57570277823442,0,18,0,0,1,1,0
7237,0,27,10.126582278481,1,1.83350002765656,1,0,0,0,1
7238,0,42,14.4533947065593,0,17.4584999978542,0,0,1,1,0
7239,0,39,12.0828538550058,0,8.29150009155273,0,1,0,1,0
7240,0,52,18.4119677790564,0,29.2915001809597,0,1,0,0,0
7241,0,30,14.3843498273878,0,0.875,0,0,1,0,0
7242,0,51,21.8584579976985,0,10.6665000915527,1,0,0,1,0
7243,0,48,26.3093868157159,0,22.3330001831055,0,1,0,0,0
7244,0,48,44.0572086141706,0,18.75,1,0,0,0,0
7245,1,43,20.7134637514384,0,21.5,1,0,0,1,0
7246,0,52,50.7509368268862,0,17.1669998168945,1,0,0,0,0
7247,0,50,19.7271083347033,0,18.75,0,1,0,1,0
7248,0,23,3.68239355581128,1,3.41649997234345,0,0,1,0,1
7249,0,28,23.0270728605172,0,1.91700005531311,0,1,0,1,0
7250,1,44,11.5074798619102,0,14.7504997253418,1,0,0,1,0
7251,0,38,15.1035673187572,0,13.125,0,1,0,1,0
7252,1,41,17.644802454929,0,16.6664999723434,0,1,0,1,0
7253,0,35,16.3981588032221,0,10.25,0,1,0,0,0
7254,0,44,19.9048300314123,0,9.33300018310547,0,1,0,1,0
7255,0,57,35.2896049098581,0,35,1,0,0,0,0
7256,1,22,6.90448791714615,0,0,0,1,0,0,1
7257,0,48,4.89067894131185,0,1.79149997234345,0,0,1,1,0
7258,0,53,25.8918296892981,0,33.1669998168945,1,0,0,0,0
7259,0,51,19.3810187147962,0,22,0,1,0,1,0
7260,1,61,17.2612197928654,0,41.6669998168945,1,0,0,1,0
7261,0,42,14.3843498273878,0,14.8330001831055,0,1,0,1,0
7262,0,50,33.3716915995397,0,28.6669998168945,1,0,0,0,0
7263,0,48,106.222891033018,0,27.25,1,0,0,0,0
7264,0,51,17.3709834469328,0,32,1,0,0,0,0
7265,0,28,13.2336018411968,0,2.83299994468689,0,0,1,0,0
7266,1,46,41.4269275028769,0,26,1,0,0,0,0
7267,0,41,19.1430312055778,0,3.70849990844727,1,0,0,1,0
7268,1,31,23.0092059838895,0,2.91700005531311,1,0,0,1,0
7269,1,43,5.1668584579977,1,0.166500002145767,0,1,0,1,0
7270,0,55,30.0964857926883,0,33.0830001831055,0,1,0,1,0
7271,0,46,30.0460299194476,0,20.6669998168945,1,0,0,0,0
7272,0,57,10.1041286592383,0,35.3745002746582,0,1,0,1,0
7273,1,59,14.3843498273878,0,32.3334999084473,1,0,0,1,0
7274,0,35,27.3014959723821,0,9.83350002765656,1,0,0,0,0
7275,1,53,15.5350978135788,0,18.7084999084473,1,0,0,1,0
7276,0,45,66.9526101056596,0,20,1,0,0,0,0
7277,0,36,12.7860887354558,0,18.4169998168945,0,1,0,0,0
7278,0,49,16.5707710011508,0,15.375,0,0,1,1,0
7279,0,54,5.75373993095512,0,22.1254997253418,0,1,0,1,0
7280,0,30,34.5224395857307,0,4.62550008296967,1,0,0,0,0
7281,0,52,35.1800098635542,0,19.25,1,0,0,0,0
7282,1,52,25.3164556962025,0,28.0415000021458,1,0,0,0,0
7283,1,57,17.1428571428572,0,27.9169998168945,1,0,0,1,0
7284,1,32,9.78135788262371,0,7.29199981689453,0,1,0,0,0
7285,0,52,31.4537782892213,0,19.5834999084473,0,1,0,1,0
7286,1,42,10.0690448791715,0,24.1669998168945,0,0,1,0,0
7287,0,51,8.49783128264141,0,25.25,0,1,0,1,0
7288,0,54,11.5074798619102,0,7,1,0,0,1,1
7289,1,38,27.6179516685846,0,11.4169998168945,1,0,0,0,1
7290,0,28,23.3026467203682,0,2.25,1,0,0,1,0
7291,0,50,23.1624915169219,0,19.5,1,0,0,0,0
7292,1,56,19.8049784991824,0,34,0,1,0,0,0
7293,1,55,13.8089758342923,0,34.6245001554489,0,1,0,0,0
7294,0,36,15.5350978135788,0,17.8754998147488,0,1,0,0,0
7295,0,59,21.4614499424626,0,33.25,1,0,0,0,0
7296,0,31,21.7709078468572,0,4.25,1,0,0,0,0
7297,0,61,22.3380491437081,0,22.7084999084473,1,0,0,1,0
7298,0,59,18.4119677790564,0,35.9995001852512,0,1,0,0,0
7299,1,35,21.8036460541457,0,5.79149999842048,0,1,0,0,0
7300,0,51,20.1380897583429,0,33,1,0,0,0,0
7301,0,21,4.6029919447641,1,0,0,0,1,0,1
7302,0,28,12.6582278481013,0,7.16699981689453,0,1,0,0,0
7303,0,47,14.9597238204833,0,26,0,0,1,0,0
7304,0,49,14.9597238204833,0,18.7084999084473,0,1,0,1,0
7305,1,42,12.0828538550058,0,21.8330001831055,0,1,0,0,0
7306,1,45,11.5074798619102,1,2.08349990844727,0,1,0,1,0
7307,0,40,16.6398158803222,0,12.8334999084473,0,1,0,1,0
7308,0,46,40.2761795166859,0,5.66650009155273,1,0,0,1,0
7309,1,62,20.592332384471,0,41.1669998168945,1,0,0,1,0
7310,0,55,16.5707710011508,0,30.375,0,1,0,1,0
7311,1,45,40.4316860013063,0,23.25,1,0,0,0,0
7312,1,55,33.311125916056,0,32.75,1,0,0,0,0
7313,1,53,12.6582278481013,0,32.3334999978542,0,1,0,1,0
7314,1,56,40.2761795166859,0,28.0830001831055,1,0,0,1,0
7315,1,42,10.9321058688147,0,8.8745002746582,0,1,0,1,0
7316,0,45,13.8089758342923,0,20.5,0,1,0,1,0
7317,0,45,61.9633531025936,0,23.25,1,0,0,0,0
7318,0,40,52.6056222258754,0,12.25,1,0,0,0,0
7319,0,42,8.36907626320745,0,19,0,1,0,1,0
7320,0,53,15.9982037104606,0,31.791500210762,0,1,0,0,0
7321,0,31,46.029919447641,0,8.75,0,1,0,0,0
7322,1,19,8.05523590333717,0,0.208499994128943,0,1,0,1,1
7323,0,39,14.9597238204833,0,13.9169998168945,0,1,0,1,0
7324,0,62,21.5219379776342,0,41.1669998168945,0,1,0,0,0
7325,0,62,14.7295742232451,0,17.8335001468658,0,1,0,1,0
7326,0,35,16.6858457997699,0,6.25,0,1,0,1,0
7327,0,45,20.1380897583429,0,23.416500210762,1,0,0,0,0
7328,0,23,26.6538114639381,0,1.16649994254112,1,0,0,0,0
7329,0,37,11.3304417101885,0,16.25,0,1,0,0,0
7330,0,49,18.8840695169809,0,27.1669998168945,0,1,0,0,0
7331,0,45,12.8883774453395,0,15.2084999084473,0,1,0,1,1
7332,0,30,14.9007111032428,0,9.33300018310547,0,1,0,1,0
7333,0,53,51.2082853855006,0,26.25,1,0,0,0,0
7334,0,26,20.1380897583429,0,8.66699981689453,0,1,0,1,0
7335,0,46,17.4913693901036,0,12.3330001831055,1,0,0,1,0
7336,1,22,13.6993807879884,0,2.41700005531311,1,0,0,0,0
7337,0,42,12.0828538550058,0,8.75,0,1,0,1,0
7338,0,37,7.6716532412735,0,1.625,1,0,0,1,0
7339,0,43,10.7403145377829,1,5.95849990844727,0,0,1,1,0
7340,0,59,14.0774836977369,0,6.91649985313416,1,0,0,1,0
7341,1,63,9.20598388952819,1,31.1665000915527,0,1,0,1,0
7342,0,55,26.1250894162287,0,34,0,1,0,0,1
7343,0,54,12.5316455696203,0,33.25,0,1,0,0,0
7344,0,30,11.2517580872011,0,8.41699981689453,0,0,1,0,0
7345,0,52,17.2612197928654,0,22.7495002746582,0,0,1,1,0
7346,0,26,18.1697050451214,0,2.66700005531311,1,0,0,0,0
7347,0,57,28.7686996547756,0,24.6669998168945,1,0,0,0,0
7348,0,35,20.1380897583429,0,6.20849990844727,1,0,0,1,1
7349,0,32,18.8840695169809,0,12.5830001831055,1,0,0,0,0
7350,1,59,24.9328730341389,0,41.25,0,1,0,0,0
7351,0,52,27.6179516685846,0,9.45849990844727,1,0,0,1,1
7352,0,63,18.8840695169809,0,43.75,0,1,0,1,0
7353,0,52,20.1572688914461,0,25.75,1,0,0,1,0
7354,0,34,14.3204193837105,0,16,0,1,0,0,0
7355,1,27,3.0686612965094,1,0.583500027656555,0,1,0,1,0
7356,0,39,20.1380897583429,0,19.9169998168945,0,1,0,0,0
7357,1,50,26.3028111129377,0,13.75,1,0,0,1,0
7358,0,34,49.1928324839717,0,7.125,1,0,0,1,0
7359,0,47,19.7271083347033,0,28,0,1,0,0,0
7360,0,20,10.3567318757192,0,1.33350002765656,0,1,0,1,0
7361,0,60,11.5074798619102,0,35.4169998168945,0,1,0,0,0
7362,0,51,13.5212888377445,0,10.7080001831055,0,1,0,1,0
7363,0,62,18.4119677790564,0,44.25,0,1,0,0,0
7364,0,50,23.9739163789797,0,12.6665000915527,1,0,0,1,0
7365,0,53,20.5696202531646,0,18.125,1,0,0,1,0
7366,0,58,14.8216340621404,0,13.8334999084473,1,0,0,1,0
7367,1,39,17.2612197928654,0,17.1669998168945,0,1,0,0,0
7368,0,48,4.85615650172612,1,10.5,1,0,0,1,0
7369,0,56,21.5765247410817,0,26.25,0,1,0,0,0
7370,0,37,31.415420023015,0,2.875,1,0,0,1,0
7371,0,57,13.4100498657461,0,16.1254999637604,1,0,0,1,0
7372,0,64,56.2587904360056,0,32.1669998168945,1,0,0,0,0
7373,0,50,27.9911672316736,0,30,0,1,0,0,0
7374,0,60,11.5074798619102,0,26.1665000915527,1,0,0,1,0
7375,1,53,47.0760539805419,0,20.6254997253418,1,0,0,1,0
7376,0,51,48.5180232015675,0,21.375,1,0,0,0,0
7377,0,31,17.4798619102417,0,5.37450003623962,1,0,0,1,0
7378,1,53,40.2761795166859,0,26.3330001831055,1,0,0,0,0
7379,1,28,23.9739163789797,0,2.66699999570847,0,1,0,0,0
7380,0,30,8.05523590333717,0,1.33350002765656,1,0,0,1,1
7381,1,49,36.2485615650173,0,18.5830001831055,1,0,0,1,0
7382,0,47,20.1380897583429,0,24.1669998168945,0,1,0,0,0
7383,0,48,9.20598388952819,0,24,0,1,0,0,0
7384,0,37,10.9321058688147,0,18.1669998168945,0,0,1,0,1
7385,0,59,21.261438982958,0,17.8334999084473,1,0,0,1,0
7386,1,51,21.2516597326724,0,18.5,1,0,0,0,0
7387,0,49,35.6731875719218,0,19.6669998168945,1,0,0,0,0
7388,0,40,17.0968272234095,0,12.75,0,1,0,0,1
7389,0,48,25.5721774709117,0,14.9165000915527,0,1,0,1,0
7390,0,57,61.373225930188,0,39.9169998168945,1,0,0,1,0
7391,0,60,28.7686996547756,0,29.875,1,0,0,0,0
7392,0,52,25.8918296892981,0,22.5414999723434,1,0,0,1,0
7393,0,59,23.084004602992,0,36.4169998168945,0,1,0,0,0
7394,0,43,16.9583913754467,0,18.9169998168945,1,0,0,0,0
7395,1,27,12.0828538550058,0,8.16699981689453,0,1,0,0,0
7396,0,46,14.9597238204833,0,6.16650009155273,0,0,1,1,0
7397,0,59,30.379746835443,0,18.25,0,1,0,0,0
7398,1,38,8.59225163022632,0,2.54199999570847,1,0,0,1,0
7399,0,25,9.98849252013809,0,4.83349990844727,0,1,0,1,0
7400,0,48,23.0149597238205,0,16.75,0,1,0,1,0
7401,1,21,11.5074798619102,0,1.37449994310737,0,1,0,1,1
7402,0,53,31.2202931905739,0,12.4584999084473,1,0,0,1,0
7403,0,50,16.3022631377062,0,26.1665000915527,0,1,0,1,0
7404,0,53,37.7445339470656,0,25.3330001831055,1,0,0,0,0
7405,1,40,19.5627157652474,0,16.0830001831055,0,1,0,0,0
7406,0,56,3.85774562989753,1,4.66649997234345,0,0,1,1,0
7407,0,30,21.6110471806674,0,7.66699981689453,0,1,0,1,0
7408,0,29,13.2336018411968,0,10.5,0,1,0,0,0
7409,0,43,25.3164556962025,0,18.6669998168945,0,1,0,0,0
7410,0,53,34.5224395857307,0,26.3330001831055,1,0,0,0,0
7411,0,48,33.3716915995397,0,29.4169998168945,1,0,0,0,1
7412,1,51,20.3846786125267,0,13.5830001831055,1,0,0,0,0
7413,0,30,11.8527042577676,0,9,0,0,1,0,1
7414,0,23,8.63060989643268,0,1.45850002765656,0,1,0,0,1
7415,1,26,7.21902570003836,0,1.16649997234345,0,1,0,0,1
7416,1,48,11.5074798619102,0,25.9169998168945,0,1,0,0,0
7417,0,33,24.620253164557,0,7.8754997253418,1,0,0,1,0
7418,0,35,11.5074798619102,1,6.66699981689453,0,1,0,0,0
7419,0,40,15.0863060989643,0,7.75,0,1,0,1,0
7420,0,54,115.074798619102,0,28.9995002746582,0,1,0,0,0
7421,0,34,17.2612197928654,0,10.7919998168945,1,0,0,0,1
7422,0,22,5.60620813785371,0,0.666999995708466,0,0,1,1,1
7423,0,60,14.3843498273878,0,40.5,0,1,0,0,0
7424,1,38,16.9390103567319,0,3.41700005531311,1,0,0,1,0
7425,0,55,60.5656834837381,0,27.3330001831055,0,1,0,0,0
7426,0,24,4.91944764096663,0,1.20800000429153,0,1,0,0,1
7427,0,28,11.5074798619102,0,5.41699981689453,0,1,0,0,1
7428,0,29,19.8093046194312,0,2.25050008296967,1,0,0,0,0
7429,0,23,10.2961661922355,0,1.20850002765656,0,1,0,0,0
7430,0,51,23.0149597238205,0,31.75,0,1,0,1,0
7431,0,63,19.1791331031837,0,26.0834999084473,0,1,0,1,0
7432,0,43,13.4253931722286,0,15.625,0,1,0,1,0
7433,0,49,15.343306482547,0,14.166500210762,0,1,0,0,1
7434,1,46,20.1380897583429,0,18.1669998168945,1,0,0,1,0
7435,0,53,17.3947065592635,0,32,0,1,0,0,0
7436,0,24,13.8089758342923,0,1.16649994254112,0,1,0,1,0
7437,0,60,5.88160081830968,1,10.5834999084473,1,0,0,0,0
7438,1,29,12.0828538550058,0,6.75,0,1,0,0,0
7439,1,34,11.5074798619102,0,15.5830001831055,0,0,1,0,0
7440,0,41,8.63060989643268,0,12.875,0,1,0,1,0
7441,0,30,16.1104718066743,0,1.5,0,1,0,0,0
7442,0,45,9.6662830840046,1,17.6665000915527,0,1,0,0,0
7443,0,58,15.9570387418489,0,12,0,1,0,1,0
7444,1,34,30.686612965094,0,11,1,0,0,0,0
7445,0,19,4.8331415420023,0,0.25,0,0,1,0,1
7446,0,31,7.6716532412735,0,8.45849978923798,0,1,0,0,1
7447,0,56,26.3830026102332,0,33.9169998168945,1,0,0,0,0
7448,1,59,23.0425776754891,0,35,1,0,0,1,0
7449,0,52,1.72612197928654,0,27.8334999978542,1,0,0,0,0
7450,0,26,12.7678228944052,0,1.25,0,1,0,0,0
7451,0,25,7.94016110471807,0,0.916999995708466,1,0,0,0,1
7452,0,57,7.36478711162256,1,18.2915000915527,1,0,0,1,0
7453,0,30,7.85876673496309,0,2.91650000214577,0,1,0,0,0
7454,0,36,13.0625447081143,0,17,0,0,1,0,0
7455,0,44,32.8785138911721,0,22.6669998168945,0,1,0,0,0
7456,0,26,17.2612197928654,0,4.25,0,1,0,0,0
7457,0,38,16.1104718066743,0,2.04150009155273,1,0,0,1,0
7458,0,55,60.9896432681243,0,30.9169998168945,0,1,0,0,0
7459,0,43,19.9682174365719,0,22.0830001831055,0,1,0,0,0
7460,0,49,127.860887354558,0,9.33300018310547,1,0,0,0,0
7461,0,51,35.8010484592763,0,24.5,1,0,0,1,0
7462,1,29,1.43843498273878,1,5.95849999785423,0,0,1,0,1
7463,0,20,10.9321058688147,0,1,0,1,0,0,0
7464,0,63,12.8360707186944,0,27.5834999084473,0,1,0,1,0
7465,0,45,8.86075949367089,0,7.45850002765656,0,1,0,1,0
7466,1,43,11.5074798619102,0,23.25,0,1,0,0,0
7467,0,53,15.5350978135788,0,23.125,0,1,0,1,0
7468,0,60,53.4234752589183,0,33.2080001831055,1,0,0,0,0
7469,0,57,11.2197928653625,1,22.1665000915527,0,1,0,1,0
7470,0,54,44.0572086141706,0,34.5,0,1,0,0,0
7471,0,23,5.58934736149926,0,0,0,1,0,0,1
7472,0,50,11.5074798619102,0,9.58349990844727,1,0,0,1,0
7473,1,51,27.2638753651412,0,32.1669998168945,1,0,0,0,0
7474,1,58,10.8681754251375,0,18.8329999446869,0,1,0,1,0
7475,0,40,10.7403145377829,0,7.29150009155273,0,0,1,1,0
7476,0,42,11.3924050632911,0,11.5,0,1,0,1,0
7477,0,22,14.0966628308401,0,2.33299994468689,0,1,0,1,0
7478,0,43,8.63060989643268,0,1.04149997234345,0,0,1,1,1
7479,0,64,36.3394100902429,0,40,1,0,0,0,0
7481,0,52,25.2603216480957,0,32.25,1,0,0,0,0
7482,0,57,22.4248325514148,0,32.3330001831055,0,1,0,0,0
7483,0,27,13.0609896432681,0,8,0,0,1,0,1
7484,0,28,12.1131366967476,0,10.2084999084473,0,1,0,1,0
7485,0,49,12.7860887354558,0,22.8330001831055,0,1,0,0,0
7486,0,25,3.54076303443392,1,1.79199999570847,0,1,0,0,1
7487,0,54,10.3567318757192,0,12.75,0,1,0,1,0
7488,0,60,13.1427533159712,0,39.6669998168945,0,1,0,0,0
7489,0,41,5.50632911392405,0,8.29150009155273,0,1,0,1,0
7490,0,55,39.8446490218642,0,9.29150009155273,1,0,0,1,0
7491,0,34,16.5707710011508,0,9.58349978923798,0,1,0,1,0
7492,1,57,15.343306482547,0,18.9165000915527,1,0,0,1,0
7493,0,45,25.43758706317,0,25.25,1,0,0,1,0
7494,0,53,24.1657077100115,0,19.5,1,0,0,1,0
7495,0,23,11.2197928653625,0,1.91650003194809,0,1,0,0,0
7496,0,38,23.590333716916,0,20,0,0,1,0,0
7497,1,31,10.126582278481,0,1.33350002765656,0,1,0,1,0
7498,0,35,7.1921749136939,0,12.25,1,0,0,0,0
7499,1,31,16.3981588032221,0,7.24950003623962,0,1,0,1,0
7500,0,42,7.6716532412735,1,2,0,1,0,1,0
7501,1,52,13.5212888377445,0,30.5830001831055,0,1,0,0,0
7502,1,48,14.3843498273878,0,26.25,0,1,0,1,0
7503,0,41,16.1104718066743,0,14.0415000021458,0,1,0,0,0
7504,0,29,12.945914844649,0,5.91649997234345,0,0,1,1,0
7505,0,54,20.1380897583429,0,31.75,0,1,0,1,0
7506,0,59,17.2612197928654,0,20.6665000915527,0,1,0,0,0
7507,0,53,43.9644743442212,0,27.875,1,0,0,0,0
7508,0,46,19.4188722669735,0,13.2915000021458,0,1,0,1,0
7509,0,39,15.4939996712149,0,15.5414999723434,0,1,0,1,0
7510,0,37,11.5074798619102,0,17.9164999723434,0,0,1,0,0
7511,0,33,9.20598388952819,0,11.4585000276566,0,0,1,0,1
7512,0,20,7.77197486058246,1,1.33350002765656,0,1,0,0,0
7513,1,34,18.7753618799588,0,9,0,1,0,0,0
7514,0,59,29.9194476409666,0,30.6665000915527,0,1,0,1,0
7515,0,24,12.1131366967476,0,6.83300018310547,0,1,0,1,0
7516,0,61,19.7271083347033,0,14.9584999084473,1,0,0,1,0
7517,0,41,39.9221032132425,0,11.5004998445511,1,0,0,1,0
7518,0,63,46.029919447641,0,18.25,1,0,0,1,0
7519,0,42,15.5274261603376,0,21.75,0,1,0,0,0
7520,0,60,7.23327305605787,0,39.1669998168945,0,0,1,0,0
7521,0,61,21.8642117376295,0,30.5,0,0,1,0,0
7522,0,46,35.4784456050279,0,5.375,1,0,0,1,0
7523,0,33,17.7038151721696,0,12,1,0,0,0,0
7524,0,48,18.4119677790564,0,18.1669998168945,0,1,0,0,0
7525,1,52,36.8239355581128,0,32.0830001831055,1,0,0,0,0
7526,0,62,13.463751438435,0,28.625,1,0,0,0,0
7527,1,52,22.1929968765412,0,16.5419998168945,1,0,0,1,0
7528,0,47,9.97314921365554,0,21.8754998147488,0,1,0,0,0
7529,0,39,16.4496396341833,0,10.75,0,1,0,0,0
7530,0,51,16.1104718066743,0,11.1665000915527,0,1,0,0,0
7531,1,45,26.4672036823936,0,19.25,0,1,0,0,0
7532,1,37,18.4119677790564,0,16,0,1,0,0,0
7533,0,53,19.1791331031837,0,17.5,1,0,0,1,0
7534,0,52,16.3022631377062,0,21.4170000553131,0,1,0,1,0
7535,0,42,12.9650939777522,0,9.66650009155273,0,1,0,1,0
7536,0,35,25.9451570349996,0,12.1669998168945,1,0,0,1,0
7537,1,27,16.0569486445259,0,6.33300018310547,0,1,0,0,0
7538,0,57,41.8453813160372,0,33.5830001831055,1,0,0,0,0
7539,0,33,10.0690448791715,0,10.5830001831055,0,1,0,1,0
7540,0,46,12.5536143948112,0,6.20849990844727,1,0,0,1,0
7541,0,34,16.7689553765503,0,7.79199981689453,1,0,0,1,0
7542,1,47,12.033536084169,0,20.9165000915527,0,1,0,1,1
7543,0,34,12.6582278481013,0,7,0,0,1,0,0
7544,0,50,28.7686996547756,0,16.1669998168945,1,0,0,0,0
7545,0,59,54.6777905638665,0,34.1669998168945,1,0,0,0,0
7546,0,34,17.8365937859609,0,11.3330001831055,0,1,0,0,0
7547,0,62,19.6673292185375,0,35.7495002746582,1,0,0,0,0
7548,0,28,10.9321058688147,0,7.16650000214577,0,1,0,0,0
7549,0,51,78.2508630609897,0,6.33350002765656,1,0,0,1,0
7550,1,61,16.1104718066743,0,30.9585000276566,0,1,0,0,0
7551,0,20,6.32911392405063,0,0.333000004291534,0,0,1,0,1
7552,0,59,10.0321619308961,0,43.3330001831055,0,0,1,1,0
7553,0,23,4.54545454545455,0,0,0,0,1,1,1
7554,0,53,14.645883460613,0,30,0,1,0,0,0
7555,0,49,20.1380897583429,0,32.6254997253418,0,1,0,0,0
7556,1,27,19.1791331031837,0,5.75,0,1,0,0,0
7557,0,28,20.1380897583429,0,2.87550008296967,1,0,0,1,1
7558,0,55,40.2761795166859,0,31.5830001831055,1,0,0,0,0
7559,0,53,8.63060989643268,0,17.8334999084473,0,0,1,1,0
7561,0,53,42.1940928270042,0,34.3330001831055,0,1,0,1,0
7562,0,62,29.9194476409666,0,42.1669998168945,1,0,0,0,0
7563,0,48,9.20598388952819,0,22,0,1,0,0,0
7564,0,41,16.6858457997699,0,11.2084999084473,0,1,0,1,0
7565,0,27,20.1380897583429,0,1.04149999842048,1,0,0,0,1
7566,0,48,23.56293495534,0,26.25,0,1,0,0,0
7567,0,47,7.76754890678941,0,25.5830001831055,0,1,0,1,0
7568,1,38,8.16354159615515,0,7.41650009155273,0,1,0,1,0
7569,0,38,13.6478711162256,0,17.0834998190403,0,1,0,0,0
7570,0,30,16.5235608273583,0,6.16699981689453,1,0,0,1,0
7571,0,25,11.9677790563867,0,1.58350002765656,0,1,0,1,0
7572,0,59,28.3261042754714,0,30,1,0,0,0,0
7573,0,45,32.2209436133487,0,14,1,0,0,1,0
7574,0,40,39.2938336748155,0,15.4169998168945,1,0,0,1,0
7575,0,32,18.6536248561565,0,9.20850002765656,0,0,1,0,0
7576,0,51,17.113687999764,0,33.1669998168945,0,1,0,0,0
7577,0,36,9.4361334867664,0,7.75,0,1,0,1,0
7578,0,51,48.1221885134429,0,12.4584999084473,1,0,0,1,0
7579,0,32,19.4348548778929,0,17.4169998168945,0,1,0,1,0
7580,0,30,24.4533947065593,0,10.5830001831055,0,1,0,0,0
7581,1,44,21.1979892193083,0,20.1669998168945,1,0,0,0,0
7582,1,28,3.84678612526714,0,0,0,0,1,1,0
7583,0,44,35.8010484592763,0,21.9995001554489,1,0,0,0,0
7584,1,40,14.3843498273878,0,12.5004998147488,0,1,0,1,0
7585,1,57,15.5350978135788,0,32.1669998168945,1,0,0,0,0
7586,1,40,34.5224395857307,0,4.45849990844727,1,0,0,1,0
7587,0,28,12.8883774453395,0,1.375,1,0,0,0,1
7588,0,49,16.0184119677791,0,23.75,1,0,0,1,0
7589,1,41,9.97314921365554,0,10.3754997253418,0,1,0,1,0
7590,0,53,20.7695977995453,0,31,1,0,0,1,0
7591,0,37,8.63060989643268,0,2.91649997234345,1,0,0,1,0
7592,0,23,16.1104718066743,0,2.41700005531311,0,1,0,1,0
7593,0,55,16.9390103567319,0,20.6665000915527,0,1,0,1,0
7594,0,57,15.343306482547,0,32,0,0,1,1,0
7595,1,58,28.1293952180028,0,36.3330001831055,0,1,0,0,0
7596,0,52,48.3904281372636,0,23.75,1,0,0,0,0
7597,0,55,36.2485615650173,0,18.5,0,1,0,1,0
7598,1,31,10.9321058688147,0,8.25,0,1,0,1,0
7599,0,57,16.3981588032221,0,21.1669998168945,0,1,0,1,0
7600,1,55,24.6588854183791,0,18.4169998168945,1,0,0,0,0
7601,0,55,17.2612197928654,0,27.4169998168945,0,1,0,1,0
7602,1,36,12.6582278481013,0,14.125,0,1,0,1,0
7604,0,50,17.8365937859609,0,27,0,0,1,0,0
7605,1,54,19.2117376294592,0,36.25,0,1,0,0,0
7606,0,29,10.3567318757192,0,9.16699981689453,0,0,1,0,1
7607,1,57,21.8036460541457,0,33.1669998168945,0,1,0,0,0
7608,0,49,16.4556962025317,0,7.75,0,1,0,1,0
7609,0,35,14.3268124280783,0,13.25,0,1,0,1,0
7610,0,40,23.9355581127733,0,2.66649997234345,1,0,0,1,0
7611,0,35,20.526855969894,0,13.6669998168945,1,0,0,0,0
7612,0,58,38.1711527126779,0,27.3330001831055,1,0,0,0,0
7613,0,56,12.0828538550058,0,34.4169998168945,0,0,1,0,0
7614,0,55,24.1369390103567,0,11.3334999084473,1,0,0,1,0
7615,0,27,39.1254315304948,0,2.625,1,0,0,0,0
7616,0,44,11.7261219792865,0,14.3330001831055,0,1,0,0,0
7617,0,26,11.5074798619102,0,0.541499994695187,0,1,0,1,1
7618,0,35,31.6455696202532,0,16.5004998445511,1,0,0,0,0
7619,0,63,16.1144399031785,0,42.25,1,0,0,0,0
7620,1,54,17.5031719335517,0,25.3330001831055,0,1,0,0,0
7621,0,40,31.2767401374996,0,7.87450015544891,1,0,0,1,0
7622,0,50,21.4598948776164,0,27.5414999984205,0,1,0,0,0
7623,0,60,22.9766014576141,0,30.1669998168945,1,0,0,0,0
7624,0,28,23.0149597238205,0,3.95849990844727,1,0,0,1,1
7625,0,43,19.0123580327213,0,14.9584999084473,0,1,0,1,0
7626,0,36,20.1380897583429,0,4.79200005531311,1,0,0,1,0
7627,0,52,14.5554069604703,0,19.7084999084473,0,1,0,0,0
7628,0,62,25.3164556962025,0,42.25,1,0,0,0,0
7629,0,49,21.8347053790092,0,24.3754998445511,0,1,0,1,0
7630,0,47,25.5721774709117,0,15.25,1,0,0,0,0
7631,0,24,10.3567318757192,0,1.70850002765656,0,1,0,0,1
7632,0,34,3.02145112271695,0,1.20850002765656,1,0,0,1,1
7633,0,56,15.5350978135788,0,21.375,0,1,0,1,0
7634,0,56,5.17836593785961,0,15.875,1,0,0,1,0
7635,0,41,11.7376294591484,0,10.2915000915527,0,1,0,1,0
7636,0,47,12.2746451860376,0,6.125,0,0,1,1,0
7637,1,40,7.82508630609897,0,1.70850002765656,0,0,1,0,0
7638,0,62,28.4677347968487,0,42.75,0,1,0,0,0
7639,1,52,26.2114819076844,0,24,1,0,0,1,0
7640,1,55,23.6050868962261,0,27,0,1,0,1,0
7641,0,55,21.3710340292619,0,33.75,0,1,0,0,0
7642,0,38,5.81127733026467,0,4.25,0,0,1,1,0
7643,0,47,19.9048300314123,0,25.5,0,1,0,0,0
7644,1,27,16.3981588032221,0,1.91650002449751,1,0,0,1,0
7645,0,48,13.2336018411968,0,13.8330001831055,0,1,0,1,0
7646,1,54,2.5891829689298,0,26.5,0,1,0,1,0
7647,0,44,11.8025434481131,0,27,0,1,0,0,1
7648,0,38,22.4757520960053,0,10.5,1,0,0,1,0
7649,0,48,6.1373225930188,1,13.2915000915527,0,1,0,1,0
7650,0,51,18.6996547756041,0,16.3334999084473,0,1,0,1,0
7651,0,42,8.05523590333717,0,6.87450003623962,1,0,0,1,0
7652,0,28,16.8776371308017,0,1.54149997234345,0,1,0,0,0
7653,0,35,29.5906625020549,0,12.1669998168945,1,0,0,1,0
7654,1,60,43.1530494821634,0,32.5,1,0,0,0,0
7655,0,41,23.0149597238205,0,17,0,1,0,0,0
7656,0,45,10.3567318757192,0,16.3334999084473,0,1,0,1,0
7657,0,21,4.8331415420023,0,0,0,0,1,1,1
7658,0,33,10.3567318757192,0,2.5,0,1,0,0,1
7659,0,46,20.592332384471,0,10.6665000915527,0,1,0,1,0
7660,0,46,14.0007671653241,0,7.20850002765656,0,1,0,1,0
7661,0,48,14.3843498273878,0,27.0830001831055,0,1,0,0,0
7662,1,45,13.8089758342923,0,23.9169998168945,0,1,0,1,0
7663,0,51,14.9597238204833,0,22.3330001831055,0,1,0,0,0
7664,0,37,16.8776371308017,0,5.08349990844727,0,1,0,1,0
7665,1,63,57.5373993095512,0,35.3334999084473,1,0,0,1,0
7666,0,56,9.0664992851414,0,21.25,0,1,0,1,0
7667,0,42,17.8365937859609,0,14.3330001831055,0,1,0,0,0
7668,0,35,9.20598388952819,0,9,1,0,0,0,0
7669,0,33,8.63060989643268,0,4.33350002765656,1,0,0,1,0
7670,0,51,21.3578826237054,0,16.5415000915527,1,0,0,1,0
7671,1,47,11.7258269157003,0,21.4584999978542,0,1,0,1,0
7672,0,27,14.3843498273878,0,7.58300018310547,0,1,0,0,1
7673,0,41,20.7134637514384,0,8.08349990844727,1,0,0,1,0
7674,1,31,21.8872266973533,0,6.91699981689453,1,0,0,0,0
7675,0,48,17.2612197928654,0,20.75,0,1,0,1,0
7676,1,57,30.686612965094,0,28.9169998168945,1,0,0,0,0
7677,0,58,17.2612197928654,0,30.3330001831055,1,0,0,1,0
7678,1,43,9.20598388952819,0,17.8330001831055,0,1,0,1,0
7679,0,42,13.9301072012598,0,15.7914999723434,1,0,0,0,0
7680,0,24,16.8402144320638,0,3.16700005531311,1,0,0,1,0
7681,0,48,10.9321058688147,0,27,0,0,1,0,0
7682,0,30,21.1979892193083,0,8.66699981689453,0,1,0,0,0
7683,1,53,37.3993095512083,0,32.8330001831055,1,0,0,0,0
7684,0,59,35.644418872267,0,14.375,1,0,0,1,0
7685,0,30,9.11008822401227,0,8.83300018310547,0,0,1,0,0
7686,1,49,7.6716532412735,0,17.8330001831055,1,0,0,1,0
7687,1,54,12.6582278481013,0,32.25,0,1,0,0,0
7688,0,42,37.3993095512083,0,16.75,1,0,0,0,0
7689,0,27,26.4672036823936,0,0.541999995708466,1,0,0,1,0
7690,1,30,13.9643268124281,0,6.12450015544891,0,1,0,1,0
7691,0,32,13.3244503664224,0,9.25,1,0,0,1,0
7692,0,56,9.78135788262371,0,19.6254999637604,0,0,1,1,0
7693,1,45,28.7686996547756,0,11.7915000915527,1,0,0,1,0
7694,0,30,25.8918296892981,0,2.58299994468689,1,0,0,1,1
7695,0,51,50.1214678429868,0,20.75,1,0,0,1,0
7696,0,32,29.5906625020549,0,8.58300018310547,1,0,0,1,0
7697,1,39,19.5627157652474,0,13.0830001831055,1,0,0,0,0
7698,0,56,9.89643268124281,1,21.0419998168945,1,0,0,0,0
7699,0,29,14.3843498273878,0,1.66700005531311,0,1,0,0,0
7700,0,51,36.8239355581128,0,12.0830001831055,1,0,0,1,0
7701,0,32,17.2612197928654,0,3.16700005531311,0,1,0,1,0
7702,0,34,19.5627157652474,0,3.70850002765656,1,0,0,1,0
7703,0,59,17.2612197928654,0,29.9584999084473,0,1,0,1,0
7704,0,51,11.5074798619102,0,18.6669998168945,0,1,0,1,0
7705,0,27,23.0149597238205,0,6.83300018310547,0,1,0,0,0
7706,0,22,9.78135788262371,0,2.16700005531311,0,0,1,0,1
7707,1,56,20.8801238046109,0,20.4165000915527,0,1,0,1,0
7708,0,37,18.9873417721519,0,10.0830001831055,0,1,0,1,0
7709,1,40,4.6029919447641,0,10.1669998168945,1,0,0,1,0
7710,0,50,13.8089758342923,0,30.75,0,1,0,0,0
7711,0,26,17.2612197928654,0,1.37449994310737,0,1,0,1,1
7712,0,61,121.480629075566,0,35.5004998445511,1,0,0,0,0
7713,0,59,31.4941554115438,0,36.1669998168945,1,0,0,1,0
7714,1,54,36.8239355581128,0,34.25,0,1,0,0,0
7715,0,48,11.1362708341067,0,26.9169998168945,0,1,0,0,0
7716,0,56,17.2612197928654,0,26.3745002746582,1,0,0,1,0
7717,0,40,46.029919447641,0,12.2919998168945,1,0,0,0,0
7718,0,36,9.13693901035673,0,7.91699981689453,0,1,0,0,0
7719,0,53,52.6056222258754,0,27,1,0,0,0,0
7720,1,60,14.3843498273878,0,34.7919998168945,1,0,0,0,0
7721,0,60,19.9309551208285,0,25.6665000915527,0,1,0,1,0
7722,0,60,27.6179516685846,0,39.25,1,0,0,0,0
7723,0,60,22.7198961376177,0,38.5,1,0,0,1,0
7724,0,44,48.9067894131185,0,21.4169998168945,1,0,0,1,0
7725,0,55,20.1380897583429,0,35.25,0,1,0,0,0
7726,0,55,31.6455696202532,0,34.4169998168945,1,0,0,0,0
7727,1,29,12.04833141542,0,5.25,0,1,0,0,0
7728,0,48,8.63060989643268,0,3.625,0,1,0,1,1
7729,0,29,15.5350978135788,0,10,0,1,0,0,0
7730,0,39,21.0422488903502,0,21,0,0,1,0,0
7731,0,47,19.2828040929307,0,18.5419998168945,0,1,0,1,0
7732,0,35,9.38768093997941,0,5.375,1,0,0,0,1
7733,0,21,11.5074798619102,0,0.541499998420477,0,0,1,0,1
7734,1,60,19.3810187147962,0,32.1669998168945,1,0,0,1,0
7735,1,52,14.3843498273878,0,30,0,1,0,1,0
7736,0,53,27.5573859851008,0,30.1669998168945,0,1,0,0,0
7737,0,34,17.8596087456847,0,4.66649985313416,0,1,0,1,0
7738,1,35,13.5212888377445,0,2.95799994468689,0,1,0,1,1
7739,1,54,16.1104718066743,0,35.3330001831055,0,1,0,0,0
7741,1,36,34.5224395857307,0,6.33300018310547,1,0,0,1,0
7742,0,31,34.8101265822785,0,9.29199981689453,1,0,0,1,0
7743,0,64,19.7342818286432,0,37.25,1,0,0,1,0
7744,1,41,12.5536143948112,0,14.75,0,1,0,0,0
7746,0,36,9.97314921365554,0,16.3330001831055,0,0,1,0,1
7747,0,61,36.2928211029477,0,16.7084999084473,1,0,0,1,0
7748,0,35,29.8759058252729,0,9.00049984455109,1,0,0,0,0
7749,0,40,16.1104718066743,0,9.04150009155273,0,1,0,1,0
7750,0,63,6.44418872266974,1,19.5,0,1,0,1,0
7751,0,55,23.7821250479478,0,30.6665000915527,0,1,0,0,0
7752,1,58,13.1514055564689,0,24.4165000915527,0,1,0,1,0
7753,0,41,33.2438307121851,0,21,0,1,0,0,0
7754,0,48,24.741081703107,0,22.6669998168945,0,1,0,0,0
7755,0,25,12.6582278481013,0,1.58299994468689,0,1,0,1,0
7756,0,57,10.3567318757192,0,2.95850002765656,0,0,1,1,1
7757,1,61,46.029919447641,0,32.875,1,0,0,0,0
7758,0,43,12.8883774453395,0,0.666999995708466,1,0,0,0,1
7759,1,50,23.0149597238205,0,20.2914999723434,1,0,0,1,0
7760,0,49,57.5373993095512,0,24,1,0,0,0,0
7761,0,41,8.74568469505178,0,4.875,0,1,0,1,0
7762,0,54,1.64392569455861,0,28.4169998168945,0,1,0,0,0
7763,0,59,24.7168554297135,0,40.5,0,1,0,1,0
7764,1,38,10.9321058688147,0,5.08300018310547,0,1,0,0,0
7765,1,32,7.65247410817031,0,12.2915000915527,0,1,0,1,0
7766,1,51,16.9583913754467,0,16.375,0,1,0,1,0
7767,0,54,62.7680719740559,0,28.1669998168945,1,0,0,0,0
7768,0,50,41.0981423639652,0,26.2080001831055,1,0,0,0,0
7769,0,53,27.6179516685846,0,24.9169998168945,1,0,0,0,0
7770,0,27,13.4253931722286,0,5.33300018310547,0,1,0,0,0
7771,1,24,19.6512348411083,0,2.375,1,0,0,0,1
7772,1,50,15.7470777057719,0,24.5,0,1,0,1,0
7773,0,20,4.6029919447641,0,0.916999995708466,0,1,0,1,1
7774,0,36,26.0836210203299,0,10.25,1,0,0,0,0
7775,1,59,31.5816391765759,0,38.75,1,0,0,0,0
7776,1,52,49.9424626006905,0,7.66649985313416,0,1,0,0,0
7777,0,59,27.8969208773582,0,42.9169998168945,0,1,0,1,0
7778,0,55,24.3301002794674,0,34.6669998168945,0,1,0,0,0
7779,0,44,10.3567318757192,0,12.582999996841,0,0,1,0,1
7780,0,49,25.43758706317,0,30,0,1,0,1,0
7781,0,42,43.3589728060081,0,6,1,0,0,1,0
7782,0,26,11.0471806674338,0,0.708500027656555,0,0,1,1,1
7783,0,47,41.1846647689419,0,21.083499789238,1,0,0,0,0
7784,0,56,21.6998191681736,0,33.125,1,0,0,1,0
7785,0,41,27.1458499306601,0,19.8330001831055,1,0,0,0,0
7786,0,52,25.8918296892981,0,30.25,0,1,0,1,0
7787,0,32,20.1380897583429,0,3.79149994254112,1,0,0,0,1
7788,0,24,18.5909730213528,0,0.166500002145767,0,1,0,1,0
7789,0,52,9.58956655159187,0,30.75,0,0,1,0,0
7790,1,42,11.5074798619102,0,15.6669998168945,0,1,0,0,0
7791,1,49,16.9907940161105,0,21.25,0,1,0,1,0
7792,0,32,21.288837744534,0,11.3330001831055,0,1,0,0,0
7793,0,21,5.75373993095512,0,0.333000004291534,0,1,0,0,1
7794,0,52,27.6179516685846,0,32,1,0,0,0,0
7795,0,44,12.2746451860376,0,6.29150009155273,0,1,0,1,0
7796,0,52,71.2405063291139,0,32.5,0,1,0,0,0
7797,0,52,14.7953312510275,0,23.625,0,1,0,0,0
7798,0,52,86.3060989643268,0,24.75,1,0,0,0,0
7799,0,47,24.2262733934953,0,25,0,1,0,0,0
7800,0,35,12.96105626552,0,16.25,0,1,0,1,0
7801,0,33,14.1630521377357,0,11.1669998168945,0,1,0,0,0
7802,0,39,41.3089020683958,0,15.25,1,0,0,1,0
7803,0,29,16.6858457997699,0,2.75050008296967,1,0,0,1,1
7804,0,44,27.3302646720368,0,18.5,0,1,0,0,0
7805,0,54,19.4476409666283,0,17.375,0,1,0,1,0
7806,0,53,22.439585730725,0,19.4584999084473,0,1,0,1,0
7807,1,53,17.2612197928654,0,12.1669998168945,1,0,0,1,1
7808,0,45,20.9226906580186,0,20.5,1,0,0,0,0
7809,0,42,2.96892980437284,1,0,0,0,1,1,1
7810,0,51,18.8840695169809,0,26.9169998168945,1,0,0,0,0
7811,0,34,29.9194476409666,0,10.4169998168945,1,0,0,0,0
7812,1,58,8.05523590333717,0,26.6664999723434,1,0,0,0,1
7813,0,46,20.6175680859225,0,12.6665000915527,1,0,0,1,0
7814,0,30,25.1072287896224,0,2.5,1,0,0,0,0
7815,1,45,14.9213655542769,0,4.41649997234345,0,1,0,1,0
7816,1,34,19.2750287686997,0,7.75049981474876,1,0,0,0,0
7817,0,45,12.0828538550058,0,21.375,1,0,0,0,0
7818,0,49,58.2784810126582,0,23.25,1,0,0,0,0
7819,0,24,14.9597238204833,0,1.91700005531311,0,1,0,1,0
7820,0,52,18.4119677790564,0,27.25,0,1,0,0,0
7821,1,38,10.3567318757192,0,4.66650009155273,0,1,0,1,1
7822,0,25,14.9597238204833,0,1.875,0,1,0,1,0
7823,0,46,15.343306482547,0,26.3330001831055,1,0,0,0,0
7825,0,38,37.3993095512083,0,10.5830001831055,1,0,0,0,0
7826,1,34,9.20598388952819,0,5.41699981689453,0,1,0,0,1
7827,0,51,8.54841361170475,1,13.9164999723434,0,1,0,1,0
7828,0,50,12.9650939777522,0,2.5,0,1,0,1,0
7829,0,48,41.4729574223245,0,18.25,1,0,0,0,0
7830,0,47,21.3309382806141,0,28.75,0,1,0,0,0
7831,1,45,14.0966628308401,0,25,1,0,0,0,0
7832,0,58,23.0149597238205,0,34.4169998168945,1,0,0,0,0
7833,0,51,6.57570277823442,1,20.2084999084473,0,1,0,1,0
7834,1,48,8.43881856540084,0,18.1669998168945,0,1,0,1,0
7835,0,29,12.0828538550058,0,1,1,0,0,0,1
7836,0,24,11.1786947229985,0,3.5,0,0,1,0,0
7837,0,35,57.5373993095512,0,7.25,1,0,0,0,0
7838,1,60,17.2612197928654,0,32.6245002746582,1,0,0,1,0
7839,0,22,25.72260204427,0,2.5,0,1,0,1,0
7840,1,55,18.4119677790564,0,30.1669998168945,1,0,0,0,0
7841,0,55,24.7246424461614,0,14.7084999084473,0,1,0,1,0
7842,0,20,16.1104718066743,0,0.666999995708466,0,0,1,0,0
7844,0,34,28.7686996547756,0,7.16650009155273,1,0,0,0,1
7845,0,63,22.1518987341772,0,44.1669998168945,0,1,0,1,0
7846,0,23,10.0437284234753,0,1.0004999935627,1,0,0,1,1
7847,0,53,32.2209436133487,0,27.6669998168945,0,1,0,0,0
7848,0,50,9.58956655159187,0,20.4584999084473,0,0,1,1,0
7849,1,29,12.241999853096,0,3.75050005316734,0,1,0,0,0
7850,0,26,18.4119677790564,0,4.58299994468689,1,0,0,1,0
7851,1,53,22.439585730725,0,31.1669998168945,0,1,0,1,0
7852,1,36,14.3843498273878,0,11,0,1,0,1,0
7853,0,27,19.9866755496336,0,6.12450015544891,0,1,0,0,0
7854,0,39,8.05523590333717,0,1.20850002765656,1,0,0,1,1
7855,0,45,49.3670886075949,0,17.541500210762,1,0,0,0,0
7856,0,53,76.716532412735,0,27.3330001831055,1,0,0,0,0
7857,0,55,33.3716915995397,0,29.6669998168945,1,0,0,0,0
7858,0,63,16.8776371308017,0,44.25,0,1,0,0,0
7859,0,56,34.6087456846951,0,28.75,1,0,0,0,0
7860,0,41,41.0981423639652,0,15.0419998168945,1,0,0,0,1
7861,0,49,40.2761795166859,0,14.25,1,0,0,0,0
7862,0,50,11.8184928311511,0,30.5830001831055,0,1,0,1,0
7863,0,50,11.5074798619102,0,31.75,1,0,0,1,0
7864,0,48,25.3754684134431,0,23.6669998168945,1,0,0,0,0
7865,0,53,21.4806290755658,0,17.5834999084473,1,0,0,1,0
7866,0,24,18.9873417721519,0,0.75,0,0,1,1,0
7867,0,54,27.1458499306601,0,34.9169998168945,1,0,0,0,0
7868,0,39,14.3843498273878,0,9.41699981689453,1,0,0,1,0
7869,1,52,29.0621403912543,0,32,0,1,0,1,0
7870,1,54,17.2612197928654,0,32.6669998168945,0,1,0,0,0
7871,0,21,14.9286225235592,0,4,0,0,1,1,1
7872,0,47,35.2416570771001,0,16.0415000915527,1,0,0,1,0
7873,0,41,15.2543153049482,0,6.91699981689453,1,0,0,1,1
7874,0,61,16.1104718066743,0,12.5414998531342,0,1,0,1,0
7875,0,39,50.0325211387402,0,13.9169998168945,1,0,0,0,0
7876,0,26,20.7134637514384,0,1.5,0,0,1,0,1
7877,1,49,27.6179516685846,0,25,0,1,0,0,0
7878,0,53,31.6455696202532,0,29.8330001831055,0,1,0,0,0
7879,0,52,24.2262733934953,0,20.7915000915527,0,1,0,1,0
7880,0,45,41.4269275028769,0,13.8334999084473,0,1,0,1,0
7881,0,28,12.0976070343159,0,3,0,1,0,0,0
7882,0,40,16.1104718066743,0,15.2915001809597,0,1,0,1,0
7883,0,31,6.31055347266046,0,3.33349990844727,1,0,0,1,0
7884,0,53,35.6731875719218,0,14.5,0,1,0,1,0
7885,0,50,12.2746451860376,0,21.0415000915527,1,0,0,1,0
7886,0,47,13.9624088991178,0,20.8754998147488,1,0,0,0,0
7887,0,40,10.4613453290093,0,18.25,0,1,0,0,0
7888,0,21,5.23590333716916,0,0,0,0,1,0,1
7889,1,55,14.4581157239385,0,21.9995001852512,1,0,0,0,0
7890,0,42,6.90448791714615,0,11.2915000915527,1,0,0,1,0
7891,0,48,24.2703211633016,0,22.25,1,0,0,0,0
7892,0,61,9.20598388952819,1,23.5415000915527,0,1,0,1,0
7893,0,37,14.3238867976049,0,14,1,0,0,0,0
7894,0,56,81.7636727030465,0,29.6669998168945,1,0,0,0,0
7895,0,42,6.52090525508247,0,17.25,0,1,0,0,1
7896,0,22,6.04880351715795,0,0,0,1,0,0,1
7897,0,38,23.0149597238205,0,2,1,0,0,1,0
7898,0,44,20.2082573184765,0,17,0,1,0,0,0
7899,0,55,18.6996547756041,0,29.8330001831055,0,1,0,0,0
7900,0,59,6.90448791714615,0,32.9584999084473,0,1,0,0,0
7901,1,62,16.6858457997699,0,25.1669998168945,0,1,0,0,0
7902,0,45,11.5074798619102,0,20.0830001831055,0,0,1,0,1
7903,1,46,7.82508630609897,0,25.3330001831055,0,1,0,1,0
7904,0,58,19.1791331031837,0,30.8330001831055,1,0,0,0,0
7905,0,25,19.1772151898734,0,3.66649997234345,1,0,0,1,0
7906,1,29,5.75373993095512,0,1.5,0,0,1,1,0
7907,0,53,11.2197928653625,0,20.625,0,1,0,1,0
7908,0,24,10.9378596087457,0,2.75,0,0,1,0,1
7909,0,46,16.6858457997699,0,24.7495001554489,1,0,0,1,0
7910,0,64,10.175034825268,0,12.7084999084473,1,0,0,1,0
7911,0,45,23.0149597238205,0,14,1,0,0,0,0
7912,0,63,29.751045496646,0,31.8330001831055,1,0,0,1,0
7913,0,47,7.76754890678941,1,15,0,1,0,0,0
7914,0,55,9.6905093573981,0,37.25,0,0,1,1,1
7915,0,38,15.343306482547,0,2.20849990844727,0,1,0,1,0
7916,0,38,21.1737629459149,0,7.625,0,1,0,1,0
7917,0,52,56.2435853575094,0,24.3330001831055,1,0,0,0,0
7918,0,63,36.8239355581128,0,35.8330001831055,1,0,0,1,0
7919,0,33,15.343306482547,0,3.50050008296967,1,0,0,1,1
7920,0,45,17.9005242296382,0,20.8754998445511,0,1,0,0,0
7921,0,61,115.074798619102,0,33.5835000276566,1,0,0,0,0
7922,0,50,11.5074798619102,1,20.375,1,0,0,0,1
7923,1,46,23.0149597238205,0,24.5830001831055,1,0,0,0,0
7924,0,47,15.3049482163406,0,11.7084999084473,0,1,0,1,0
7925,0,47,11.5074798619102,0,26.1245001554489,0,1,0,0,0
7926,1,51,18.4464902186421,0,27.5,0,1,0,1,0
7927,0,56,17.2612197928654,0,24.8330001831055,1,0,0,0,0
7928,0,36,14.4581157239385,0,13.4169998168945,0,1,0,0,1
7929,1,19,5.5638665132336,0,0,0,0,1,0,1
7930,0,23,2.95906625020549,0,0.5,0,1,0,0,0
7931,1,57,15.343306482547,0,23.0830001831055,1,0,0,1,0
7932,0,31,8.63060989643268,0,4.75049996376038,0,0,1,1,0
7933,0,61,10.3567318757192,0,18.5414998531342,1,0,0,1,0
7934,1,24,11.5074798619102,0,3.66700005531311,0,1,0,1,0
7935,0,23,10.6222891033018,0,4,0,1,0,1,1
7936,0,40,9.20598388952819,0,19.375,0,0,1,0,0
7937,0,43,16.1104718066743,0,10.4169998168945,1,0,0,1,0
7938,0,34,22.6332481966937,0,10.3330001831055,1,0,0,1,0
7939,1,53,33.6804288641275,0,15.5415000915527,1,0,0,1,0
7940,1,42,13.0418105101649,0,20.1669998168945,0,1,0,1,0
7941,1,54,13.4253931722286,0,27,1,0,0,0,0
7942,0,47,6.47295742232451,0,15.4584999084473,0,1,0,1,0
7943,0,29,8.63060989643268,0,4.66699981689453,0,1,0,0,0
7944,0,41,13.4253931722286,0,16,1,0,0,0,0
7945,1,58,16.1104718066743,0,31.75,1,0,0,0,0
7946,0,53,17.8365937859609,0,22.8330001831055,1,0,0,0,0
7947,0,49,9.41521079610838,0,14.1665000915527,0,1,0,1,1
7948,0,55,11.5017261219793,0,25.5,0,1,0,1,0
7949,0,36,2.30149597238205,0,9.33300018310547,0,1,0,0,0
7950,0,50,40.5790079341045,0,30.5830001831055,0,1,0,0,0
7951,1,55,10.3567318757192,0,28.5419998168945,0,1,0,1,0
7952,1,59,10.8630609896433,0,34.3330001831055,1,0,0,1,0
7953,0,57,22.2477943996931,0,17.0834999084473,0,1,0,1,0
7954,0,52,27.6179516685846,0,23.1669998168945,1,0,0,0,0
7955,1,48,16.1104718066743,0,24.0004998445511,0,1,0,1,0
7956,1,55,20.5257101326389,0,29.75,1,0,0,1,0
7957,0,41,36.2485615650173,0,11.25,1,0,0,1,0
7958,0,44,15.343306482547,0,18.75,1,0,0,1,0
7959,0,27,21.2445782066035,0,2.91700005531311,1,0,0,1,1
7960,0,45,20.253164556962,0,7,0,1,0,1,1
7961,0,52,26.2962354101595,0,33.0834999978542,1,0,0,0,0
7962,0,47,21.2827811761856,0,26.1669998168945,0,1,0,0,0
7963,0,49,69.0448791714615,0,28.3330001831055,0,1,0,0,0
7964,0,30,19.1791331031837,0,6.75,1,0,0,1,0
7965,0,59,54.7860654880218,0,36,1,0,0,0,0
7966,0,49,30.686612965094,0,11.9579999446869,1,0,0,1,0
7967,0,42,36.1663652802893,0,13.6669998168945,1,0,0,1,0
7968,0,62,20.6544510341979,0,40.5,0,0,1,0,0
7969,0,63,36.7088607594937,0,28.3330001831055,1,0,0,0,0
7970,0,27,7.28807057920982,1,2.25,1,0,0,1,0
7971,0,40,20.7134637514384,0,16.2915000915527,0,1,0,1,0
7972,0,53,8.63060989643268,0,6.91650009155273,0,1,0,1,0
7973,0,44,9.6662830840046,1,9.79150009155273,0,0,1,1,0
7974,0,52,26.3028111129377,0,20.7915000915527,1,0,0,1,0
7975,0,43,10.7403145377829,0,18.3334999084473,0,1,0,1,0
7976,0,45,21.0136588782709,0,16.5,1,0,0,1,0
7977,0,38,23.6050868962261,0,17.3330001831055,0,1,0,1,0
7978,1,43,28.1933256616801,0,17.8330001831055,0,1,0,0,0
7979,0,57,10.3567318757192,0,19.8334999084473,0,1,0,0,0
7980,0,30,17.7392228025139,0,10.5830001831055,0,1,0,0,0
7981,1,47,17.2612197928654,0,24.5,0,1,0,0,0
7982,1,50,32.2209436133487,0,33.3330001831055,0,1,0,0,0
7983,0,59,6.32911392405063,0,21.1669998168945,0,1,0,1,0
7984,0,44,26.3904871499808,0,11.5415000915527,0,1,0,1,0
7985,1,50,30.5235903337169,0,8.45849990844727,1,0,0,1,0
7986,0,36,37.4815058359362,0,9.62450015544891,1,0,0,1,0
7987,1,29,14.3843498273878,0,1,1,0,0,0,0
7988,0,52,28.7623066104079,0,7.375,1,0,0,1,0
7989,0,36,31.5633733355252,0,18.1669998168945,1,0,0,0,0
7990,1,47,30.4948216340621,0,20.4169998168945,0,1,0,1,0
7991,0,46,23.0149597238205,0,12.5415000915527,0,1,0,1,0
7992,1,47,38.6651323360184,0,24.4169998168945,1,0,0,0,0
7993,0,44,10.4602991944764,0,21.0830001831055,0,1,0,0,0
7994,0,37,30.686612965094,0,5.25,1,0,0,0,0
7995,0,47,8.63060989643268,0,19.7914999723434,0,1,0,0,0
7996,0,48,14.0678941311853,0,15,0,1,0,1,0
7997,0,53,15.1414208709345,0,28.0830001831055,0,1,0,0,0
7998,0,45,22.0560030686613,0,6.00049996376038,1,0,0,1,0
7999,0,50,16.1104718066743,0,10.3334999084473,0,1,0,1,0
8000,0,53,14.6094961725121,0,5.125,0,1,0,1,0
8001,0,55,11.5074798619102,0,18.6669998168945,0,0,1,0,1
8002,1,62,28.9873417721519,0,37.1669998168945,1,0,0,1,0
8003,0,45,13.3244503664224,0,14.5830001831055,0,1,0,0,0
8004,0,30,14.3843498273878,0,6.74950003623962,1,0,0,1,0
8005,1,51,12.6582278481013,0,29.1669998168945,0,1,0,0,0
8006,1,46,11.1786947229985,0,20.7914999723434,0,1,0,1,0
8007,1,41,10.6855170146309,0,13.125,1,0,0,1,0
8008,1,55,25.0922073706884,0,33.1669998168945,1,0,0,1,0
8009,0,45,20.4577419767293,0,25.8745001852512,0,1,0,0,0
8010,0,41,11.5074798619102,0,8.25049996376038,0,1,0,1,1
8011,1,24,5.23590333716916,0,2.66700005531311,0,1,0,1,1
8012,0,32,12.6582278481013,0,2.83299994468689,1,0,0,0,0
8013,0,48,29.5906625020549,0,28.5830001831055,0,1,0,0,0
8014,0,49,17.2612197928654,1,10.5,0,1,0,1,0
8015,0,58,19.5627157652474,0,25.6669998168945,1,0,0,1,0
8016,1,57,15.8803222094361,0,29.1665000915527,0,1,0,1,0
8017,0,26,15.6789413118527,0,4.75,0,1,0,0,0
8018,0,48,26.4672036823936,0,30.208499789238,0,1,0,0,0
8019,1,34,12.1595703874185,0,15.375,0,1,0,1,0
8020,0,46,10.3567318757192,0,11.5415000915527,1,0,0,1,1
8021,0,59,37.3993095512083,0,38.1669998168945,0,1,0,0,0
8022,1,54,54.5091151353643,0,36.5,0,1,0,0,0
8023,1,63,9.20598388952819,1,13.9165000915527,1,0,0,1,0
8024,0,48,8.43881856540084,0,3.70849990844727,0,1,0,1,0
8025,1,43,17.2612197928654,0,11.6669998168945,0,1,0,0,0
8026,0,24,3.23647871116226,0,2.29150009155273,0,1,0,1,1
8027,1,54,5.28343423225096,0,31.8330001831055,1,0,0,1,0
8028,0,19,9.74299961641734,0,0.25,0,0,1,1,1
8029,0,47,64.4418872266974,0,16.6669998168945,1,0,0,0,0
8030,1,60,10.0230149597238,0,23.6665000915527,0,1,0,0,0
8031,0,51,10.6222891033018,0,28,0,1,0,0,0
8032,0,55,18.1697050451214,0,35.5415001809597,1,0,0,1,0
8033,1,50,39.5385205511788,0,19,1,0,0,1,0
8034,1,59,9.41521079610838,0,26.4584999084473,0,1,0,0,1
8035,1,43,13.9240506329114,0,23.6669998168945,0,1,0,0,0
8036,0,52,12.2746451860376,0,14.375,0,1,0,1,0
8037,1,31,10.9321058688147,0,9.25,0,1,0,1,0
8038,0,44,13.3807905371049,0,13.9995002746582,0,1,0,1,0
8039,0,51,37.3993095512083,0,25.0830001831055,1,0,0,0,0
8040,1,37,8.63060989643268,0,15.8330001831055,0,0,1,1,0
8041,1,33,10.2288709883647,0,9.16650009155273,0,1,0,1,0
8042,0,48,16.6219153560926,0,19.75,0,1,0,1,0
8043,0,35,17.7038151721696,0,12,0,1,0,0,0
8045,0,27,19.1791331031837,0,4.0835000872612,1,0,0,1,0
8046,1,51,18.4119677790564,0,29.5,1,0,0,0,0
8047,0,52,12.945914844649,0,6.83350002765656,0,1,0,1,0
8048,0,52,92.0598388952819,0,27.6669998168945,0,1,0,0,0
8049,1,26,19.1791331031837,0,2.08349990844727,1,0,0,1,0
8050,0,39,25.8918296892981,0,19.3330001831055,1,0,0,0,0
8051,0,55,9.20598388952819,0,30.7080001831055,0,1,0,1,0
8052,1,47,17.8365937859609,0,25.4169998168945,0,1,0,0,0
8053,0,24,20.3754315304948,0,2.04150000214577,0,1,0,1,0
8054,0,28,10.3567318757192,0,0.708500027656555,0,1,0,1,1
8055,0,45,3.45224395857307,0,16.125,1,0,0,1,0
8056,0,47,18.4119677790564,0,20.4169998168945,0,1,0,1,0
8057,0,61,35.1617440225035,0,25.5834999084473,1,0,0,1,0
8058,1,59,8.63060989643268,0,19.9584999084473,1,0,0,1,0
8059,1,61,14.3843498273878,0,42.4169998168945,0,1,0,1,0
8060,0,43,24.4533947065593,0,14,0,1,0,1,0
8061,0,59,10.7403145377829,0,41,1,0,0,1,0
8062,0,55,45.5504411200614,0,28.7504998445511,1,0,0,0,0
8063,0,49,11.5074798619102,0,22.375,1,0,0,1,0
8064,0,31,19.7065592635213,0,7.0004997253418,1,0,0,0,0
8065,0,49,11.5074798619102,0,29.25,0,0,1,1,0
8066,0,52,11.9677790563867,0,29.25,1,0,0,0,0
8067,0,50,5.83045646336786,1,11.2915000915527,0,1,0,1,0
8068,0,23,8.74568469505178,0,1.04199999570847,0,0,1,1,0
8069,0,35,12.2746451860376,0,7.16650009155273,0,0,1,0,0
8070,0,47,13.8089758342923,0,28,0,1,0,0,0
8071,1,24,17.7543975012329,0,3.125,1,0,0,1,0
8072,0,48,14.3210586881473,0,20.5830001831055,0,1,0,0,0
8073,0,61,22.8696020834595,0,35.5,0,1,0,0,0
8074,0,61,32.4569944823109,0,43.4169998168945,0,1,0,0,0
8075,0,23,16.1104718066743,0,0.833000004291534,1,0,0,1,1
8076,1,39,16.8776371308017,0,9.5,0,1,0,1,1
8077,1,36,11.3540467970848,0,8.58349990844727,1,0,0,0,1
8078,1,61,14.3843498273878,0,35.4169998168945,0,1,0,0,0
8079,0,29,23.6725300016439,0,3.83299994468689,0,0,1,0,1
8080,0,58,10.8499095840868,0,19.5419998168945,0,1,0,0,0
8081,1,27,8.63060989643268,0,4.54199999570847,0,1,0,1,0
8082,0,54,20.5466052934407,0,33.25,0,1,0,1,0
8083,0,51,14.8318629331288,0,30.2084999084473,0,1,0,1,0
8084,0,24,8.63060989643268,0,1,0,1,0,0,0
8085,0,53,11.795166858458,1,14.1665000915527,0,1,0,1,1
8086,0,19,5.39034583005269,0,0,0,0,1,1,1
8087,0,30,19.4741966893866,0,9.70849999785423,0,1,0,1,0
8088,0,27,21.8347053790092,0,3.25,1,0,0,1,0
8089,0,54,10.3567318757192,0,36.3330001831055,0,1,0,1,0
8090,1,48,12.6582278481013,0,12.2495002746582,0,1,0,1,1
8091,0,38,13.2220943613349,0,8.91699981689453,0,0,1,0,0
8092,1,48,52.3067266450466,0,28,1,0,0,0,0
8093,0,40,17.4743212717896,0,7.20849990844727,0,1,0,1,0
8094,0,47,34.5224395857307,0,27.25,1,0,0,0,0
8095,0,53,16.6858457997699,0,7.91700005531311,0,1,0,1,0
8096,0,45,24.741081703107,0,13.625,1,0,0,1,0
8097,0,46,33.6804288641275,0,21.1669998168945,1,0,0,0,0
8098,0,49,12.9827977929244,0,27.9169998168945,0,1,0,0,0
8099,0,55,16.0707908416333,0,26.5415000915527,0,1,0,0,0
8100,0,32,21.8036460541457,0,10.6669998168945,0,1,0,1,0
8101,1,25,10.0115074798619,0,1.75,0,1,0,1,0
8102,0,61,15.2474108170311,0,27.2504997253418,0,1,0,1,0
8103,0,32,12.2965641952984,0,3.58299994468689,0,1,0,0,1
8104,0,59,13.1997563121912,0,16.1665000915527,1,0,0,0,0
8105,0,54,14.3540669856459,0,34.0830001831055,0,1,0,1,0
8106,0,56,17.1757356567483,0,19.4995002746582,0,1,0,1,0
8107,0,58,6.90448791714615,0,7.16649997234345,0,1,0,0,0
8108,0,55,37.4815058359362,0,21.125,1,0,0,1,0
8109,1,62,4.31530494821634,0,35.208499815315,0,1,0,0,1
8110,1,63,16.9044879171462,0,34.0834999084473,0,1,0,1,0
8111,0,53,10.9704641350211,0,22.9580001831055,0,1,0,1,0
8112,0,42,20.1380897583429,0,15.5830001831055,1,0,0,0,0
8113,0,37,15.343306482547,0,2.91649997234345,1,0,0,1,0
8114,0,27,8.56370594374716,0,5.75,0,1,0,0,0
8115,0,53,16.1069310436399,0,31.5,0,1,0,0,0
8116,0,53,28.7686996547756,0,33.4169998168945,0,1,0,0,0
8117,0,31,10.3567318757192,0,11.5,0,0,1,0,1
8118,0,44,13.2336018411968,0,14.25,1,0,0,0,1
8119,0,33,20.7134637514384,0,7.66699981689453,1,0,0,0,0
8120,0,51,16.0011507479862,0,22.7504998445511,0,1,0,0,0
8121,0,49,18.8840695169809,0,26.1669998168945,0,1,0,1,0
8122,0,31,19.2828040929307,0,10.4169998168945,1,0,0,0,0
8123,0,57,23.0149597238205,0,36.25,0,1,0,1,0
8124,0,22,6.90448791714615,0,1.45850002765656,0,1,0,0,1
8125,0,64,30.686612965094,0,45.25,0,1,0,0,0
8126,0,28,14.7295742232451,0,3.25,0,1,0,0,0
8127,0,26,3.94131185270426,0,5.25,0,0,1,0,1
8128,0,52,23.0149597238205,0,15.125,1,0,0,1,0
8129,0,48,12.1979286536249,0,22.1665001809597,1,0,0,0,1
8130,1,45,10.0321619308961,0,25.5834999978542,0,1,0,0,0
8131,0,59,23.9739163789797,0,16.7084999084473,1,0,0,1,0
8132,0,20,4.6029919447641,0,0,0,0,1,1,1
8133,1,53,13.3486766398159,0,15.25,1,0,0,1,0
8134,0,42,38.9998953865467,0,3.75050008296967,1,0,0,1,0
8135,0,34,15.5506484620409,0,12.25,0,1,0,0,1
8136,0,40,12.6658995013425,0,6,1,0,0,0,1
8137,0,57,25.8918296892981,0,33.4169998168945,0,1,0,1,0
8138,0,40,20.5466052934407,0,11.1669999957085,1,0,0,1,0
8139,0,55,10.3567318757192,0,1.20850002765656,0,1,0,1,0
8140,0,32,19.6469168374077,0,10.25,1,0,0,0,0
8141,0,45,61.3716915995397,0,15.3330001831055,1,0,0,0,0
8142,1,43,10.126582278481,0,15.2080001831055,0,1,0,1,0
8143,0,53,24.7853412410375,0,33.8330001831055,0,1,0,0,0
8144,0,61,18.7753618799588,0,43.25,0,1,0,0,0
8145,0,56,21.0422488903502,0,19.3330001831055,0,1,0,1,0
8146,0,28,17.9005242296382,0,1.49949994683266,0,1,0,0,0
8147,0,21,1.32911392405063,1,3,0,0,1,0,1
8148,0,39,17.2612197928654,0,16.25,0,0,1,1,0
8149,0,48,0.920598388952819,1,22.1254998445511,0,0,1,0,1
8150,0,55,15.3624856156502,0,12.5415000915527,0,1,0,1,0
8151,1,37,11.5918680475643,0,10.3745002746582,0,1,0,1,0
8152,0,42,15.5044112006137,0,13.625,0,1,0,1,0
8153,0,48,19.4741966893866,0,18.125,0,1,0,1,0
8154,0,21,11.5074798619102,1,0.416500002145767,0,0,1,1,1
8155,0,47,18.7753618799588,0,11.1669998168945,0,1,0,1,0
8156,0,42,20.4577419767293,0,11.125,0,1,0,1,0
8157,0,56,20.253164556962,0,21.6665000915527,0,1,0,1,0
8158,0,61,24.4902776548346,0,43.5830001831055,0,1,0,0,0
8159,0,60,46.4672036823936,0,33.8330001831055,1,0,0,0,0
8160,0,53,24.2262733934953,0,30.3330001831055,1,0,0,0,0
8161,1,56,9.00871280618116,0,22.6254997253418,0,1,0,1,0
8162,0,43,14.9597238204833,0,19.666500210762,1,0,0,0,0
8163,0,48,39.4542166694066,0,22.6669998168945,1,0,0,0,0
8164,0,50,13.8089758342923,0,16.5,0,1,0,1,0
8165,0,28,18.9873417721519,0,4.33299994468689,1,0,0,1,1
8166,0,62,11.795166858458,0,6.83300018310547,0,1,0,0,0
8167,0,60,9.13829283151696,0,11.7504998445511,0,1,0,0,0
8168,0,38,18.4119677790564,0,3,1,0,0,1,0
8169,1,30,12.4159651141663,0,9.16699981689453,0,1,0,0,0
8170,1,18,5.87814511865145,0,0,0,0,1,0,1
8171,0,41,11.5074798619102,0,10.125,0,1,0,1,0
8172,0,26,40.7693572250534,0,7.91699981689453,0,1,0,0,0
8173,0,45,13.3244503664224,0,18.2914999723434,1,0,0,1,0
8174,0,25,5.75373993095512,0,1,0,1,0,0,1
8175,0,59,16.9583913754467,0,33.3330001831055,1,0,0,0,0
8176,0,61,23.0149597238205,0,26.2084999084473,0,1,0,1,0
8177,1,53,8.63060989643268,0,29.0830001831055,0,1,0,0,0
8178,0,31,16.5707710011508,0,13,1,0,0,1,0
8179,0,52,36.9390103567319,0,23.8334999084473,1,0,0,0,0
8180,0,62,37.9746835443038,0,41.3330001831055,1,0,0,0,0
8181,1,30,14.9597238204833,0,6.16699981689453,1,0,0,0,0
8182,0,50,63.7337346198106,0,28.4169998168945,1,0,0,0,0
8183,0,24,16.099512302044,0,1.58300000429153,1,0,0,1,1
8184,0,37,63.2911392405063,0,12.1669998168945,1,0,0,0,0
8185,0,35,18.7070313652592,0,9.49950015544891,1,0,0,1,0
8186,0,23,19.0781902973775,0,2.25,0,1,0,0,0
8187,0,40,16.8346010272531,0,18.3330001831055,0,1,0,0,0
8188,0,38,13.8418543481835,0,16.75,0,0,1,0,0
8189,0,35,23.6206165586579,0,11.25,0,1,0,1,0
8190,1,24,16.4392569455861,0,3.41700005531311,0,1,0,1,0
8191,0,42,13.8089758342923,0,18.5834999084473,1,0,0,1,0
8192,0,38,23.0149597238205,0,7.70800018310547,1,0,0,1,0
8193,0,41,14.9597238204833,0,12.7915000915527,0,1,0,1,0
8194,1,49,11.5074798619102,0,18.0004998445511,0,1,0,1,0
8195,0,39,18.1818181818182,0,15.8334999084473,0,1,0,1,0
8196,0,53,36.1277330264672,0,30,0,1,0,0,0
8197,0,56,12.5321935448518,0,31.6669998168945,0,1,0,1,0
8198,0,34,15.6172940983068,0,7.95849999785423,0,1,0,0,0
8199,1,29,21.0970464135021,0,4.54200005531311,1,0,0,1,0
8200,0,64,28.7686996547756,0,43,0,1,0,0,0
8201,0,32,26.7261219792865,0,8.91650000214577,0,1,0,1,0
8202,0,52,18.8722669735328,0,29.6669998168945,1,0,0,0,0
8203,0,35,15.343306482547,0,10.5,0,1,0,1,0
8204,0,36,27.6179516685846,0,2,1,0,0,0,1
8205,1,46,16.1104718066743,0,26.1669998168945,0,1,0,1,0
8206,0,49,16.4672036823936,0,13.625,0,1,0,1,0
8207,0,45,25.6452408351143,0,11.4165000915527,1,0,0,1,0
8208,0,43,85.5235903337169,0,18,1,0,0,0,0
8209,1,22,7.37054085155351,0,0,0,1,0,1,1
8210,0,61,3.28785138911721,0,21.9584999084473,1,0,0,1,0
8211,0,51,30.638665132336,0,17.0004997253418,0,1,0,0,0
8212,0,54,37.3215563088981,0,27.6669998168945,1,0,0,0,0
8213,0,27,28.7686996547756,0,3.79200005531311,1,0,0,0,0
8214,1,27,15.5350978135788,0,3.25,1,0,0,1,0
8215,0,22,9.78135788262371,0,5,0,1,0,1,0
8216,0,52,12.4280782508631,0,12.1665000915527,0,1,0,1,0
8217,0,33,27.6179516685846,0,6.54149999842048,1,0,0,0,0
8218,0,53,33.5369272078133,0,27.1669998168945,1,0,0,0,0
8219,0,64,57.5373993095512,0,42.8330001831055,0,1,0,0,0
8220,1,62,34.2462600690449,0,33.3330001831055,1,0,0,0,0
8221,0,23,18.4119677790564,0,2.41700005531311,0,1,0,0,0
8222,0,24,6.61680092059839,0,0.375,0,1,0,0,1
8223,1,51,28.5385500575374,0,12.25,0,1,0,1,0
8224,0,23,9.20598388952819,0,0.749499969184399,0,0,1,0,1
8225,1,49,13.2336018411968,0,23.8330001831055,0,1,0,0,0
8226,0,51,21.8036460541457,0,15.375,0,1,0,1,0
8227,0,49,18.905145487424,0,19.6669998168945,0,1,0,1,0
8228,0,46,21.8714039125432,0,16.2915000915527,0,1,0,1,0
8229,0,42,10.7019562715765,0,4.25,0,0,1,1,0
8230,1,47,17.9804372842348,0,25.5830001831055,0,1,0,1,0
8231,0,52,14.3843498273878,0,11.5,1,0,0,0,0
8232,0,53,24.1952140686318,0,19,0,1,0,1,0
8233,1,54,11.795166858458,0,29.6669998168945,0,1,0,0,0
8234,0,59,18.4119677790564,0,23.5004997253418,1,0,0,1,0
8235,0,55,29.5906625020549,0,29.5830001831055,1,0,0,0,0
8236,0,56,34.8420918041171,0,37.5,1,0,0,0,0
8237,0,64,65.7570277823442,0,43,0,1,0,0,0
8238,0,53,61.373225930188,0,35,1,0,0,0,0
8239,1,27,9.20598388952819,0,3.54149997234345,1,0,0,0,1
8240,1,50,16.6858457997699,0,26.1669998168945,0,1,0,0,0
8241,0,22,14.9597238204833,0,2.66700005531311,0,1,0,0,0
8242,1,61,10.9018230270729,0,32.75,0,1,0,1,0
8243,1,24,8.63060989643268,0,3.66700005531311,0,1,0,0,1
8244,0,64,5.75373993095512,1,20.8334999084473,0,1,0,1,0
8245,0,51,28.4028208078841,0,29.4169998168945,1,0,0,1,0
8246,1,58,11.5074798619102,0,24.0415000915527,1,0,0,0,0
8247,0,38,13.2336018411968,0,15.1669998168945,0,1,0,0,0
8248,0,41,2.30149597238205,1,1.33350002765656,0,0,1,1,0
8249,0,55,26.2436297879336,0,29.5,1,0,0,0,0
8250,0,62,21.3372902913209,0,20.3334999084473,0,1,0,1,0
8251,0,42,26.3028111129377,0,9.5,0,1,0,1,0
8252,0,54,9.20598388952819,0,18.375,0,1,0,1,0
8253,0,22,12.6582278481013,0,2.16650009155273,0,1,0,1,1
8254,1,59,6.90448791714615,1,19.375,0,1,0,1,0
8255,1,37,20.7134637514384,0,3.91650009155273,0,1,0,1,0
8256,1,63,14.5761411584196,0,30.374500181526,1,0,0,0,0
8257,0,37,15.7470777057719,0,8.83300018310547,0,1,0,0,0
8258,0,27,12.6582278481013,0,5.16699981689453,0,1,0,0,0
8259,1,30,19.1484464902186,0,9.33300018310547,0,1,0,0,0
8260,0,48,21.1979892193083,0,23.75,0,1,0,1,0
8261,0,62,31.4441887226697,0,28.9580001831055,1,0,0,1,1
8262,0,42,34.8334525549715,0,12.3330001831055,1,0,0,0,0
8263,0,46,14.3843498273878,0,9.54150009155273,0,1,0,1,0
8264,0,48,13.2336018411968,0,24.25,1,0,0,0,0
8265,0,48,15.5350978135788,0,14.0834999084473,0,1,0,1,0
8266,0,26,13.3244503664224,0,2.5,1,0,0,1,0
8267,0,39,9.9505855276518,0,6.75,0,1,0,1,0
8268,0,45,14.5761411584196,0,14.3754997253418,0,1,0,1,0
8269,0,26,21.8036460541457,0,2.75,1,0,0,0,0
8270,0,55,36.4403528960491,0,42.25,1,0,0,0,0
8271,0,40,11.9677790563867,0,0.5,0,0,1,1,0
8272,1,41,16.6858457997699,0,18,0,1,0,1,0
8273,0,23,15.1414208709345,0,1.5,0,1,0,1,1
8274,0,39,51.7836593785961,0,15.0830001831055,1,0,0,1,0
8275,0,51,32.4569944823109,0,27.8330001831055,1,0,0,0,0
8276,0,61,16.1104718066743,0,32.5830001831055,0,1,0,0,0
8277,0,46,19.1791331031837,0,25.9169998168945,0,1,0,1,0
8278,0,26,12.0404578765671,0,2.625,0,1,0,1,0
8279,0,54,30.686612965094,0,27.6669998168945,0,1,0,0,0
8280,0,50,17.0310701956272,0,29.4169998168945,0,1,0,0,0
8281,1,61,12.0828538550058,0,33.5,0,1,0,0,0
8282,0,44,10.126582278481,0,15.1245002746582,0,1,0,1,0
8283,0,25,8.63060989643268,0,1.54149997234345,0,1,0,0,0
8284,0,40,14.5761411584196,1,4.45849990844727,0,1,0,1,0
8285,0,54,18.5473498950789,0,7.04200005531311,1,0,0,1,0
8286,1,59,12.9113924050633,0,39.1669998168945,0,1,0,1,0
8287,0,46,21.341144471179,0,10.5,1,0,0,1,0
8288,0,61,15.5350978135788,0,43,0,0,1,1,0
8289,0,64,24.9876705572908,0,43.25,0,1,0,0,0
8290,1,41,38.3582662063675,0,19,0,1,0,0,0
8291,0,39,19.0855763563389,0,14.0830001831055,1,0,0,1,0
8292,0,46,16.1726744005225,0,24.8330001831055,0,0,1,0,0
8293,0,49,13.8089758342923,0,12.7084999084473,1,0,0,1,0
8294,1,40,13.8089758342923,0,13.916500210762,1,0,0,1,0
8295,0,30,9.44203475849046,0,4.875,1,0,0,1,1
8296,1,38,9.6662830840046,0,0.833500027656555,0,0,1,1,0
8297,0,59,29.2532251226455,0,23,0,1,0,1,0
8298,0,21,9.22899884925202,0,1.66649997234345,0,1,0,0,1
8299,0,46,31.3227988436386,0,17.4584999084473,1,0,0,1,0
8300,1,22,15.2474108170311,0,1.95799994468689,0,1,0,0,0
8301,1,38,9.78135788262371,0,4.49949991703033,0,1,0,1,0
8302,0,53,15.1689507270635,0,23.875,0,1,0,1,0
8303,0,48,16.7381525264149,0,16.8330001831055,0,1,0,1,0
8304,0,53,23.0149597238205,0,1.5,0,1,0,0,0
8305,1,48,17.8365937859609,0,29.3330001831055,1,0,0,0,0
8306,1,44,23.0149597238205,0,15.6669998168945,1,0,0,1,1
8307,0,45,9.20598388952819,0,7.91699981689453,0,0,1,1,0
8308,0,22,15.1898734177215,0,1.25050002336502,0,1,0,0,1
8309,0,57,62.2025938481635,0,29.0830001831055,1,0,0,0,0
8310,0,64,20.1380897583429,0,21.8334999084473,1,0,0,1,0
8311,0,28,12.8883774453395,0,1.66649997234345,1,0,0,1,1
8312,1,38,13.2336018411968,0,17.75,0,1,0,0,0
8313,0,56,18.7753618799588,0,33.4169998168945,0,1,0,0,0
8314,0,41,10.9321058688147,0,17.5414999723434,0,0,1,0,1
8315,0,45,11.5074798619102,0,24,0,1,0,0,0
8316,0,49,23.0149597238205,0,23.2915000915527,0,1,0,1,0
8317,0,31,13.3486766398159,0,5.16699981689453,0,1,0,0,1
8318,0,40,15.1414208709345,0,9.375,0,1,0,1,0
8319,1,36,9.97314921365554,0,1.83350002765656,0,0,1,1,0
8320,1,43,43.1530494821634,0,18.4169998168945,1,0,0,0,0
8321,0,57,23.6050868962261,0,33.25,0,1,0,1,0
8322,0,38,20.7134637514384,0,16.0830001831055,0,1,0,0,0
8323,0,42,15.1072556135847,0,14.7504997253418,0,1,0,0,0
8324,0,23,17.6093948245847,0,3.5,0,1,0,0,0
8325,1,39,11.9795815998348,0,12.4580001831055,0,1,0,0,1
8326,1,46,25.9655955858488,0,15,1,0,0,1,0
8327,1,47,30.686612965094,0,21.8330001831055,1,0,0,1,0
8328,0,22,9.86355416735164,0,0.208499997854233,0,1,0,1,0
8329,0,61,13.5404679708477,1,22.625,0,1,0,1,0
8330,0,54,20.1380897583429,0,29.5830001831055,1,0,0,0,0
8331,0,63,4.14269275028769,0,24.7915000915527,0,0,1,0,0
8332,0,59,24.741081703107,0,39.5,1,0,0,0,0
8333,0,40,17.8365937859609,0,5.79150009155273,1,0,0,1,0
8334,0,44,6.75105485232068,0,15.3334999084473,0,1,0,1,0
8335,1,21,5.8748712979226,0,0,0,0,1,1,1
8336,0,45,16.9850402761795,0,13.4165000915527,0,1,0,1,1
8337,0,22,4.31530494821634,0,3.49949994683266,0,0,1,0,1
8338,0,25,6.47295742232451,0,0,0,1,0,0,0
8339,1,61,9.75834292289989,0,33.5834999084473,0,1,0,1,0
8340,0,49,5.37015726889145,1,15.375,0,1,0,1,0
8341,0,62,11.1878276435238,0,42.25,0,0,1,0,0
8342,0,42,44.7398703894374,0,23.3330001831055,1,0,0,1,0
8343,0,44,4.96739547372459,1,8.45850002765656,0,0,1,1,1
8344,1,62,10.3567318757192,0,41.4169998168945,0,1,0,0,0
8345,1,48,31.6455696202532,0,22.7080001831055,1,0,0,1,0
8346,0,53,18.289221327196,0,10,1,0,0,1,0
8347,0,53,13.9270012687734,0,17.1669998168945,1,0,0,1,0
8348,0,61,16.7381525264149,0,36.8330001831055,1,0,0,1,0
8349,0,49,16.1726744005225,0,28,0,1,0,1,0
8350,0,41,16.5707710011508,0,6.25,1,0,0,0,0
8351,0,58,32.2209436133487,0,33.8330001831055,1,0,0,0,0
8352,0,46,65.7570277823442,0,23.1669998168945,1,0,0,0,0
8353,0,22,6.32911392405063,0,0,0,1,0,0,1
8354,0,62,50.6329113924051,0,42.5,1,0,0,0,0
8355,0,28,18.4119677790564,0,6.58300018310547,0,1,0,1,0
8356,0,48,9.97314921365554,0,11.625,0,1,0,1,0
8357,1,47,8.63060989643268,0,13.1245002746582,0,1,0,0,0
8358,1,24,6.08079462176731,0,0.125,0,1,0,0,1
8359,0,42,8.63060989643268,1,22.1665000021458,0,0,1,0,0
8360,0,54,15.7966314468041,0,29.5,1,0,0,0,0
8361,0,47,10.0690448791715,0,22,0,1,0,1,0
8362,0,40,10.1419255849636,0,8.5,0,1,0,1,0
8363,0,22,6.39240506329114,0,0,0,0,1,0,1
8364,0,40,17.2612197928654,0,20.5,0,1,0,0,0
8365,0,58,15.343306482547,0,22.8334999084473,0,0,1,1,0
8366,0,53,17.2612197928654,0,14.625,0,1,0,1,0
8367,0,52,34.193654446819,0,26.4169998168945,1,0,0,0,0
8368,0,47,9.41521079610838,0,14.0415000915527,0,1,0,1,0
8369,0,22,2.30149597238205,1,1.41649997234345,0,1,0,1,1
8370,1,19,5.17836593785961,0,0,0,0,1,0,1
8371,1,41,32.8785138911721,0,15.1669998168945,1,0,0,0,0
8372,0,19,4.08515535097814,0,0,0,0,1,0,1
8373,1,58,24.2935685973661,0,32.625,1,0,0,1,0
